Date,Close,High,Low,Open,Volume,MA5,MA20,Return,Volatility,Target
2015-01-29,197.96499633789065,199.05130914446687,193.1724231103437,193.215022497366,36117653,191.53017883300782,186.26900177001954,0.024866320932455332,0.0170572100893712,0
2015-01-30,194.95101928710935,198.3590700405331,193.6197456846964,198.0928096325485,21746801,192.87209777832032,186.56028442382814,-0.015224797850812877,0.016543217544036495,0
2015-02-02,193.41737365722656,195.9414582996459,192.91681666722144,195.12139170498207,19302710,193.77309875488282,186.7999122619629,-0.007866825397943367,0.017099755524520588,1
2015-02-03,199.7116241455078,200.40387838973308,194.5143426249075,194.5143426249075,17092333,195.841357421875,187.45755996704102,0.03254232217750963,0.01922714673014041,0
2015-02-04,197.8372039794922,201.0322434123996,197.21949863079743,200.0311293505048,14072894,196.7764434814453,188.44483032226563,-0.009385633780885638,0.018410979524940467,0
2015-02-05,196.7508850097656,200.20152066477243,195.45156105170452,199.37081840060588,12365643,196.53362121582032,189.1839500427246,-0.005490974133657844,0.01859435393756174,0
2015-02-06,193.81146240234372,198.0928149910071,192.34174074177508,196.83610450633915,9045844,196.3057098388672,189.90656509399415,-0.014939818986206777,0.01712309241435618,0
2015-02-09,190.9998321533203,195.5367956631928,189.99871793914065,191.95834697274825,8839692,195.82220153808595,190.2942321777344,-0.014507037995444172,0.017994344944271202,0
2015-02-10,187.86866760253903,192.66122687571948,183.4595028337096,191.27671828360917,13651008,193.4536102294922,190.63184280395507,-0.01639354608577781,0.018822102671519292,1
2015-02-11,191.8518218994141,192.71448796110397,188.08166223629144,188.72066728777244,9781008,192.25653381347655,191.2447593688965,0.021201802023219418,0.018969197157839162,1
2015-02-12,193.65164184570312,194.67405536801783,188.986881927486,193.40669541913348,8709626,191.63668518066407,192.0349983215332,0.009381302342975184,0.017217792777686338,1
2015-02-13,195.4302673339844,196.1331714588112,193.63038630553888,194.68474960215636,7393680,191.9604461669922,192.60211944580078,0.009184665161261263,0.016872153613086242,0
2015-02-16,192.29913330078125,196.85739596168185,191.70271340822947,195.68587009015613,12266698,192.22030639648438,192.95463943481445,-0.016021745638059914,0.017500040285423245,0
2015-02-18,192.05416870117188,193.40674195129372,190.5098982015268,191.7027095249581,9835036,193.05740661621093,193.18894271850587,-0.0012738726140082424,0.013142708525812475,1
2015-02-19,192.1393585205078,193.32153416038068,189.05081766521656,193.18307193453717,9550637,193.1149139404297,193.17829208374025,0.00044357183138510337,0.013047799774877909,0
2015-02-20,185.97293090820312,190.85070299548755,185.58952219951283,190.6909410725933,18717199,191.57917175292968,192.81991424560547,-0.032093516184225845,0.0160211438205735,0
2015-02-23,181.3614196777344,186.75039865082317,180.4348545538407,185.3019768066479,14104463,188.7654022216797,192.47591400146484,-0.024796679860602855,0.016943020434589708,0
2015-02-24,179.23138427734375,182.50098692120213,178.28353365136033,181.9578304915636,19946218,186.1518524169922,191.99186477661132,-0.01174469963995406,0.016819815072304074,1
2015-02-25,179.59349060058594,182.437085092006,179.14618280312914,180.7969659805008,15274116,183.659716796875,191.50302276611328,0.0020203287761357824,0.01658757591865521,0
2015-02-26,179.34852600097656,181.0525440230303,178.19829997280607,180.2218275946993,21459750,181.10155029296874,190.81236038208007,-0.001363994868578966,0.01406544931944143,1
2015-02-27,182.23471069335935,183.39558660147352,179.90233746829074,180.53069262153383,18659378,180.35390625,190.0258460998535,0.01609260336138507,0.015040445709615272,1
2015-03-02,184.0878448486328,186.48413142281305,182.23471466876623,185.09960871120293,14579511,180.8991912841797,189.4826873779297,0.010168941735757997,0.015153330684826305,1
2015-03-03,191.87315368652344,193.07661506029157,184.75885549633483,185.0996506641236,20636925,183.42754516601562,189.40547637939454,0.04229127047628878,0.02092710380249985,0
2015-03-04,189.11471557617188,193.75819089585264,187.45329684510716,192.9807236541101,14476047,185.3317901611328,188.87563095092773,-0.014376363015631721,0.0214183504605464,0
2015-03-05,188.4970245361328,191.43646774219923,187.04860262798036,190.1051941558906,10716702,187.16148986816407,188.40862197875975,-0.003266224091325487,0.02141623305349973,0
2015-03-09,185.23806762695312,189.9454422799333,184.0665559966888,188.5289699451565,14065391,187.7621612548828,187.83298110961914,-0.017289168978659286,0.01950907812507933,0
2015-03-10,183.00157165527344,186.5480708648996,182.20280455146963,185.08899891153905,15234060,187.54490661621094,187.29248657226563,-0.012073630438553917,0.01809207237755875,0
2015-03-11,182.31993103027344,185.22741029401843,181.5637634716364,183.384944145428,11635873,185.63426208496094,186.85849151611328,-0.00372478016901423,0.017634044358593483,1
2015-03-12,183.99200439453125,184.7588218197999,182.24537260294952,182.75659369896488,11782380,184.6097198486328,186.6646583557129,0.009171094760781706,0.017786142586570797,0
2015-03-13,181.07388305664065,185.22743766322327,180.4135782401792,185.09963948302223,12936157,183.12509155273438,186.12576141357422,-0.015860044285583852,0.01870856848198993,0
2015-03-16,179.36985778808594,181.8939428440744,178.98644904342495,181.3720860761698,13839990,181.95144958496093,185.41167221069335,-0.00941066287302017,0.0181702778841204,1
2015-03-17,182.5116271972656,183.1612820655576,179.13552625773318,181.16970385507284,19070082,181.85346069335938,184.76574020385743,0.017515592909102207,0.018828276356868786,1
2015-03-18,185.02508544921875,185.79190294682004,182.05369252883625,182.54359975820492,9269885,182.39449157714844,184.40203781127929,0.013771496592030807,0.012781246379815508,0
2015-03-19,182.36253356933597,186.7397344201508,181.92587562519967,186.4947879400584,13934612,182.06859741210937,183.9174560546875,-0.014390221052558494,0.012782550823475972,0
2015-03-20,181.92588806152344,183.42755924187512,180.7543621595169,182.7352907046087,10405717,182.23899841308594,183.4067825317383,-0.002394381670764112,0.012787716433066079,0
2015-03-23,179.33787536621094,184.0345854163035,178.51780878752285,182.43706586163785,13251683,182.23260192871095,183.07502975463868,-0.014225642776234726,0.012452120542043442,1
2015-03-24,180.6158905029297,181.9684636386346,179.36983004892656,179.36983004892656,9238431,181.85345458984375,183.03775329589843,0.0071262979675041915,0.01240551165237543,0
2015-03-25,179.96624755859375,180.94606192000597,179.1355310551669,180.83956345001644,10264941,180.84168701171876,183.07449645996093,-0.003596820537367984,0.012402732007501123,0
2015-03-26,176.64340209960938,180.89281917340105,175.53578953448115,179.1568371752872,20621346,179.69786071777344,182.9269920349121,-0.018463714746858373,0.012896755896670324,0
2015-03-27,172.89453125,177.85750159828535,170.7112417593363,177.62319077108478,23326922,177.89158935546874,182.6042922973633,-0.021222818429954105,0.013540485875377112,0
2015-03-30,172.6921844482422,174.17255580025198,169.64624297036656,173.938259172148,17330588,176.562451171875,182.1271659851074,-0.0011703481902803903,0.013460905913312008,1
2015-03-31,175.94052124023438,177.41024302959397,174.236488558727,174.236488558727,20235395,175.62737731933595,181.7197998046875,0.018809981484516847,0.013691876426366503,1
2015-04-01,178.08114624023438,178.70950135597803,173.19272487103203,175.70615955275932,14588531,175.25035705566407,181.03019943237305,0.012166753769457861,0.013473635522560095,0
2015-04-06,175.6529541015625,178.49654892780455,174.96069973902047,178.07054077441094,12334096,175.0522674560547,180.35711135864258,-0.013635312833151891,0.013409270447748594,1
2015-04-07,177.39955139160156,178.0918056186698,175.95112964102103,175.95112964102103,21275454,175.953271484375,179.802237701416,0.00994345525796958,0.014089088010777072,1
2015-04-08,184.43934631347656,185.20614966186076,177.41024689596256,177.53804508423374,24821205,178.30270385742188,179.76230163574218,0.03968327352945189,0.018648657703686043,1
2015-04-09,190.65896606445312,191.4896824525266,182.92696493556613,184.35408689151828,27276420,181.24639282226562,180.14517135620116,0.033721762060496374,0.021050023130379368,1
2015-04-10,192.62924194335935,193.5771066202593,189.38095378797405,190.62701413569496,25323219,184.15601196289063,180.66063690185547,0.010334032118060277,0.020831855482225187,1
2015-04-13,196.49526977539065,196.97452708581852,191.4364505090701,193.1511184488768,20177342,188.32447509765626,181.28580017089843,0.020069786876740547,0.01908560772098053,1
2015-04-15,196.7402191162109,200.1376052604348,193.23632029456007,196.17574884773205,22231264,192.19260864257814,182.06911697387696,0.001246591539329378,0.015953107722197102,1
2015-04-16,197.7413482666016,199.7968255520395,195.7497700612804,196.92128163426204,20177302,194.85300903320314,182.98769149780273,0.005088584097791005,0.01544497244608139,0
2015-04-17,197.421875,201.13877170915472,196.5166094274783,199.1684928344039,23958678,196.2055908203125,183.73320388793945,-0.0016156118555986643,0.016039577002677708,0
2015-04-20,188.64610290527344,199.67965652585823,187.12313222242497,199.64770698683893,37628162,195.40896301269532,183.91425476074218,-0.0444518728977048,0.02391581970455682,0
2015-04-21,186.6864776611328,190.7441971583434,185.8344757198747,189.60462092323263,17707007,193.44720458984375,184.13045196533204,-0.010387838465577115,0.023639442480252414,1
2015-04-22,187.38938903808597,188.8804101535762,184.67359296053945,187.84734664074568,14761313,191.57703857421876,184.40362701416015,0.003765197060651815,0.023616198940599728,0
2015-04-23,186.81430053710935,189.44488387194735,185.11026812132016,188.2627224030284,13337818,189.39162902832032,184.77744827270507,-0.0030689491220857734,0.020446844602800402,1
2015-04-24,187.2083282470703,188.39050382970512,185.0250529044277,186.80363409209505,12709854,187.3489196777344,185.1070701599121,0.0021091945789379896,0.01707164214608408,0
2015-04-27,186.4415283203125,189.04016192770885,185.62146171252095,187.453292162716,11042925,186.9080047607422,185.43083419799805,-0.004095971231289575,0.01654396876473005,0
2015-04-28,184.2902069091797,187.86865490589847,182.8737346520141,186.31373464262947,14687371,186.42875061035156,185.81317443847655,-0.011538853122018855,0.01451296630241731,0
2015-04-29,181.05255126953125,185.42976613438847,180.49874503472927,183.60858551429183,16387960,185.16138305664063,186.22107543945313,-0.017568245724766007,0.014645621814270498,1
2015-04-30,183.68313598632807,184.43930352903837,180.6158948667861,181.0525527941781,34802149,184.53515014648437,186.77062301635743,0.014529398775942726,0.01585044490807286,1
2015-05-04,189.7750244140625,190.4033795507728,183.28908331542615,184.50319420457845,15078502,185.04848937988282,187.46234817504882,0.03316520264651768,0.02038674352095248,1
2015-05-05,190.03065490722656,192.08613244297527,188.52898368535145,190.36081441345635,17846755,185.7663146972656,188.05982360839843,0.0013470186287860564,0.01453176047894061,0
2015-05-06,187.4959259033203,191.01047537978988,185.73864405570748,189.5727032004947,22438208,186.40745849609374,188.65197219848633,-0.013338526908428072,0.014812004467397426,0
2015-05-07,185.47239685058597,187.112516139119,183.1826083805917,186.37766239032217,16735535,187.2914276123047,189.05561447143555,-0.010792389450519302,0.015169827035423718,1
2015-05-08,191.89642333984372,192.76995821202655,185.72778790218808,187.86308256939228,17104443,188.9340850830078,189.4284683227539,0.034636024542416655,0.018823603118425767,1
2015-05-11,193.24447631835935,193.99937253637208,190.53759940455888,192.5758379104612,14214007,189.6279754638672,189.55774383544923,0.0070248989275232265,0.018866381726651338,0
2015-05-12,187.36700439453125,193.0179922461284,186.6013241708603,193.0179922461284,16650201,189.09524536132812,189.2946319580078,-0.03041469560115806,0.021649008212702704,1
2015-05-13,190.9042816162109,191.66997630196155,184.8866219879941,188.36996337123963,16701434,189.77691650390622,189.01508255004882,0.01887886948457229,0.021873298879746803,0
2015-05-14,189.41603088378903,191.14153262634505,187.71211159101856,191.0983821246725,12329713,190.56564331054685,188.64887313842775,-0.007795795462638311,0.021016718111008074,0
2015-05-15,188.49937438964844,191.3033077381425,187.6689899301933,190.21409223822505,8331715,189.8862335205078,188.18677444458007,-0.004839381808728671,0.020904862388597966,1
2015-05-18,192.29544067382807,192.82387231128985,188.12190770062077,188.7042594645685,9847540,189.69642639160156,187.9304527282715,0.02013834951161564,0.01913224990699149,1
2015-05-19,193.15821838378903,195.14253690631463,191.22781999525608,192.23076328331737,14513036,190.8546691894531,188.15605850219725,0.004486729934613631,0.01915549233019704,1
2015-05-20,196.0268402099609,196.490567757141,193.6219302602409,194.20429649932248,8708891,191.8791809082031,188.62307662963866,0.014851150782889011,0.018750340627253337,0
2015-05-21,193.41700744628903,197.43956405172872,192.84543970957185,196.54446115929147,10759523,192.6793762207031,188.9244575500488,-0.013313650114833875,0.018995913636397608,1
2015-05-22,194.94839477539065,195.3258500817103,193.47094002587505,193.47094002587505,8349048,193.96918029785155,189.3311622619629,0.00791754225401764,0.015890297089253658,0
2015-05-25,192.9317321777344,195.8435056913825,192.4680046449134,194.11800387682104,6617337,194.0964385986328,189.6173324584961,-0.010344597091859864,0.016189271105840237,0
2015-05-26,190.79644775390625,193.25527789507237,190.3866403307286,193.0395829575526,9510249,193.62408447265625,189.83507843017577,-0.011067564675473207,0.012997964253777911,1
2015-05-27,190.9474334716797,192.15528774633188,189.8474338700129,191.0984098567985,8078236,192.608203125,190.16793975830078,0.0007913444906908484,0.011549099668227127,0
2015-05-28,188.8983917236328,192.87781265868432,188.0787769193217,191.0660386272173,26538868,191.70447998046876,190.56023178100585,-0.010730920603605698,0.011806005280378952,1
2015-05-29,189.1572265625,191.19546518996947,188.31604368840487,189.7827145057992,29277517,190.54624633789064,190.83393630981445,0.0013702331528893108,0.011698335746011854,1
2015-06-01,194.60330200195312,195.17488420406747,189.372905153844,189.8042806131137,19594976,190.88056030273438,191.075350189209,0.028791262900303094,0.013500876282987663,0
2015-06-02,193.82681274414065,198.17289006121345,192.27386992940453,195.3581875085844,20178960,191.48663330078125,191.2651580810547,-0.003990113476104784,0.013542878664362969,0
2015-06-03,193.3307647705078,196.37194674588665,191.6376293522947,193.90233259451733,15546279,191.9632995605469,191.55690002441406,-0.0025592329905751443,0.012566497349258644,1
2015-06-04,196.85723876953125,197.61213503722428,192.51114642376737,195.02389663700612,15931395,193.55506896972656,192.12614212036132,0.018240625092491136,0.013165818837509441,0
2015-06-05,195.7895965576172,197.77391511708967,195.07782197986305,196.2533241164874,13066337,194.88154296875,192.32080078125,-0.005423433847733694,0.01315768229580118,0
2015-06-08,190.9797515869141,196.27486652870832,190.4728879862644,195.5846600951228,10846953,194.1568328857422,192.20756454467772,-0.02456639706741337,0.015088020184189312,0
2015-06-09,190.6023101806641,192.1013185295186,189.23269574065048,190.5699437060814,9153355,193.51193237304688,192.36932983398438,-0.0019763425342933516,0.01467655527613922,1
2015-06-10,195.3690185546875,196.25333762530144,190.8827334330689,191.09841398790115,13509379,193.91958312988282,192.5925666809082,0.025008660018366102,0.0166834151430886,0
2015-06-11,189.18955993652344,196.1670260564273,188.4346493502279,195.4121154701317,14676438,192.38604736328125,192.58124313354492,-0.031629675287713654,0.019572190872783966,1
2015-06-12,191.92877197265625,192.5434758206847,189.42680608088116,189.58858086039223,21543824,191.61388244628907,192.75271301269532,0.014478663817664605,0.02008218013347675,1
2015-06-15,194.4954833984375,195.1964739970354,191.9611648911316,193.01802840499525,12858570,192.31702880859376,192.8627151489258,0.013373249874942816,0.018276493922216225,1
2015-06-16,194.96994018554688,195.1964191021972,192.6513172829117,193.90229294420087,13929305,193.1905548095703,192.95330123901368,0.00243942316201462,0.018229824843549184,1
2015-06-17,200.84744262695312,203.25235255860252,192.8238964356236,195.2072383139802,26232634,194.28623962402344,193.19433135986327,0.030145685205692718,0.02037940524204219,1
2015-06-18,211.1464691162109,211.80430911799476,201.12782073185448,201.1386047581477,49366799,198.67762145996093,194.0808044433594,0.05127785723608547,0.025078849508339378,1
2015-06-19,214.9641265869141,217.06706927613607,211.91216080142695,211.91216080142695,45710935,203.2846923828125,195.08159103393555,0.018080612414134167,0.024852967184773495,0
2015-06-22,213.896484375,217.56315413711965,212.7749024354501,215.02883594305328,19394187,207.164892578125,196.12982864379882,-0.004966606423432385,0.02251661503528725,1
2015-06-23,214.60826110839844,216.2690444964772,213.7455101337003,214.10139743039585,16007498,211.09255676269532,197.32041931152344,0.003327669154910229,0.0222212038276068,0
2015-06-24,213.7239227294922,217.07785568160645,212.8072517016048,214.60824167859997,18603004,213.66785278320313,198.45924377441406,-0.004120709866147987,0.022258039710448613,1
2015-06-25,216.6680603027344,217.6278674888944,212.4513906180649,212.882766090284,27175118,214.7721710205078,199.84772720336915,0.01377542361960371,0.01700589561478023,0
2015-06-26,215.83767700195312,218.7278682049939,214.6945269551365,215.66511817339412,20966796,214.94688110351564,201.1817497253418,-0.003832513659932313,0.017885525562936856,0
2015-06-29,213.713134765625,214.36020512509336,209.6474417573692,213.07686283011645,20168946,214.91021118164062,202.1372413635254,-0.009843240836533318,0.019142877425209457,1
2015-06-30,215.70823669433597,216.30137252426832,213.09843040389427,213.508237791198,23184864,215.1302062988281,203.23131256103517,0.009335420262769345,0.018978635146653922,1
2015-07-01,216.90528869628903,217.94058390533095,215.9023455626611,215.9023455626611,14824266,215.7664794921875,204.41003875732423,0.0055494033065104365,0.017672326300423476,1
2015-07-02,218.02687072753903,219.9464849224223,217.218039992154,217.6278473727771,15931202,216.03824157714843,205.4685203552246,0.005170837640664727,0.008945400657045497,0
2015-07-03,217.23960876464844,218.6631433767422,216.34450581940408,217.78960848329172,13831096,216.3186279296875,206.54102096557617,-0.003610848333801986,0.00745468628165359,1
2015-07-06,219.04058837890625,219.7631324779175,214.65136046419684,214.84548731911013,12237733,217.38411865234374,207.94406280517578,0.008290291188145726,0.007438963883199091,0
2015-07-07,216.38766479492188,219.2670718116633,215.68667428837105,218.0592320681065,11294999,217.52000427246094,209.23333053588868,-0.012111561622521028,0.008718182674600873,0
2015-07-08,214.9533233642578,217.5631294469673,213.88567607578105,214.79154858868128,15190654,217.12961120605468,210.2125457763672,-0.006628572992011472,0.008911315865255216,0
2015-07-09,212.96902465820312,215.9023661630061,212.05235363821487,214.8239203526148,16245867,216.1180419921875,211.40151901245116,-0.009231300428382383,0.008064126074951394,1
2015-07-10,216.07492065429688,216.5494322256614,213.58373850410788,213.7670669574921,16110573,215.88510437011718,212.60882644653321,0.014583792178597177,0.009496464799251748,1
2015-07-13,217.1964874267578,218.38277354976591,214.64060112592944,216.07491986142963,9860248,215.5162841796875,213.7438766479492,0.0051906383631414865,0.00891050767836618,0
2015-07-14,215.212158203125,218.16706773981207,214.6513744484258,217.60628398511287,9942927,215.28118286132812,214.75598754882813,-0.00913610181795399,0.00905458551830251,1
2015-07-15,218.09158325195312,218.792559357728,215.5896171666552,215.6327532717552,13532911,215.9088348388672,215.61819458007812,0.013379472019003691,0.009904997802746262,1
2015-07-16,220.79844665527344,221.68276560890183,218.0915840607122,218.2749125080673,14854295,217.47471923828124,216.10079345703124,0.012411590410589923,0.010522509028767897,0
2015-07-17,220.3670654296875,222.405303941404,219.5690331053919,221.1327600737845,10195142,218.33314819335936,216.3709403991699,-0.0019537330634370464,0.010449130604709787,1
2015-07-20,221.02490234375,222.14646975826776,219.54744770039383,221.68274227762916,6348354,219.0988311767578,216.72736129760742,0.002985187068583972,0.010196536787393306,0
2015-07-21,217.36903381347656,221.8229664329722,216.27981831821407,221.725910192426,7923338,219.53020629882812,216.86539993286132,-0.01654052774826087,0.010898865774125365,1
2015-07-22,226.55728149414065,227.32296173340805,216.67882577991844,216.76509798739664,17309440,221.2233459472656,217.50706787109374,0.042270269685922734,0.01674417160101938,0
2015-07-23,225.4573211669922,230.3210472884564,224.57300209112563,227.2259449208244,18642915,222.15512084960938,217.94653091430663,-0.0048551091357305065,0.016372464633044363,0
2015-07-24,221.0896148681641,226.3954994366621,220.2376480508804,226.0396265922432,13099664,222.29963073730468,218.2091278076172,-0.019372652332691476,0.017813852659699505,0
2015-07-27,216.8405914306641,222.13570667000928,216.06412714662065,221.05727525456635,20118553,221.4627685546875,218.36550064086913,-0.019218557325877517,0.019025842000698727,1
2015-07-28,217.8974609375,219.2886290599416,215.7082317130556,217.47686953387185,13382878,221.56845397949218,218.47496185302734,0.004873946800564077,0.018792987297768224,0
2015-07-29,214.8239288330078,218.42590889815096,213.98276036088097,217.73570240042204,14790821,219.22178344726564,218.3708938598633,-0.014105405777875335,0.01885572352780556,1
2015-07-30,215.71902465820312,217.41217436851056,214.02588934579452,215.7082406319693,11701228,217.2741241455078,218.2555015563965,0.004166648613391333,0.018360860218875327,1
2015-07-31,216.0857086181641,217.3906190626676,213.5298222613875,215.68668522621672,16634259,216.27334289550782,218.19780654907225,0.001699822074302304,0.018402056296721314,1
2015-08-03,216.2151031494141,218.67393310756037,215.55726315463895,215.90236639024332,9887787,216.14824523925782,218.05653228759766,0.0005988111480275116,0.018348363188590105,0
2015-08-04,213.0984649658203,216.9053419574905,211.3729773263553,216.42004630921895,12006872,215.18844604492188,217.89207229614257,-0.014414525804148148,0.0181732668982911,0
2015-08-05,213.0445098876953,215.8592270656382,212.2572471926252,213.1523501478697,14345010,214.8325622558594,217.79663162231446,-0.0002531931805968002,0.009711127941090913,0
2015-08-06,211.1464691162109,213.96118636612832,210.83373235370829,213.7454914423655,8708037,213.91805114746094,217.70550384521485,-0.00890912782725517,0.00973852095954267,1
2015-08-07,212.31118774414065,214.3925624161517,210.7582303619759,211.1572537338405,8608888,213.16314697265625,217.51731719970704,0.005516164361188958,0.009249381078605276,0
2015-08-10,208.97882080078125,213.27097841911092,208.02979769771665,212.34353776638304,9288894,211.71589050292968,217.1064338684082,-0.015695672841203656,0.008653417162953692,0
2015-08-11,208.3533172607422,210.00331634222695,206.6278156034868,209.43174859757792,8762464,210.76686096191406,216.76349182128905,-0.0029931432172992656,0.008134179502892119,0
2015-08-12,203.37098693847656,208.3533514752328,202.8641232630559,207.83570377263084,9650325,208.8321563720703,216.02746200561523,-0.023912891754108823,0.009841290608105235,0
2015-08-13,201.3111572265625,205.75430550029404,200.4591903804768,204.2552826991285,9340350,206.86509399414064,215.0530975341797,-0.010128434458240632,0.009318427728373548,1
2015-08-14,208.5582275390625,209.64744297335707,201.5160569096821,202.79939921210263,12739366,206.114501953125,214.46265563964843,0.035999347539112714,0.0164207378190612,0
2015-08-17,205.0533142089844,208.353326922886,204.05037100351117,208.353326922886,10857430,205.32940063476562,213.66407623291016,-0.01680544264033712,0.016863898421650352,0
2015-08-18,203.6298065185547,206.19647701410463,203.22001347977383,206.19647701410463,6630334,204.38469848632812,212.97711486816405,-0.006942134517167187,0.016571264013167858,1
2015-08-19,205.89450073242188,207.274884869613,202.62684003742564,203.6082152087451,8877298,204.8894012451172,211.94397583007813,0.011121624346585257,0.01726438397074217,0
2015-08-20,197.63368225097656,207.04841013731848,197.08368254879417,207.04841013731848,19008087,204.15390625,210.55279388427735,-0.04012160816369237,0.0208461017750707,0
2015-08-21,195.83274841308597,196.68471541034023,193.47097432082077,196.2749079535128,20050521,201.60881042480472,209.28995056152343,-0.009112484356809114,0.020426325913245395,0
2015-08-24,178.92286682128906,189.80426548060143,176.4316849009928,189.80426548060143,35635706,196.38272094726562,207.3940643310547,-0.08634858944086055,0.03224062307988959,1
2015-08-25,182.93463134765625,185.63072403270024,177.55325879855377,181.36012047613085,49504268,192.24368591308593,205.6459228515625,0.022421754120306003,0.03422622027827412,1
2015-08-26,184.06700134277344,188.68269380966996,181.1767961390344,182.8591473004552,18955515,187.87818603515626,204.1080764770508,0.006190025293598911,0.034422700563116554,1
2015-08-27,187.46408081054688,190.07388730409656,184.8542743169972,186.95721714946367,26997546,185.84426574707032,202.69532928466796,0.018455668006713166,0.035522194344889985,1
2015-08-28,188.16505432128903,190.4513254037068,186.80622386417951,188.7258380659934,10770215,184.31072692871095,201.2992965698242,0.003739241713459629,0.0325748668506543,0
2015-08-31,184.6062469482422,188.2621329485445,184.1533034086605,188.2621329485445,20708942,185.44740295410156,199.71885375976564,-0.018913221617496756,0.03263243099665628,0
2015-09-01,181.1444549560547,184.17485267267404,180.1199436824047,184.17485267267404,21645696,185.08936767578126,198.12115325927735,-0.018752301449246667,0.03272501974643642,1
2015-09-02,183.2366180419922,184.8650492135777,181.7375951865303,183.33367427908487,19652369,184.923291015625,196.6307586669922,0.011549694338946592,0.032757627414579105,1
2015-09-03,184.1640625,185.6523012434321,182.12582404681012,184.2071986028909,11659978,184.26328735351564,195.28163833618163,0.005061458063994939,0.03139598321211213,0
2015-09-04,180.29249572753903,183.26897343967389,177.96307400563813,183.26897343967389,16199949,182.6887756347656,193.68070373535156,-0.021022379284562964,0.031727260417243726,0
2015-09-07,179.71014404296875,182.0395657667677,178.5238723269235,180.79935952008472,10234633,181.70955505371094,192.21726989746094,-0.003230038400768187,0.015682142454876008,1
2015-09-08,183.0316925048828,183.96993151753745,177.96305654976982,180.314046094147,12900468,182.08700256347657,190.95118865966796,0.018482810080658885,0.015110801032851456,1
2015-09-09,188.5209503173828,189.52389364500385,183.4415295159344,185.7062472224497,17340694,183.14386901855468,190.20868682861328,0.029990750439864655,0.017801615523628602,0
2015-09-10,187.00035095214844,187.7552616199805,184.51995281168516,185.7062389471499,11074406,183.71112670898438,189.49314651489257,-0.008065943666602515,0.017129287298028706,0
2015-09-11,185.6954345703125,188.9630807028417,184.6709233461719,188.0787618110009,10634833,184.79171447753907,188.3500068664551,-0.006978149373472853,0.017196422298259153,1
2015-09-14,186.3209228515625,186.71994619609512,183.74346874732453,185.8679793791063,7964072,186.1138702392578,187.41338729858398,0.003368355730970718,0.016049820168360686,1
2015-09-15,187.00035095214844,187.6474213525472,184.5415208651718,185.92191948201648,11509788,186.90760192871093,186.58191452026367,0.003646547527714983,0.014465435925712344,1
2015-09-16,188.1974029541016,189.23269821735855,186.6121079821079,188.10034672277712,13424811,186.8428924560547,185.69705963134766,0.0064013355903245195,0.014228090595393221,1
2015-09-18,193.1258544921875,194.01015903348315,189.18956976826752,189.4699544478812,34261453,188.0679931640625,185.4716682434082,0.026187670290476195,0.01605768449309017,0
2015-09-21,189.39447021484372,191.57290113194648,188.95231073602508,189.8042776145708,12732187,188.80780029296875,185.1497543334961,-0.019320998149912283,0.015759001483500408,0
2015-09-22,182.8807373046875,190.86114745030764,182.14740908923733,189.8042840350973,15745524,188.11976318359376,185.347647857666,-0.034392413372825614,0.020069436852257275,1
2015-09-23,183.4091644287109,184.80034703564291,181.17681336006356,181.82386934551363,15221260,187.40152587890626,185.37137451171876,0.002889463000923076,0.019228776828861833,0
2015-09-24,180.60520935058597,182.9022641174557,180.0444256892399,182.9022641174557,29076982,185.88308715820312,185.1982849121094,-0.015287976949564075,0.01663570738278402,0
2015-09-28,179.93658447265625,181.3709030048691,178.73952889057725,181.13365445263256,11624639,183.24523315429687,184.82191009521483,-0.003702135062072287,0.016578862063364536,1
2015-09-29,181.3385772705078,183.3875999290503,178.17877106934904,179.01995394526207,15853471,181.6340545654297,184.48058624267577,0.007791593921605333,0.01691081236135331,1
2015-09-30,185.9865875244141,186.5258031547659,180.85324781247408,183.54934036213004,17292020,182.255224609375,184.5496032714844,0.0256316682521045,0.019060353067029356,1
2015-10-01,186.5042724609375,188.49937501221308,185.18859239443228,188.49937501221308,8663393,182.8742462158203,184.8175941467285,0.002783453061933505,0.01904387490337074,1
2015-10-05,191.5297698974609,191.96114536088643,185.88956558881375,186.09447649283808,16015412,185.0591583251953,185.23225173950195,0.02694574966145069,0.020846251493232063,1
2015-10-06,193.69741821289065,194.2258498805165,191.04446145095,193.1797705711776,12330294,187.8113250732422,185.70891952514648,0.011317552966258138,0.019406034877632858,1
2015-10-07,197.094482421875,198.01115346518384,192.17683678354965,192.97486913810505,11515191,190.96250610351564,186.54901885986328,0.017537994260980128,0.018718519257985334,0
2015-10-08,191.7670135498047,197.3317291110185,191.15230969549748,197.3317291110185,10753149,192.11859130859375,187.15186233520507,-0.02703002543047872,0.017109713087301574,0
2015-10-09,191.3895568847656,195.29348928942224,190.12779710854883,192.8346594919329,9327873,193.09564819335938,187.56975555419922,-0.00196830861602304,0.01724120701490017,1
2015-10-12,192.3385772705078,194.46308785112484,191.529746575337,191.529746575337,6212395,193.25740966796874,187.76063690185546,0.004958579774097194,0.015800692720268083,1
2015-10-13,192.7376251220703,193.3199769615948,190.4297714194666,190.89349896532667,6162561,193.0654510498047,188.04750061035156,0.002074715625047352,0.015491816102433064,1
2015-10-14,194.7542724609375,195.19643190062985,192.8130902956141,193.212113633668,8002587,192.5974090576172,188.5004425048828,0.01046317416015663,0.01552989072786848,1
2015-10-15,194.91603088378903,196.49054177146857,194.13956666419935,195.77878170368655,9048478,193.22721252441406,188.93019790649413,0.0008305770179393157,0.01419497422205065,1
2015-10-16,197.3101348876953,197.3101348876953,194.91600954344375,195.0885539293733,15246935,194.411328125,189.4456871032715,0.012282745513803706,0.014362533862967418,1
2015-10-19,207.8141021728516,208.24546319047263,202.96114674563637,202.96114674563637,33505855,197.50643310546874,190.426522064209,0.05323582233185786,0.01998201100221403,0
2015-10-20,206.3474273681641,208.5042900044712,205.5493807058237,208.13761874897176,18091895,200.2283935546875,191.0876007080078,-0.007057628858447629,0.020518544993291716,0
2015-10-21,205.98077392578125,210.25136346681964,205.5493984816352,206.08861418734307,14404450,202.47369384765625,191.9169158935547,-0.0017768743088260042,0.02027512104646404,1
2015-10-23,206.12095642089844,209.8739125271884,202.99350259758887,207.91116226891452,12153422,204.7146789550781,193.07892684936525,0.00068056106618819,0.017119741108736326,0
2015-10-26,203.3601531982422,207.7062302730681,203.0258340394492,207.46898173307716,10938775,205.9246826171875,194.07647628784179,-0.013394092821007009,0.018161962384197216,0
2015-10-27,202.6484222412109,204.52490050605317,202.1846946884293,202.48666183834516,11601798,204.89154663085938,195.17863693237305,-0.0034998545478939214,0.018422832612134867,0
2015-10-28,202.08761596679688,203.80233363803077,200.5670251553073,202.07683194113875,11958727,204.03958435058593,196.28618850708008,-0.002767385347547946,0.018582414479805597,1
2015-10-29,202.96115112304688,203.8239019726922,201.65624082290572,201.88271975993925,13280382,203.43565979003907,197.36731719970703,0.004322556590471649,0.018479313770192452,1
2015-10-30,204.40625,206.17487337157812,202.76703493412072,203.19839595311697,13366359,203.09271850585938,198.28830032348634,0.007120076275469289,0.01845567088984234,1
2015-11-02,207.0160675048828,207.3827387890317,203.86704550616568,204.6866458850942,7222044,203.8239013671875,199.3138900756836,0.012767796996827618,0.01847781163810886,1
2015-11-03,208.6121826171875,209.31317322846024,207.3288544976777,207.76023001279145,11373522,205.01665344238282,200.16801071166992,0.007710102561324428,0.007766714492676845,0
2015-11-04,205.1827545166016,210.29454197220505,204.08275490639727,208.78473491559703,10033187,205.63568115234375,200.74227752685547,-0.016439251330201854,0.009202879118776503,0
2015-11-05,202.01217651367188,205.1180630397572,201.23571208110133,204.686687511484,10767454,205.44588623046874,200.9881622314453,-0.015452458518745438,0.01035333770058927,1
2015-11-06,205.4199981689453,205.9268618159272,202.29254407444432,202.6268488983073,8367190,205.6486358642578,201.67081146240236,0.016869387351226228,0.011944276326816581,1
2015-11-09,207.32882690429688,208.13764328932635,199.17585810973736,201.34351942474248,17031699,205.71118774414063,202.4677749633789,0.00929232183996831,0.011313742303941518,0
2015-11-10,199.02487182617188,206.9513612716489,197.63368928389943,206.4121455758524,11486238,203.7937255859375,202.8020896911621,-0.040052100820297976,0.017499111806004542,1
2015-11-13,201.24644470214844,202.4327163034476,197.2454560567677,197.36408033731803,13682323,203.00646362304687,203.227530670166,0.011162287685917427,0.017950029622913158,1
2015-11-16,201.5160675048828,203.17685080895376,199.45626081535536,199.7258758805231,15346549,202.90724182128906,203.56562042236328,0.0013397643030832462,0.01788991820355482,0
2015-11-17,200.10330200195312,202.5082117654588,199.76899719928755,202.32488332528732,8588142,201.84390258789062,203.8249839782715,-0.007010684162420233,0.01777285859220703,0
2015-11-18,196.70628356933597,200.8690335111924,196.26412402867692,200.07098665285156,11249222,199.71939392089845,203.7947914123535,-0.016976323721954345,0.017517340971048456,1
2015-11-19,201.6131134033203,202.4650802639852,197.8386034698824,198.19449073032067,12183206,200.23704223632814,203.48474197387696,0.024944957247665878,0.01962322230934107,1
2015-11-20,204.2229461669922,205.5062886372638,199.62882085631747,201.4513791011997,11304265,200.83234252929688,203.37851791381837,0.012944757013156227,0.019625844670768753,1
2015-11-23,205.71115112304688,206.6062540560812,204.0827200411242,204.90233479390955,10499517,201.67135925292968,203.36503677368165,0.0072871583922689,0.018981105848597662,1
2015-11-24,208.719970703125,209.56115346714228,205.12878951504743,205.5493808970561,14806176,203.39469299316406,203.49498748779297,0.014626429163669297,0.01879798253369729,1
2015-11-26,213.23863220214844,213.9504067479622,208.83863420067823,209.43177005692357,23805828,206.70116271972657,203.9889114379883,0.02164939695900303,0.019731425112864555,0
2015-11-27,211.16802978515625,214.06901914398404,210.1003824236632,213.31410853405853,10891864,208.61214599609374,204.41489181518554,-0.009710259325942716,0.013826217930978855,0
2015-11-30,208.5905914306641,212.3219798639876,207.5552960683557,211.04942151562133,29919205,209.4856750488281,204.74004058837892,-0.012205627703750666,0.014801921084878475,0
2015-12-01,208.3317413330078,211.11409177318117,207.32879821196565,207.92193398500936,12981379,210.00979309082032,205.00857009887696,-0.0012409480978068377,0.01486977194615535,1
2015-12-02,210.9307861328125,211.30824144657555,208.02979670634872,208.4072520201117,7573628,210.45195617675782,205.33479690551758,0.012475510371942056,0.014624176105624394,0
2015-12-03,210.76901245117188,213.30333060337225,210.1003884273676,210.2729328469561,11361395,209.9580322265625,205.52244415283204,-0.0007669514944051992,0.012633817997471356,0
2015-12-04,208.23471069335935,210.5533485036212,207.3611901025212,209.71216559610295,13443688,209.37136840820312,205.50357055664062,-0.012024071889598309,0.012200982761605595,0
2015-12-07,205.3444976806641,209.86313412648315,204.84841808997868,208.23468861943664,14483909,208.72214965820314,205.51165771484375,-0.013879592902987792,0.012780750298336781,0
2015-12-08,202.9395904541016,205.6788050642084,201.9042951560251,204.6650778182628,7532164,207.6437194824219,205.55802841186522,-0.011711573739377368,0.013088127332695976,0
2015-12-09,197.5474395751953,203.48961132957604,196.8895995189389,201.92588419388116,9174419,204.96705017089843,205.16440048217774,-0.02657022647399998,0.013978784535062438,1
2015-12-10,204.9778289794922,205.721941175931,198.43173798486976,198.9709536860584,18592203,203.8088134765625,205.0468505859375,0.037613190129293095,0.017800087855066437,1
2015-12-11,205.53860473632807,206.84351503321813,203.37095798984024,205.2797881208182,18155513,203.26959228515625,205.3725372314453,0.0027357873757751783,0.017776183343515307,1
2015-12-14,206.0023498535156,207.81412390861303,204.0395994264599,204.3847026745497,10563900,203.40116271972656,205.61033248901367,0.002256243384460177,0.017490009848857506,1
2015-12-15,210.48863220214844,210.9307916845545,205.689596452289,206.41215502033037,15718833,204.91097106933594,206.05896072387696,0.021777821232733308,0.01892679171209974,1
2015-12-16,211.08177185058597,213.00138618504857,209.97098831032028,210.48863598719453,12097338,207.61783752441406,206.6078842163086,0.0028179177290101887,0.018529206119038077,1
2015-12-17,217.77880859375,218.9219584492525,210.9415495004449,211.3837089279104,19369032,210.17803344726562,207.6615104675293,0.03172721492931441,0.021018011518335742,0
2015-12-18,213.9396209716797,217.62785879507004,213.5298135695476,216.5062912508448,16016139,211.85823669433594,208.27783584594727,-0.01762883931113801,0.02154533350894999,1
2015-12-21,213.98275756835935,215.47099641242264,212.31119027461332,213.07687055059927,12331769,213.45431823730468,208.7658264160156,0.00020162977051074726,0.02077210326219146,0
2015-12-22,212.9474639892578,216.24746249815573,212.2356894417627,214.13373570455065,11579277,213.94608459472656,209.12764205932618,-0.004838210287905098,0.020290756697954992,1
2015-12-23,216.50628662109372,217.17491064318045,213.5298090034453,213.91804834442087,12919467,215.03098754882814,209.5169578552246,0.016712209505417963,0.01718459264781757,0
2015-12-24,215.8053131103516,217.23963190110007,214.88865641358592,216.52787171819853,11901877,214.63628845214845,209.64529190063476,-0.0032376589228972907,0.014335397187359447,1
2015-12-28,217.9298553466797,218.65239961272107,215.68670555757464,215.81611389216692,12885935,215.43433532714843,209.98338317871094,0.009844717007693404,0.01437294795765124,1
2015-12-29,219.00823974609372,219.7199998309059,217.2288179372165,217.92980839436729,14913870,216.4394317626953,210.50426559448243,0.00494830961870063,0.014320916665857409,0
2015-12-30,216.65725708007807,219.13765502715017,216.11804138705364,218.92197450909973,8151610,217.18139038085934,210.92054138183593,-0.010734676780842833,0.014088294723207525,1
2015-12-31,218.83567810058597,219.93569188706,215.4925438331794,216.41999881504495,18483713,217.64726867675782,211.3157859802246,0.010054687527511375,0.01426374591309732,1
2016-01-01,218.9974822998047,219.7631626053424,217.45532326396145,217.80041212374195,5416562,218.28570251464845,211.72720947265626,0.0007393867427063494,0.01032048656576275,0
2016-01-04,214.6729431152344,218.66314796400556,212.81803303045032,216.7651017747287,30170947,217.6343200683594,212.04912109375,-0.019746981285611476,0.010749152293402326,1
2016-01-05,216.79747009277344,217.8435495008794,215.0396305093221,215.75139068466748,14946239,217.19216613769532,212.62176971435548,0.009896575444994893,0.011159224357222447,1
2016-01-06,222.63177490234372,223.96903727610157,215.7729330211221,217.32587590779335,26759864,218.38706970214844,213.60637893676758,0.026911314080711568,0.013474913447419658,0
2016-01-07,218.5445251464844,221.72589926161515,217.42295762633168,220.22687642671335,19739943,218.32883911132814,214.65623321533204,-0.018358788890993516,0.014480903117277347,1
2016-01-08,221.24061584472656,222.78277486917128,219.2886494044218,220.0004239682576,21313199,218.7774658203125,215.46937255859376,0.012336573961004182,0.014804603008416233,1
2016-01-11,226.8161163330078,228.80043485596795,218.05924180640085,219.12688925548707,29016443,221.2061004638672,216.53324813842772,0.025201071091730753,0.01635597603629975,0
2016-01-12,225.4896240234375,229.79256536172463,224.5513850133709,227.54943047624425,23373377,222.94453125,217.50761184692382,-0.005848315944281368,0.01664928623398162,1
2016-01-13,232.2621917724609,235.04455687716177,225.8670771603823,227.1396354263358,71802356,224.87061462402343,218.59628982543944,0.030034941866413645,0.017848569754173333,0
2016-01-14,228.9837646484375,233.1573126258401,227.12886883415823,229.45827622834608,27823189,226.95846252441407,219.49138946533202,-0.014115199288376457,0.019006270488315206,1
2016-01-15,231.4964904785156,234.99061559913,229.8357073229681,230.73081025404883,28767318,229.00963745117187,220.17727355957032,0.010973379854837928,0.019044499685022465,0
2016-01-18,219.32098388671875,233.79356421462063,217.4337361564748,231.8631659827857,27254669,227.51061096191407,220.44634170532225,-0.052594778290718014,0.025623211617265895,1
2016-01-19,225.09060668945312,226.42785467690007,218.7278443306973,221.9415847862417,21489315,227.4308074951172,221.00173416137696,0.026306752324777305,0.026658148697284854,0
2016-01-20,216.6680603027344,223.21415177822695,213.52982209966277,223.21415177822695,45114225,224.31198120117188,221.1877639770508,-0.0374184712129676,0.028251918670331045,0
2016-01-21,212.2787933349609,221.24057719266384,210.66114640560983,219.47195391465115,31768619,220.97098693847656,220.97638931274415,-0.020258024932888974,0.028377612503790714,1
2016-01-22,216.58175659179688,218.05921125018324,214.40332589168025,214.40332589168025,23682648,217.9880401611328,221.0152114868164,0.02027033972275416,0.028944921363576914,0
2016-01-25,216.53863525390625,219.7307933446895,215.6866684021363,217.84353119872503,13099564,217.43157043457032,220.94565048217774,-0.00019909958515984538,0.027390320796654738,0
2016-01-27,215.5464630126953,217.8435180085244,215.0288153969411,217.433725044388,17251028,215.52274169921876,220.7725616455078,-0.004581964045573428,0.027385216084936853,1
2016-01-28,219.33175659179688,220.3886342714085,215.06116736347508,215.9023501378587,23074633,216.05548095703125,220.90628662109376,0.017561381087838113,0.02589843519927457,1
2016-01-29,223.3219757080078,224.3141349021529,219.5690338507061,219.77393034601704,19177163,218.2641174316406,221.13060150146484,0.01819261915472281,0.02669414789529232,0
2016-02-01,222.2219696044922,224.70236751564363,221.19745836279253,224.30334416513048,9918809,219.39216003417968,221.2918258666992,-0.004925650957673278,0.026294513247826168,0
2016-02-02,215.9347076416016,222.76118304286348,213.63763819130708,222.2219673630865,14771279,219.27137451171876,221.35491409301758,-0.02829271099558961,0.022062537555750814,0
2016-02-03,211.6748809814453,214.39254174024484,210.2944969493764,213.09841551254544,15691478,218.49705810546874,221.09878463745116,-0.01972738290514442,0.02039375392328777,0
2016-02-04,209.87391662597656,215.9023598518665,208.28862163207916,213.09842674303005,18203784,216.6054901123047,220.4608917236328,-0.008508162834997002,0.01724060414501433,0
2016-02-05,209.41017150878903,211.8042826381615,207.3611491776557,211.178794793456,20998404,213.82312927246093,220.00417404174806,-0.0022096367411581497,0.016148781851433865,0
2016-02-08,207.2856903076172,212.40824685964117,206.6170518707073,209.45333721959173,12078110,210.83587341308595,219.3064277648926,-0.010145071683314466,0.014418433289229161,0
2016-02-09,206.5199737548828,208.95723546830487,204.9023267621188,205.52781462899057,19603494,208.9529266357422,218.29162063598633,-0.003694015499082659,0.014350626053644257,1
2016-02-10,207.6307830810547,209.86314859196088,204.61116922508543,205.26902364796624,16883350,208.14410705566405,217.3986785888672,0.005378701662485552,0.014696089724499511,0
2016-02-11,199.41311645507807,208.3425493476131,197.46115011324795,207.67391092466315,17114833,206.05194702148438,215.75622482299804,-0.039578267268628564,0.016531739414639434,0
2016-02-12,195.5307464599609,201.4297814286022,191.55132570175635,201.4297814286022,29319458,203.27606201171872,214.0835739135742,-0.01946898009585918,0.01358746076373544,1
2016-02-15,204.20138549804688,205.19354486288168,198.00039666677995,198.00039666677995,19283523,202.65920104980466,212.71881866455078,0.04434412078440797,0.02273889123950215,0
2016-02-16,200.70724487304688,206.6278337193129,199.94155020598157,205.13959488850472,13024856,201.49665527343748,211.7881317138672,-0.017111248371198817,0.021899987034457336,1
2016-02-17,205.463134765625,206.50921414181408,197.65526913941457,201.68861027174333,15442221,201.06312561035153,210.80675811767577,0.023695656305712243,0.023367637445809518,0
2016-02-18,202.7670440673828,208.93567969165795,201.88272514281232,207.69547351248744,14433087,201.7339111328125,210.1117073059082,-0.013122016761389577,0.023539327039237994,1
2016-02-19,203.6837158203125,205.49548990804144,202.17390887983825,202.74549109405956,10235503,203.3645050048828,209.68195343017578,0.004520812329961599,0.023666383468089337,1
2016-02-22,207.55528259277344,208.8494089105872,203.6297819330936,203.6297819330936,12770834,204.03528442382813,209.23062973022462,0.019007738330325763,0.024406460238714036,0
2016-02-23,204.8268585205078,208.6121525640382,203.33861968682004,207.72783360534717,18989787,204.8592071533203,208.6450408935547,-0.013145529413572388,0.024762904659246833,1
2016-02-24,205.47390747070312,206.7464513354168,203.1768379415559,203.80234024580352,15186204,204.86136169433593,208.14141311645508,0.003159004414113653,0.024713776739121857,0
2016-02-25,203.6298065185547,206.31511571270465,202.9288303437924,205.80825202999645,24826958,205.0339141845703,207.35631561279297,-0.008974866808387216,0.020988119306318487,1
2016-02-26,204.9778289794922,206.789602950141,203.6729186318346,205.5493967588782,8349402,205.29273681640626,206.4391082763672,0.006619966320179582,0.019555385657722964,1
2016-02-29,208.49351501464844,214.52195815065505,201.66702518171687,205.1827183422465,31032353,205.48038330078126,205.752685546875,0.017151542938373066,0.014764828254102655,1
2016-03-01,211.6533203125,212.46215103275813,208.0621389826024,208.07292300826185,16453192,206.84567565917968,205.53861618041992,0.015155412856028505,0.013556834589714108,1
2016-03-02,216.01019287109372,216.9268638335654,212.93665921896965,214.15528289516985,20105967,208.95293273925782,205.75538177490233,0.020584947839046075,0.013119180017951516,1
2016-03-03,218.45823669433597,219.56902010570505,215.14744011311868,217.84351845108708,15880459,211.91861877441406,206.18459777832032,0.01133300142323912,0.011528851893234689,0
2016-03-04,217.06707763671875,218.9219877961261,216.4415896985113,218.7062928670861,8987660,214.3364685058594,206.56744308471679,-0.006368077847134224,0.012332064688087474,1
2016-03-08,221.5102081298828,222.35137653076552,217.3043085338768,217.3043085338768,13222993,216.93980712890624,207.27866897583007,0.020468928506053974,0.012504806496566429,1
2016-03-09,224.6808013916016,225.1553129264098,219.69843747506417,220.0004045964506,11854901,219.54530334472656,208.18671035766602,0.014313531139204638,0.0105495147611538,0
2016-03-10,218.2209625244141,225.5866674584375,217.62782676032924,224.7562687499806,20706353,219.98745727539062,208.716219329834,-0.028751183132592173,0.016030577711686044,1
2016-03-11,218.81411743164065,222.06020997768005,217.97294902265057,218.90040403580468,15319044,220.05863342285156,209.6862693786621,0.0027181389925370336,0.01520994039855776,1
2016-03-14,219.94650268554688,221.3808070367164,218.47983185628152,219.80629594013,11880095,220.6345184326172,210.9070571899414,0.005175101438598784,0.015224212934537176,1
2016-03-15,220.10826110839844,221.69355621746985,218.9435574359989,220.8631573707613,10487788,220.3541290283203,211.702400970459,0.000735444396144036,0.014911146029681339,1
2016-03-16,220.3778533935547,221.25138831358444,216.86217445678315,220.2160930001784,11064129,219.49353942871093,212.68593139648436,0.0012248167506239138,0.014559235880033529,1
2016-03-17,221.60494995117188,226.16355676483715,220.73248527640172,224.00422052678675,16832997,220.1703369140625,213.4930221557617,0.005568148245031823,0.013403561220838758,1
2016-03-18,224.0478515625,224.69128737072785,221.5395264388928,222.0957186880398,14030979,221.2170837402344,214.55706253051758,0.011023677999369541,0.013381614251737487,1
2016-03-21,226.25082397460935,227.16691052289332,223.07725195234684,224.21144741212345,12708074,222.4779479980469,215.68541793823243,0.009832597798844711,0.01315250132891508,1
2016-03-22,228.5519256591797,229.5116193452213,225.8909098133172,226.1853713779024,15333442,224.16668090820312,216.73525009155273,0.010170578140429543,0.012100944140466195,0
2016-03-23,224.48411560058597,228.3447455548313,223.00093120686188,228.3447455548313,16806372,224.98793334960936,217.71811294555664,-0.01779818764099894,0.013048041134908926,0
2016-03-28,222.56466674804688,225.02937008513632,221.52862036688165,224.65857040008584,18070240,225.17987670898438,218.57265090942383,-0.00855048851632012,0.009057491864698166,1
2016-03-29,226.02178955078125,227.27594480053187,222.52103991207736,223.30624648374572,15871250,225.5746643066406,219.69225006103517,0.015533116074745168,0.010023831134616032,1
2016-03-30,228.37745666503903,229.4025977254637,227.4286537278363,227.4286537278363,14453294,225.99999084472657,220.8622314453125,0.010422300960184705,0.01026775956401525,0
2016-03-31,227.9739227294922,230.3295717186172,225.247488599492,227.05785076261697,30833349,225.88439025878907,221.83625183105468,-0.001766960458530309,0.010381053269700461,0
2016-04-01,225.62918090820312,228.21384410198704,223.5679936199956,226.64341638525784,12381116,226.1134033203125,222.53504486083983,-0.010285131708117623,0.011269527742481354,1
2016-04-04,225.7600555419922,227.3195778782473,223.63343549800857,226.83972373170675,8632568,226.75248107910156,223.02253799438478,0.0005800430301712289,0.011224757138846063,0
2016-04-05,223.9933319091797,227.3632018526204,222.9572854900625,224.95304021152083,10259495,226.34678955078124,223.29929275512694,-0.007825669729620843,0.011107469569047143,1
2016-04-06,225.47653198242188,226.1199678575967,223.04454471997164,225.11663770376123,6990781,225.7666046142578,223.71976547241212,0.006621626012704551,0.010835734766683645,1
2016-04-07,226.2399139404297,228.5846574914566,222.9354766382923,225.72734344881053,8789163,225.4198028564453,223.95625076293945,0.003385638191682583,0.010307511152171524,0
2016-04-08,226.0435943603516,229.9914671217372,224.92030447608988,225.94543080152783,13411752,225.502685546875,224.02439041137694,-0.0008677495348137221,0.008461064493348538,1
2016-04-11,226.90513610839844,228.0393459824196,225.31289757910628,226.18536223296695,10308361,225.73170166015626,224.45859909057617,0.0038113964276882406,0.007835277387925986,1
2016-04-12,228.4537506103516,230.64581766758096,226.4143743300472,226.9051338730083,11164859,226.62378540039063,224.94058074951172,0.006824942478222962,0.006535323646730482,1
2016-04-13,232.52163696289065,233.36138541765928,229.57709376826315,229.57709376826315,16038542,228.03280639648438,225.5693374633789,0.017806170140219013,0.007967153427672801,0
2016-04-18,232.23806762695312,232.68520541568856,230.1986912461388,232.46708196361936,19065716,229.23243713378906,226.17582778930665,-0.0012195395647536245,0.00794154422490173,0
2016-04-20,226.25082397460935,233.2087020913287,225.92364604736295,233.2087020913287,21687934,229.2738830566406,226.46947631835937,-0.025780629823191403,0.01135693821160703,1
2016-04-21,227.09054565429688,229.45708530526105,225.74913232660333,227.14507287574716,11380697,229.31096496582032,226.74375610351564,0.0037114635206003666,0.011407545824722256,0
2016-04-22,226.6107177734375,228.475592642894,224.5059085418241,226.62162321898973,11705087,228.9423583984375,226.8718994140625,-0.0021129364037454357,0.011074290482527364,0
2016-04-25,221.8012542724609,227.81032904719183,220.7979242358816,227.81032904719183,61157544,226.79828186035155,226.64942092895507,-0.021223459985617366,0.012912725774167612,1
2016-04-26,221.8121490478516,223.3280494745498,219.75096185011125,221.47408027700897,26429236,224.71309814453124,226.31243209838868,4.911953914055189e-05,0.012813273922754831,1
2016-04-27,222.3465576171875,223.7752146651629,221.60497275931127,222.01939425048067,14502641,223.93224487304687,226.20555419921874,0.002409284485227259,0.012884319478551924,0
2016-04-28,217.39535522460935,222.30293678628,216.1411853001772,221.1687413234945,61949033,221.9932067871094,225.94708862304688,-0.022267951641071093,0.014241401160943216,0
2016-04-29,214.3417205810547,217.7988483942989,213.5019722377728,216.6864493795597,23479680,219.5394073486328,225.36308517456055,-0.014046457618193786,0.013976247670536695,1
2016-05-02,215.2686920166016,216.45741446954145,213.31655940415575,213.53466827258345,10620873,218.23289489746094,224.70764694213867,0.004324736374393234,0.01189069959256198,0
2016-05-03,212.83676147460935,217.0136638867976,212.17151469042503,215.4977631713551,17571826,216.4378173828125,223.95078887939454,-0.011297186410203497,0.01171412478837054,1
2016-05-04,213.33839416503903,214.5598330849305,212.2260096915654,212.4550240290427,13546285,214.6361846923828,223.33624954223632,0.0023568893219112486,0.010445683835524107,0
2016-05-05,212.7167816162109,214.50531832136903,211.76797875725225,213.75282803737144,21665684,213.70046997070312,222.68408584594727,-0.002913739701008722,0.009974167526984854,0
2016-05-06,211.34266662597656,213.05486533406588,210.91733967046187,212.22603687512185,14748329,213.1006591796875,222.05155258178712,-0.006459833492185707,0.009857111601655278,1
2016-05-09,214.42898559570312,215.06151599757655,212.18240557249408,212.6622597366757,15347096,212.9327178955078,221.49917526245116,0.014603388038008314,0.010561109303446172,0
2016-05-10,214.3089904785156,214.77793912008823,213.31656597658335,214.42895035984688,7248302,213.22716369628907,220.90262908935546,-0.0005596030632434301,0.010541241519567444,0
2016-05-11,212.7494964599609,213.91640821624023,211.57166469847596,211.9642752856376,12339923,213.1093841552734,220.23792419433593,-0.0072768483257403815,0.0103936394604252,1
2016-05-12,216.54466247558597,216.85002945767675,212.6731280612479,212.8803314905205,12786216,213.87496032714844,219.71990051269532,0.017838660390621985,0.010450799702680907,0
2016-05-13,213.3493194580078,216.05394278081627,212.66226182165124,215.70495395980603,14648291,214.2762908935547,218.9646789550781,-0.014756046078662433,0.010556060532047577,0
2016-05-16,212.8694610595703,214.29811809218637,211.81160373190968,213.09847541380296,9327335,213.96438598632812,217.9820701599121,-0.0022491677013853906,0.010432134491971239,0
2016-05-17,211.3862762451172,214.4289828748398,210.77555674209188,213.80735792640343,12157600,213.37984313964844,216.93948059082032,-0.006967579130752188,0.010043174006059028,1
2016-05-18,211.6916656494141,212.11697806539397,210.2848193626851,210.677429998983,8228838,213.16827697753905,216.21152267456054,0.0014446983490203902,0.010017054625631806,0
2016-05-19,207.4711151123047,211.9861007755952,206.24967604591072,211.942478991796,9134784,211.35356750488282,215.23055114746094,-0.019937254138758242,0.0117296192819278,0
2016-05-20,203.76315307617188,208.1908949873093,203.14152812293528,207.64560815253944,18544619,209.43633422851562,214.08817291259766,-0.017872184444208905,0.012681606719846444,0
2016-05-23,202.84706115722656,205.1808992313783,201.89825830427725,204.45020528255208,18365734,207.43185424804688,213.14046325683594,-0.004495866426855177,0.010961515474914437,1
2016-05-24,205.1263885498047,205.9006897818998,202.42175056049436,202.42175056049436,12283217,206.17987670898438,212.3061752319336,0.011236679395672411,0.012123387939264658,1
2016-05-25,207.4711151123047,207.8201039427064,205.27906223636225,207.17666807166,9240115,205.3357666015625,211.56240310668946,0.011430643219902947,0.0130235424048401,0
2016-05-26,206.52230834960935,207.73285650752345,205.9224942735296,207.209380551671,14190024,205.14600524902343,211.01875076293945,-0.004573199320694554,0.01090329503416475,1
2016-05-27,212.59678649902344,213.0766406045105,206.9367007911244,207.00213345641728,13401594,206.91273193359376,210.9315040588379,0.029413181549041045,0.014663357263225717,0
2016-05-30,211.2881317138672,214.07999859829172,210.48109961633403,212.9676140227788,9633652,208.60094604492187,210.73247604370118,-0.006155571806642834,0.01477394401549463,0
2016-05-31,208.9215850830078,212.22603715716104,208.62713803957345,211.35357235289493,23332727,209.3599853515625,210.5367172241211,-0.011200565841834487,0.0150335016503967,0
2016-06-01,207.99456787109372,210.72101641439144,207.60197186070437,208.9433706828808,9042808,209.4646759033203,210.26952590942383,-0.004437153832361429,0.015039203736236245,1
2016-06-02,208.5725860595703,208.76889863894385,206.1406134685043,208.1908954663583,10253825,209.8747314453125,210.06231613159179,0.0027790061749826123,0.01362025936137822,1
2016-06-03,209.31414794921875,210.0230163409628,208.4853051182525,209.39048605417528,8643295,209.21820373535155,209.9608901977539,0.0035554139863647194,0.011975281514659228,0
2016-06-06,208.25631713867188,210.04485378955368,207.76555755617267,209.60862143177584,8672842,208.6118408203125,209.65225677490236,-0.005053795077452294,0.012014055106106812,1
2016-06-07,208.3108673095703,209.59773907476205,207.55836240551068,208.79072149998288,18954268,208.489697265625,209.35235061645508,0.00026193765283055725,0.011643074573769256,0
2016-06-08,208.1036376953125,208.95427694783493,207.02395498248453,208.95427694783493,12135516,208.51151123046876,209.12005767822265,-0.0009948094256160278,0.011129302750336446,1
2016-06-09,211.82249450683597,212.97850076339012,208.5616646261698,209.39050754219332,15643495,209.16149291992187,208.88394927978516,0.0178702153057424,0.012232369874609897,1
2016-06-10,213.03305053710935,214.7125474363058,211.2008919561784,212.44414190180987,16316760,209.9052734375,208.86813583374024,0.005714955029170854,0.008037778421066217,1
2016-06-13,213.9927520751953,214.50532257329812,210.0557697727436,211.5498594850865,10214469,211.05256042480468,208.92430038452147,0.004504942006258172,0.007799596742069546,0
2016-06-14,212.9348907470703,214.9306454745769,211.4189901721885,213.96003172404053,10923848,211.97736511230468,209.00173110961913,-0.004943444662804608,0.006882380884194728,1
2016-06-15,214.7561492919922,215.17055619541048,212.3895949645451,213.752819247914,11129082,213.30786743164063,209.15495529174805,0.008553124095971754,0.006773034071616179,0
2016-06-16,212.9457855224609,214.54892957930943,210.9282200054733,213.97092644806528,9372207,213.53252563476562,209.42868881225587,-0.008429857657159867,0.00771674474498174,0
2016-06-17,212.6404266357422,213.45836414253748,211.59347478064808,213.0984698923467,10534878,213.4540008544922,209.87255249023437,-0.0014339747836263905,0.007773554114680463,1
2016-06-20,215.9776153564453,216.50109133387943,211.1354662051818,212.04063279948892,10758608,213.8509735107422,210.52908020019532,0.015694046393256222,0.00853079787770336,0
2016-06-21,215.30142211914065,216.8391334199327,213.6873727095157,216.8282279758137,13933068,214.32427978515625,211.0378318786621,-0.003130848704800626,0.008746568070070616,0
2016-06-22,213.8618621826172,215.0396792805146,213.1202628543072,214.84338128420023,12788710,214.14542236328126,211.35736923217775,-0.006686253729094593,0.009231726473404197,0
2016-06-23,213.8509826660156,214.1890514784339,211.5716717435456,213.7419282103968,9837526,214.3264617919922,211.72380294799805,-5.0871700501220474e-05,0.007563754874745573,0
2016-06-24,207.52560424804688,210.45925603008223,203.58863706279303,210.45925603008223,24985097,213.30349731445312,211.47024383544922,-0.029578439804728185,0.012026229649870221,1
2016-06-27,208.44171142578125,209.0415254626816,205.137274220309,205.137274220309,9163399,211.79631652832032,211.32792282104492,0.004414429636544481,0.012020362455012904,1
2016-06-28,208.91065979003903,209.7285972863339,208.29994030907557,208.60530732956065,7604977,210.5181640625,211.32737655639647,0.002249781778560944,0.012076927429409117,1
2016-06-29,210.8955078125,211.3426456156404,209.39051272876168,209.8267450869476,7523987,209.92489318847657,211.4724235534668,0.009500941811469987,0.01217091006739519,1
2016-06-30,211.3862762451172,213.20754386878923,210.9282329778464,212.0079011935535,12758283,209.43195190429688,211.61310806274415,0.002327069161916384,0.01198844349412176,1
2016-07-01,212.3241729736328,213.05485237378144,211.57166812272652,212.17149673837935,6610193,210.39166564941405,211.76360931396485,0.0044368856161127734,0.012090161360688518,1
2016-07-04,215.21417236328125,216.71916739015768,212.771294545748,212.771294545748,7803505,211.74615783691405,212.11150207519532,0.013611259373690565,0.011802704822094471,1
2016-07-05,216.61013793945312,218.7476635564476,213.81827101440084,215.0833318473131,11359882,213.2860534667969,212.52646560668944,0.006486401712501921,0.01193662081608099,0
2016-07-07,215.4759521484375,218.2241974139048,215.09424696823115,216.4792823272604,12029091,214.20214233398437,212.89508132934571,-0.005236069750958028,0.011845767582890666,0
2016-07-08,213.40383911132807,215.7158517484341,212.95670129528247,215.27963393766467,7140617,214.60565490722655,212.97414855957032,-0.00961644683060503,0.01230102524773769,1
2016-07-11,216.479248046875,217.01362939053905,214.952442127834,216.15207014993547,8266601,215.436669921875,213.1464584350586,0.01441121653834232,0.007553373175374897,1
2016-07-12,218.8567352294922,219.2057094993524,216.15209727802792,217.07908930236,9767494,216.1651824951172,213.38965759277343,0.010982517742774034,0.007848244837085577,1
2016-07-13,220.02365112304688,221.75766073842524,219.02032095867483,219.24933532749515,14915296,216.84788513183594,213.74409561157228,0.005331871063191551,0.007792252536918606,0
2016-07-14,219.1838531494141,221.19051302496683,217.7333854611064,219.8818306643919,10758372,217.58946533203124,213.96548080444336,-0.0038168531853111087,0.008111511909529632,1
2016-07-15,220.7761383056641,222.69555503785517,218.8785470254373,220.07817520305275,13992989,219.06392517089844,214.35699844360352,0.007264609748258044,0.008155838454932885,0
2016-07-18,219.47836303710935,226.56710682514117,218.4968437704583,224.2223631192507,32106850,219.66374816894532,214.6988952636719,-0.0058782406401093334,0.008777253843936128,1
2016-07-19,221.99758911132807,223.12087915280756,217.0899928834956,219.42383109317785,16649300,220.2919189453125,214.99989395141603,0.01147824341022985,0.008522511133375434,1
2016-07-20,223.1317443847656,224.2877505554224,221.7248984450012,222.46649774844508,12265316,220.91353759765624,215.39141006469725,0.00510886301953839,0.00847341605931343,0
2016-07-21,219.5001678466797,223.568015599518,219.20570625084096,223.34989212407987,6711097,220.97680053710937,215.6733253479004,-0.016275481322028607,0.01020772632504894,1
2016-07-22,221.35415649414065,221.99759236811568,219.22752172420948,219.42383431220745,6899519,221.0924041748047,216.04848403930663,0.008446411069516602,0.009518487279858538,1
2016-07-25,223.0772399902344,223.2953488900313,219.71826101331484,221.1687288769845,8241568,221.8121795654297,216.82606582641603,0.007784283445968931,0.008900964007414653,1
2016-07-26,223.3607635498047,225.7055068335923,221.4304562622275,223.13174922348392,10516399,222.084814453125,217.5720184326172,0.0012709658752398934,0.008457145879572352,0
2016-07-27,220.972412109375,223.78608947794288,220.0672311320429,223.1426537181549,11030767,221.65294799804687,218.17510604858398,-0.01069279761795372,0.009251588883152086,1
2016-07-28,223.86245727539065,224.7676383727693,220.961535969585,221.37595745898795,15610838,222.52540588378906,218.8234535217285,0.01307876009691733,0.009901842680763417,0
2016-07-29,221.3650360107422,223.5461831951758,220.7324910968512,223.34987063017272,9629597,222.52758178710937,219.32239151000977,-0.011156052225301027,0.010539310198494748,0
2016-08-01,220.18722534179688,222.54287442689483,219.21661154877083,222.0412093617356,7978251,221.94957885742187,219.71554412841797,-0.005320671638894936,0.01050431310523611,1
2016-08-02,220.9069976806641,222.47742543554975,219.4892461552792,219.8600458440736,7710138,221.45882568359374,220.00018539428712,0.0032689105271657137,0.009839679431596799,0
2016-08-03,216.7955322265625,221.2559757747532,216.2611508539917,221.2559757747532,11872282,220.62344970703126,220.00945510864258,-0.018611748370438663,0.011126133440328315,0
2016-08-04,216.58831787109372,218.11512389854363,214.49441412602044,217.89701499176812,10187608,219.1686218261719,220.0650733947754,-0.0009558054695160134,0.010072494668893301,1
2016-08-05,221.6595001220703,222.25931418807215,217.4716925456135,217.67889601132063,12109001,219.2275146484375,220.4778564453125,0.023413923247673996,0.012499525028665108,1
2016-08-08,224.4949951171875,225.5310415278423,222.18296794224892,222.4556186313719,13556347,220.0890686035156,220.87864379882814,0.012792120317674849,0.012929705403001661,1
2016-08-09,224.81126403808597,225.64010703120877,222.69554933249137,224.0042464963683,13290768,220.869921875,221.1763702392578,0.0014088016560609429,0.012930444776868328,0
2016-08-10,218.91123962402344,225.6509937877628,218.5513453857636,224.93121987124945,13471958,221.29306335449218,221.12074966430663,-0.02624434518131169,0.015193147744506745,1
2016-08-11,221.19053649902344,223.0990475840764,218.02787013865404,218.54044060561063,14169454,222.21350708007813,221.2210838317871,0.010411968242995062,0.014943184197832226,1
2016-08-12,225.92364501953125,227.47227652411328,221.8230810220655,221.8230810220655,16365425,223.06633605957032,221.47845916748048,0.02139833193328644,0.01601636146755252,0
2016-08-16,223.54620361328125,227.8866874891524,221.49592157824492,226.0218125913317,13367575,222.87657775878907,221.68185119628907,-0.0105232075467111,0.016366874080803177,0
2016-08-17,221.0160675048828,224.39684303904727,219.68555944665837,223.37170202107345,15486572,222.11753845214844,221.6327751159668,-0.0113181797208034,0.016848125826154813,1
2016-08-18,222.05209350585935,223.27353243428752,221.60495571241523,221.60495571241523,7749690,222.74570922851564,221.57879257202148,0.0046875596542483855,0.015519764241906438,0
2016-08-19,221.3650360107422,222.91365284129105,219.66372839407845,222.0411881435151,8177802,222.78060913085938,221.67203598022462,-0.0030941275277777125,0.015587361703925242,0
2016-08-22,220.6997833251953,222.41199645301,219.68554780668345,220.73249966063076,6684236,221.7358367919922,221.63931732177736,-0.003005229269877119,0.01373919094126274,0
2016-08-23,220.3944396972656,221.3868643652759,219.2057024487653,220.73250851031895,7320433,221.10548400878906,221.50517730712892,-0.001383524819685955,0.012940827232938858,1
2016-08-24,222.5865020751953,222.9027745706977,220.5144090853728,220.6670853300942,8719596,221.41957092285156,221.46646423339843,0.009946087482700205,0.013445335919606132,0
2016-08-25,220.88519287109372,224.44046994738392,220.07816080150351,222.73916224608712,14960746,221.18619079589843,221.46210327148438,-0.007643361965977813,0.010519794817560955,1
2016-08-26,224.20054626464844,224.83307668011065,221.2996103261385,222.019398867878,9639663,221.7532928466797,221.47900772094727,0.015009396286194354,0.011065665969534361,1
2016-08-29,230.64581298828125,231.1474779651304,223.8078958577485,224.05873562617563,16193208,223.74249877929688,221.94304656982422,0.028747774396699066,0.01266885212650901,1
2016-08-30,232.5979766845703,233.05600538709731,229.6752299845935,231.63826837830905,18170724,226.1832061767578,222.5635841369629,0.008463902600253315,0.011962878512188217,0
2016-08-31,231.20204162597656,234.25565374375373,228.366538419466,232.27080441119784,23295502,227.90631408691405,223.0783363342285,-0.006001492697792488,0.011304445470409,0
2016-09-01,224.48411560058597,233.9830215162642,223.72070523087112,229.67525369861585,42621045,228.6260986328125,223.4627655029297,-0.02905651688084321,0.015517585166713971,0
2016-09-02,221.0269470214844,225.21475416788323,218.61677099941397,224.8984817190122,28124615,227.9913787841797,223.68469696044923,-0.015400504262193526,0.01636089339880716,1
2016-09-06,222.4556579589844,223.5680426824485,221.38689502389065,222.4556579589844,11510431,226.3533477783203,223.72450485229493,0.006463967207406274,0.016443529611355732,0
2016-09-07,221.96487426757807,224.01515633922463,220.96154412358052,222.91367718201147,12927438,224.2267272949219,223.59799880981444,-0.0022062090751444607,0.01645835600171441,1
2016-09-08,225.4001617431641,225.95636856686409,222.52105141816577,223.1426763528808,12206479,223.06635131835938,223.62744369506837,0.01547671669637607,0.016886011057794015,1
2016-09-09,227.8321533203125,228.99906509661955,224.65858135296872,225.7491550115744,15269894,223.7359588623047,224.0734893798828,0.010789662076283513,0.01679676390163163,1
2016-09-12,228.25747680664065,230.32956963873107,224.4731853947723,224.74582152530684,33684893,225.18206481933595,224.42683639526368,0.001866828189655001,0.016278745106467384,0
2016-09-14,227.87576293945312,230.98390206859085,227.0360291295497,228.58464597171667,18604842,226.26608581542968,224.52444229125976,-0.0016722951314794843,0.013271837342005625,1
2016-09-15,232.2926025390625,233.4267979353457,228.36652587192137,228.36652587192137,31371009,228.33163146972657,224.96176223754884,0.01938266510942155,0.014537411449671534,1
2016-09-16,234.5937042236328,238.5852134679504,231.00571099363268,232.72882949801365,39324529,230.17033996582032,225.64064407348633,0.009906048059293404,0.014681697753528983,1
2016-09-19,236.0878143310547,237.30926792478985,233.60131448096695,233.93938329636956,16678060,231.82147216796875,226.3424301147461,0.006368926704007238,0.010003223896203986,0
2016-09-20,234.2992706298828,236.60037783568936,233.17598064031816,236.43679615565773,11531268,233.0298309326172,226.98914184570313,-0.007575756106852238,0.008399072087793997,0
2016-09-21,233.8739013671875,236.63305133764308,233.1650329886923,234.25560644484085,10943394,234.22945861816407,227.64784774780273,-0.0018154954624987063,0.008736419981529945,1
2016-09-22,237.51646423339844,239.01055392355445,235.34622237280945,236.2186871191797,18761415,235.27423095703125,228.5039489746094,0.015574901025369403,0.008902898942138462,1
2016-09-23,240.53733825683597,241.98780603486367,237.52734825732105,237.52734825732105,31085948,236.46295776367188,229.4014907836914,0.012718587880581778,0.00864423205589328,1
2016-09-26,241.49708557128903,246.3719655830976,239.9811848818014,240.66824254681805,38213411,237.54481201171876,230.43208541870118,0.003990013863994335,0.008540881679222413,1
2016-09-27,242.21682739257807,245.58671171327163,241.36618814891267,243.63457887869544,19374535,239.12832336425782,231.33289947509766,0.002980333363387766,0.00848993420192183,0
2016-09-28,237.8872528076172,241.67154407997884,236.93844998832031,241.64973319034013,24820234,239.93099365234374,231.69497146606446,-0.017874788599817726,0.01122071399747479,0
2016-09-29,233.9175567626953,242.27136053832743,232.81607770486465,238.8360580256888,21260295,239.21121215820312,231.7609504699707,-0.01668730038314503,0.011646381711014434,1
2016-09-30,236.37136840820312,238.7379228953342,232.5761568723433,232.94695658148063,11199883,238.37801818847657,232.01941680908203,0.010490070431084186,0.011698696636969324,1
2016-10-03,237.89817810058597,241.66065879721748,234.7464169247979,237.091145996609,18125170,237.65823669433593,232.69011993408202,0.0064593681657167945,0.011703499698026995,1
2016-10-04,239.13052368164065,241.73699802288087,238.18172077884464,238.4107497002132,13113580,237.04097595214844,233.59529876708984,0.005180138792545197,0.011376608789953831,0
2016-10-05,237.61460876464844,241.34438747710732,236.8294021557144,240.79910066090105,10789932,236.9864471435547,234.35324630737304,-0.006339278205280019,0.011636643370439018,1
2016-10-06,242.28228759765625,245.65215753884016,238.18170914494164,238.18170914494164,21111045,238.65939331054688,235.36911697387694,0.019643905133926554,0.012233523009589862,0
2016-10-07,241.88966369628903,244.95416644191027,241.3443769039714,242.9802372809243,15280380,239.76305236816407,236.1935920715332,-0.0016205225122326583,0.011672378641263331,0
2016-10-10,239.13052368164065,244.72519208640455,238.61795317001585,242.98026252171988,11553662,240.009521484375,236.7585105895996,-0.011406605691563154,0.012183066711488805,0
2016-10-13,230.58041381835935,237.53827728184584,229.45710925920065,237.52737183641736,21938040,238.29949951171875,236.87465744018556,-0.03575499159055184,0.016276300729131866,1
2016-10-14,235.0517425537109,236.0005453437797,231.56189839897752,231.8563599600356,15265659,237.78692626953125,237.23345642089845,0.019391624211733127,0.017188487617911558,0
2016-10-17,231.3437957763672,235.73882106229607,230.92937431476497,235.56431938582827,9826781,235.59922790527344,237.18601608276367,-0.01577502356314775,0.017098541487991725,1
2016-10-18,235.80426025390625,236.16415450156984,231.64916919817796,232.5107139195449,11073137,234.38214721679688,237.24654388427734,0.01928067473160522,0.01795774449090027,1
2016-10-19,237.16749572753903,238.7706545682484,235.8697185022133,236.53496528427084,17073242,233.98954162597656,237.30052795410157,0.005781216472360962,0.017931507756351453,1
2016-10-20,237.2111053466797,239.49040159889924,236.4476950742572,238.60703143109825,10125508,235.31567993164063,237.4461196899414,0.00018387687995313762,0.0178354727417674,0
2016-10-21,232.11813354492188,239.2723098401307,230.8530581502772,239.2723098401307,43608816,234.7289581298828,237.35833129882812,-0.021470208126700197,0.018976028972762116,0
2016-10-24,231.9217834472656,234.25562127437016,231.34378035251677,233.38315663021825,10513017,234.8445556640625,237.07859725952147,-0.0008459058956644672,0.017399048137447925,0
2016-10-25,231.38742065429688,232.34712892770003,229.93695279926723,232.2926017030756,7658966,233.96118774414063,236.62110137939453,-0.0023040646938204956,0.01738902522231302,0
2016-10-26,229.9042205810547,231.08205223158907,229.47889369836216,230.34045290791863,10945927,232.50853271484374,236.0414581298828,-0.006410028985362026,0.017232962749303946,0
2016-10-27,228.73731994628903,229.8715153147331,227.58131368845213,229.26079585172525,12842476,230.81377563476562,235.36748275756835,-0.0050755946620573145,0.013160060191906856,1
2016-10-28,230.1005401611328,230.76578683590748,227.66855323662065,229.0208720351848,8127969,230.4102569580078,234.97814712524413,0.005959762994354856,0.01145361803604712,0
2016-11-01,229.239013671875,230.31868195205277,228.4537924353777,229.30444634824843,10223897,229.8737030029297,234.7442199707031,-0.0037441306685090936,0.010440889991221877,0
2016-11-02,223.29534912109372,227.46136015158623,222.6955350860248,227.05784412653767,7039997,228.25528869628906,234.09041900634764,-0.025927805461983144,0.010536052440196512,1
2016-11-03,223.3389587402344,225.69460753224652,222.60827940493752,223.3171478514197,7311872,226.942236328125,233.3624580383301,0.00019530016774793602,0.010013366083360804,0
2016-11-04,219.3256683349609,223.9824244566282,218.115120242626,222.53195657086164,11535892,225.05990600585938,232.3722152709961,-0.01796950441566869,0.010416435845203877,0
2016-11-07,218.365966796875,221.7249313688768,217.90792352614616,221.1687390887076,9506040,222.7129913330078,231.40978317260743,-0.004375691843875873,0.009254152046471105,1
2016-11-08,218.8785400390625,219.35839420679383,217.74433001351096,219.35839420679383,13432073,220.64089660644532,230.23959579467774,0.0023473128606359417,0.009505349849832112,1
2016-11-09,219.1184539794922,220.07816228927385,202.84706361457168,207.2093727899421,21640144,219.805517578125,229.10103530883788,0.0010961053577334123,0.009700347476348481,1
2016-11-10,220.383544921875,224.4295819088874,219.64194546635355,222.1720817640001,9764091,219.2144348144531,228.1636863708496,0.005773548139862417,0.010304375981770132,0
2016-11-11,218.496826171875,221.9321433284599,217.04635828087217,217.64617232662357,14775330,219.04866638183594,227.55950698852538,-0.008561069070146976,0.01039686696355947,0
2016-11-15,214.9306640625,218.11514172168265,213.654683173576,217.35174592558084,14487470,218.36160583496093,226.55345306396484,-0.016321345128234355,0.010288222051833877,1
2016-11-16,215.1814727783203,217.41716188356813,213.9055065475265,217.02455128947497,16550762,217.6221923828125,225.7453369140625,0.0011669284925643897,0.010561175120471595,0
2016-11-17,213.26206970214844,217.7116078808309,212.5313757443697,215.0615118632316,12628378,216.45091552734374,224.61822738647462,-0.008919927219520618,0.008131493930092928,1
2016-11-18,215.38868713378903,216.5228825551867,214.1890444811508,214.84340031350143,18163751,215.45194396972656,223.5292869567871,0.009971850290165118,0.009273813442164396,1
2016-11-21,216.2611389160156,216.70826214266268,214.4507768802984,215.39957967636647,13232434,215.0048065185547,222.4817886352539,0.004050592414283294,0.008004693295787855,1
2016-11-22,218.431396484375,219.8164171631175,216.65375065322283,217.61345896353697,17646355,215.7049530029297,221.79745178222657,0.010035356232920956,0.008674117384262863,1
2016-11-23,220.07815551757807,220.4053334276661,218.0169681720391,219.20569079734796,13107911,216.68428955078122,221.20527038574215,0.0075390216777782015,0.008976082611549509,0
2016-11-24,215.3560028076172,219.32570193255225,214.23271266446488,219.32570193255225,18913793,217.10307617187496,220.40369949340817,-0.021456707953841914,0.01135173911665019,1
2016-11-25,216.74099731445312,217.22085147647007,214.7016353258903,215.93397978742965,10454964,217.37353820800777,219.7455383300781,0.006431185984043353,0.011401463095393527,0
2016-11-28,215.2032623291016,218.24596865159003,214.6470701092924,216.5882974364724,8312777,217.161962890625,219.06883544921874,-0.00709480441819943,0.011311156969671943,1
2016-11-29,217.61346435546875,219.0530268566088,215.50865511183505,215.71585857851105,9885281,216.99837646484374,218.44448165893556,0.011199653761202466,0.010620396143490224,0
2016-11-30,215.94488525390625,218.1042217031886,215.2032858398047,218.1042217031886,27596098,216.17172241210938,217.7797752380371,-0.007667628041787444,0.010992902990954729,1
2016-12-01,217.62435913085935,221.38685416345436,217.02454509146204,218.1151187194584,12627845,216.62539367675782,217.49622573852534,0.007777326492259373,0.010682194266438863,0
2016-12-02,216.9700469970703,219.2057217786302,216.32661109096415,217.22087226758288,12481430,216.67120361328125,217.17778015136713,-0.0030066125704043545,0.010401362130010444,0
2016-12-05,216.77371215820312,218.04967830725417,215.1705535483605,217.02453738613377,3987213,216.98529357910155,217.05018234252924,-0.0009048937472453389,0.010346168014025183,1
2016-12-06,219.2493133544922,219.54377493061577,216.93730076569585,217.2426532268541,6726369,217.31246337890624,217.0943496704101,0.011420209450869079,0.010499311451728345,0
2016-12-07,217.92974853515625,219.77281262295588,217.3190289879563,218.98760593655837,4930865,217.70943603515624,217.0469100952148,-0.00601855850377242,0.010352741378756298,1
2016-12-08,222.48834228515625,222.870047438481,219.06393047077157,219.21660670809848,8750556,218.68223266601564,217.215404510498,0.02091772133286618,0.009667860712517712,1
2016-12-09,224.4295654296875,225.06209581765228,222.54286515109573,222.91366485162973,8239158,220.17413635253905,217.41770553588862,0.008725055544902327,0.009776865578666588,0
2016-12-12,224.0478515625,227.21051793922013,222.5864782678761,222.5864782678761,9023848,221.62896423339845,217.6952568054199,-0.001700818100577206,0.009260418609298753,1
2016-12-13,226.79611206054688,227.05785731578487,224.1242050800315,224.22235409074293,10365823,223.13832397460936,218.28852920532222,0.012266399694889296,0.009357258272281448,1
2016-12-14,231.09295654296875,232.172624630662,226.4471063086501,226.7960805204262,24139260,225.77096557617188,219.08410339355464,0.01894584719016157,0.009397500457520684,0
2016-12-15,229.6643218994141,232.85970469511807,228.72642449453,229.5443620025121,19331986,227.20616149902344,219.90421600341796,-0.006182077831043853,0.010242000053259745,1
2016-12-16,230.58041381835935,231.63827114493975,229.45710925920065,229.45710925920065,14942206,228.43633117675782,220.66380233764644,0.00398882992085503,0.009831169085304079,1
2016-12-19,231.75823974609372,232.71794809985008,229.9696883886366,230.11147374453796,15009634,229.97840881347656,221.43865737915036,0.005108091828919248,0.009531330030947248,0
2016-12-20,230.74400329589844,231.42015549531865,229.7079568251703,230.0460402048843,11688169,230.7679870605469,222.05428771972652,-0.004376269216173068,0.009969697645369703,1
2016-12-21,231.910888671875,232.79425880071665,230.5913007608954,231.22383110500155,20367894,230.93157348632812,222.64592437744142,0.005057056128475734,0.009172258494352666,0
2016-12-22,229.75157165527344,231.78004275215315,229.2280957128531,230.7658072037133,28892834,230.9490234375,223.3657028198242,-0.00931097728514474,0.008783241127619381,1
2016-12-23,230.6131134033203,233.15415480362373,229.45709259184733,229.45709259184733,10265033,230.9555633544922,224.05930862426757,0.0037498840240342,0.008577278595320311,0
2016-12-26,228.4646453857422,232.51068142521515,227.85392598657745,229.9696402765436,15321770,230.29684448242188,224.7223777770996,-0.009316330653845628,0.009322519538575255,1
2016-12-27,232.22715759277344,232.75063348338531,228.36651379950695,228.55192091410248,17442849,230.59347534179688,225.45306243896485,0.016468684687202195,0.009913070717662557,0
2016-12-28,228.95545959472656,233.2850527608501,228.38836183432895,232.92515847751787,9637310,230.00238952636718,226.10359115600585,-0.014088352249412739,0.009275251364277396,1
2016-12-29,232.3907623291016,233.1214562956236,228.91182330403737,229.0208923187473,8772325,230.5302276611328,226.84191131591797,0.015004240302702865,0.010295703307698077,1
2016-12-30,236.0878143310547,236.65492662529343,231.8781958269496,232.2489955393341,15711974,231.6251678466797,227.79779968261718,0.015908773502440132,0.011292556065759471,1
2017-01-02,236.6767120361328,237.74547471558395,233.89573633265823,236.4367776974772,7097888,233.2675811767578,228.79294967651367,0.002494401105566313,0.01125361903325606,1
2017-01-03,237.61460876464844,239.2722946635221,235.80426119404575,237.7127723307712,6434204,234.3450714111328,229.7112144470215,0.003962775722405887,0.011022116737351843,0
2017-01-04,232.76156616210935,238.39984173028455,232.13994119927543,238.37803083895733,10392483,235.10629272460938,230.45280532836915,-0.02042400771471886,0.01321847095233862,1
2017-01-05,234.99722290039065,235.54250970213045,233.11053726397373,233.60129684154023,8734164,235.6275848388672,231.07824935913087,0.009604922217804068,0.01301921299443016,0
2017-01-06,234.46286010742188,236.6549274927825,234.0593440565837,234.29927842195005,7845839,235.30259399414064,231.57991409301758,-0.0022739110972187504,0.013085737687177888,1
2017-01-09,235.06265258789065,236.87301464750885,233.60129387856796,234.9099763621418,5228980,234.9797821044922,232.13065414428712,0.002558155608073598,0.01249708863833945,1
2017-01-10,237.7127685546875,238.7051786052128,235.5643230993557,235.5643230993557,11349916,234.9994140625,232.67648696899414,0.011274083473579388,0.011968183646185777,0
2017-01-11,236.8839263916016,238.9887355139938,236.43678858715452,238.83605928418487,11475958,235.82388610839843,232.96603546142583,-0.003486738083634866,0.010752987093617104,0
2017-01-12,236.28411865234372,237.82183011640623,235.52070836294743,237.0911361628406,4371992,236.08126525878907,233.29702529907226,-0.0025320744568642084,0.010069775562859826,1
2017-01-13,237.83274841308597,239.3813654061056,236.5567675667205,236.5567675667205,7234429,236.75524291992187,233.65964202880863,0.006554100079069647,0.008979526605207283,0
2017-01-16,234.7464141845703,238.6070438476991,234.24474912687492,237.7345936395388,12013154,236.6919952392578,233.80905075073247,-0.012976910240952488,0.009932287564228015,0
2017-01-17,227.11236572265625,232.9469388137277,226.51255170245344,232.29259756987076,39234251,234.57191467285156,233.62746887207035,-0.03252040500142317,0.013905038458928631,0
2017-01-18,225.2147521972656,228.58463642090047,224.38590930679072,227.4068047512773,15867619,232.2380798339844,233.29266204833985,-0.008355395001732213,0.01284523161719302,1
2017-01-19,225.4656219482422,227.99575817338288,224.87669875514263,225.78187987637995,15284274,230.07438049316406,233.07836456298827,0.0011139134915854054,0.01216631074990755,0
2017-01-20,223.74249267578125,226.28353422637693,223.32807119508195,225.5201384966736,8784907,227.25632934570314,232.73483352661134,-0.007642536620755869,0.012196929414217657,0
2017-01-23,221.5831451416016,224.87667681121007,220.90699300810724,222.87003130019448,13708502,224.62367553710936,232.39075851440435,-0.009651039050989296,0.012010270746853268,1
2017-01-24,224.0696563720703,224.39681970974584,221.8230619866677,221.8230619866677,9419288,224.0151336669922,231.9828834533692,0.011221572059913365,0.012001973920400689,0
2017-01-25,221.88848876953125,225.24745275354377,221.6376490070861,225.09477654336268,23856654,223.34988098144532,231.62953491210942,-0.00973432832385479,0.01202916208364181,1
2017-01-27,223.5898284912109,224.4186714972763,222.25932041516023,222.53197112189497,21861796,222.97472229003907,231.18948822021486,0.007667543869059434,0.012805838405177282,1
2017-01-30,227.88665771484372,228.2465519365276,223.52436351748767,223.55707985036747,15678126,223.80355529785157,230.7794303894043,0.01921746285431647,0.014620410578154417,1
2017-01-31,227.9739227294922,229.84971756453623,226.90515996813184,228.33381698505465,15125194,225.0817108154297,230.34429092407225,0.00038293165349623237,0.014333411152967256,1
2017-02-01,228.94451904296875,229.21716971520297,225.79275822557452,228.1702179242346,11312284,226.0566833496094,229.9107864379883,0.004257488320838609,0.009902149797038587,0
2017-02-02,227.60313415527344,229.19537282797552,226.4580332939477,229.0208857054899,9099129,227.19961242675782,229.6528648376465,-0.005858995416455293,0.009673172718353192,0
2017-02-03,225.4547119140625,229.11904354762007,224.6803961581581,228.14842977134933,13219481,227.5725891113281,229.17573928833008,-0.009439335047755848,0.010230769865375397,1
2017-02-06,227.19960021972656,227.908468658968,225.10569667488448,226.1853647801933,9991907,227.4351776123047,228.8125762939453,0.007739418222180161,0.01010254757638428,0
2017-02-07,224.8548583984375,227.35227795892132,224.04784095514063,227.27593984833976,9905562,226.81136474609374,228.30218658447265,-0.010320184626299689,0.010187066702950411,0
2017-02-08,223.6007080078125,226.45802185421635,222.91365043772572,224.854863257337,16230826,225.7426025390625,227.5965835571289,-0.005577599699458924,0.009785465265475886,1
2017-02-09,225.2583923339844,225.5310430249172,223.96061523076355,224.22234591645235,9861688,225.27365417480468,227.01530685424805,0.0074135915800139784,0.009418122952505147,0
2017-02-10,224.69126892089844,225.8690859917902,223.6879389538409,225.74912610790415,12518554,225.12096557617187,226.43566436767577,-0.0025176571989606877,0.009231714708712684,0
2017-02-13,224.62583923339844,225.53102021654345,222.9136408243212,225.31289677385504,8565757,224.60621337890626,225.77531890869142,-0.0002911981752304893,0.00650131684676569,1
2017-02-14,228.9772491455078,229.6534158645057,224.63676549778057,225.74915002257464,18244623,225.43069152832032,225.4868606567383,0.019371813710122643,0.009270257728189407,1
2017-02-15,229.304443359375,230.65676233348995,227.9848407230203,229.6534321888258,15236663,226.57143859863282,225.59646453857422,0.001428937656855478,0.009184874534029127,1
2017-02-16,232.83790588378903,233.2632328276043,229.5770902478851,229.5770902478851,19655195,228.08734130859375,225.97762222290035,0.015409481267121494,0.010049086162046998,1
2017-02-17,234.5828094482422,235.1717326094403,230.8639507125672,232.61978563094056,14847356,230.0656494140625,226.4334815979004,0.0074940699961632,0.009241294600258295,0
2017-02-20,234.56100463867188,235.31350949748492,232.61979166145977,233.5031473061435,11650581,232.05268249511718,226.97440719604492,-9.295143843490727e-05,0.00922246146519815,1
2017-02-21,237.35289001464844,237.9527040866305,234.0484380558998,234.51738677981467,14186476,233.72781066894532,227.76289443969722,0.011902598133382458,0.008216677199948775,1
2017-02-22,263.3739624023437,264.2791287347512,238.1816609774213,238.39978439824543,127323130,240.54171447753907,229.7281097412109,0.10963031621856101,0.03335219686004047,0
2017-02-23,257.9755859375,266.5366055146952,257.2339867539453,264.70443300003336,62249698,245.56925048828126,231.53246459960934,-0.020497001357320355,0.035349282534136356,1
2017-02-27,270.2227783203125,274.12701420013326,259.63328760849055,259.665989376865,83422197,252.6972442626953,233.86411209106444,0.04747423031642861,0.03624842845634616,0
2017-02-28,270.0373840332031,272.20764005185055,267.9543715610331,268.7177817127192,36111716,259.7925201416016,235.9716484069824,-0.0006860794203278342,0.03627220766911069,0
2017-03-01,269.2631530761719,271.4224896534904,268.28163380284377,270.484592164754,24385665,266.17457275390626,238.0361099243164,-0.0028671250827109196,0.036932397308291114,1
2017-03-02,269.7538452148437,273.66900132234696,267.6381309515123,270.0046558534794,18063590,267.4505493164062,240.07657623291016,0.0018223516031286024,0.036914267811956496,1
2017-03-03,274.5087890625,280.8886639986305,270.8008502100597,270.8008502100597,84305639,270.75718994140624,242.42185897827147,0.017626973375928223,0.036910585676014906,1
2017-03-06,284.7165222167969,286.1669898763998,275.9701236053663,276.7880464245377,66724743,273.65593872070315,245.38494949340821,0.037185451107624834,0.03723755750264493,0
2017-03-07,284.6293029785156,289.43873499321745,282.7098865263874,287.6611038781255,42071555,276.57432250976564,248.25643463134764,-0.00030633711595717816,0.037250505198678646,0
2017-03-08,281.6302490234375,285.2291332362857,280.5178645125562,285.2291332362857,43336972,279.04774169921876,251.09520416259767,-0.01053670132939366,0.038457393204029654,0
2017-03-09,280.6596069335937,283.11340473985325,279.51452070401393,281.36850450430023,31094457,281.22889404296876,253.94814910888672,-0.0034465122024694983,0.021265111203173252,0
2017-03-10,279.5472717285156,282.6772367635016,275.0868131135091,281.4230667482268,24785585,282.23659057617186,256.66259307861327,-0.0039632892571579426,0.019495318114019757,1
2017-03-14,281.2594299316406,287.6938462159952,280.3324525618673,287.6393044318848,27765035,281.5451721191406,259.4910011291504,0.006124753758240065,0.013800063921497324,1
2017-03-15,284.6293029785156,287.1049116543847,281.4557458618812,281.5975020789058,24107889,281.5451721191406,262.4911743164063,0.011981369114251628,0.013893470568593259,0
2017-03-16,283.0370788574219,285.818039974941,282.15369418243694,285.7307964198825,15924023,281.8265380859375,265.194165802002,-0.005594027404880131,0.014098186118848461,1
2017-03-17,283.702392578125,287.9010915777237,283.1243893292449,285.29461695427847,22727289,282.4350952148437,267.91406326293946,0.0023506238948936,0.014085568049115255,0
2017-03-20,279.3619079589844,284.9129406166901,278.8275264984199,284.8583988219303,12869337,282.3980224609375,270.2402633666992,-0.015299429023832967,0.014678808914494522,0
2017-03-21,275.6539001464844,280.0380056743551,274.67238094113867,279.6672205310077,22596181,281.27691650390625,272.2938179016113,-0.01327313318981338,0.008593755481077499,0
2017-03-22,274.75958251953125,276.11188666158495,271.8913780195265,273.0800859456828,20291685,279.3029724121094,274.3037467956543,-0.0032443496227619883,0.00853399162419408,1
2017-03-23,277.7259826660156,278.65296004986203,274.3888291401525,275.51210453375325,11807911,278.2407531738281,276.32240142822263,0.010796348281223223,0.0092159157669391,1
2017-03-24,280.6596069335937,281.8047222831855,276.6680977767457,277.9004566821145,16282523,277.6321960449219,277.18668365478516,0.010563016968801131,0.009902218531899718,0
2017-03-27,272.88385009765625,278.91475113159805,272.0331961733014,277.2461450615085,32452615,276.3365844726562,277.93209686279295,-0.027705293686160037,0.01325011943696337,0
2017-03-28,271.7169494628906,275.69753920061453,270.92080821933286,274.3888565515023,21707345,275.5491943359375,278.0068054199219,-0.004276180632705184,0.012916731391884461,1
2017-03-29,274.0943908691406,274.82507030535544,269.01230747335387,273.0147080436769,18924345,275.41615600585936,278.20965576171875,0.008749698577690923,0.012524443021815022,1
2017-03-30,277.14794921875,278.04222472986515,273.2982256394453,273.7344433912039,27862325,275.30054931640626,278.60389556884763,0.01114053571080631,0.013334081214119777,1
2017-03-31,288.1082763671875,291.76170259699813,276.1337475475613,276.1337475475613,45390562,276.790283203125,279.52161712646483,0.03954684557231425,0.0187690946782088,1
2017-04-03,299.8319396972656,301.1079204149999,291.63081227253303,292.71049498446496,44886623,282.1799011230469,280.78777465820315,0.04069186584260631,0.021313570211236584,1
2017-04-05,308.6329040527344,309.28725990732505,301.0206992003987,304.3142311244748,40323877,289.56309204101564,281.98359375,0.029352991426980335,0.021002346982748377,1
2017-04-06,313.7585754394531,316.0269661161793,305.841018959726,307.32418851912024,50620850,297.4959289550781,283.4400573730469,0.016607663406630557,0.020376254288323667,0
2017-04-07,306.8006591796875,312.7770166773963,305.9173037346644,310.0069759090485,31875272,303.4264709472656,284.6985778808594,-0.022176019412442516,0.023325140073144512,0
2017-04-10,301.2933349609375,310.7922251070103,300.4099502330383,307.542315126378,30768410,306.0634826660156,285.7302642822266,-0.01795082263993597,0.024967570388466274,0
2017-04-11,299.330322265625,305.4593576209089,298.8395626369632,302.71109787639944,32249647,305.9631591796875,286.719416809082,-0.0065152874874149225,0.022427283489464694,0
2017-04-12,295.3279113769531,302.4057646627581,294.7062863570316,301.60962337617667,27448279,303.3021606445312,287.42284088134767,-0.013371217651381606,0.023219236409799546,1
2017-04-13,297.6835021972656,299.5592676835759,293.87737120466784,295.327838935369,12713918,300.08714599609374,288.07555084228517,0.00797618758528329,0.023219998928095363,1
2017-04-17,303.5835266113281,304.39055863726304,297.7271426609843,297.7271426609843,11837502,299.4437194824219,289.10287322998045,0.019819789711264413,0.02348905632108766,0
2017-04-18,298.8613586425781,307.54232616249385,298.1633810152431,305.3502879516684,16016414,298.95732421875,289.86082153320314,-0.015554756944357151,0.022049722678899323,0
2017-04-19,298.5559387207031,301.5550377481096,296.10214101464715,298.5995604968103,11572557,298.8024475097656,290.8205230712891,-0.0010219451697007775,0.017861487232247116,1
2017-04-20,298.7195129394531,302.48199277161655,297.5307759480706,300.7807145087303,8393496,299.48076782226565,291.9738037109375,0.0005478846592397169,0.014570517464988384,1
2017-04-21,305.9064636230469,309.9415946920145,300.68259538705485,301.1079222956228,30230907,301.1253601074219,293.5311477661133,0.02405919390023392,0.015830100352723562,1
2017-04-24,309.1563720703125,312.9952051139542,305.4047825849342,307.3350899915316,25512511,302.23992919921875,295.1026672363281,0.01062386328413889,0.014634442660257225,1
2017-04-25,312.51531982421875,320.1384437226784,311.0539611809138,318.4480561910905,36764315,304.97072143554686,296.69545288085936,0.010864882814520582,0.01329429313190615,0
2017-04-26,308.9491271972656,314.09664228731106,305.9282464550188,312.9951778999978,16763153,307.0493591308594,298.4987167358398,-0.011411256987206242,0.013794784375744539,0
2017-04-27,307.4332580566406,310.6286553448767,305.8410339750038,309.0691330380611,12571594,308.7921081542969,300.28453216552737,-0.00490653317061196,0.01289146367073144,0
2017-04-28,304.3142395019531,309.78891893202416,303.39815292831315,307.4878261720635,11848658,308.4736633300781,301.79552459716797,-0.010145351789209722,0.013543202346147296,0
2017-05-02,298.9376220703125,305.7973351441097,298.0106448354783,305.7973351441097,18591411,306.42991333007814,302.88500823974607,-0.017667978470018664,0.01333782176807492,0
2017-05-03,298.83953857421875,301.16244205882936,297.7271540548239,300.32270822674064,9500038,303.69475708007815,303.4215713500977,-0.0003281068987385227,0.012385241506845553,0
2017-05-04,296.1894226074219,300.9116110532944,295.3387688277013,299.90828105260044,14365934,301.1428161621094,303.2394454956055,-0.008868023218884358,0.012705876839021106,0
2017-05-05,289.71142578125,298.23974655293347,289.0025572379298,296.985576594742,15598448,297.59844970703125,302.2933715820312,-0.02187112817582959,0.014330675438686722,0
2017-05-08,288.21734619140625,292.16523422563927,287.5520994081821,290.09314119198274,16066733,294.3790710449219,301.0163101196289,-0.005157130361064466,0.010736494267895786,1
2017-05-09,290.16943359375,290.88919289884814,287.96644654235683,288.78439852362084,21106150,292.62543334960935,300.184748840332,0.006772969872005374,0.010130463235737667,1
2017-05-10,296.44024658203125,297.4217657380991,290.23488830512395,291.14005478726995,22906024,292.14557495117185,299.94209442138674,0.021610866832585396,0.012453760808149193,1
2017-05-11,296.5384216308594,298.7631907054439,294.8153030385768,297.53083171020285,13783848,292.2153747558594,299.80249938964846,0.00033117989193476305,0.012355946173404157,0
2017-05-12,294.5535583496094,297.5090066766222,293.1576323017237,296.6474619814442,7523427,293.1838012695313,299.76378173828124,-0.006693443872581306,0.01238303615799048,0
2017-05-15,293.16851806640625,295.8513447878458,290.8565055799695,295.8513447878458,6738085,294.1740356445313,299.5380325317383,-0.0047021678874413775,0.012211178746168283,1
2017-05-16,295.8295593261719,300.32271935054337,292.4923765243663,293.5938701994747,12655992,295.3060607910156,299.1503341674805,0.009076831568807453,0.011720572060546323,0
2017-05-17,295.13153076171875,297.9343025705111,293.9646046150187,295.10971987449096,9844573,295.0443176269531,298.9638427734375,-0.002359563277054111,0.011725567484694447,0
2017-05-18,289.5151062011719,294.4554038648374,288.8062377106258,292.32879839319924,9790379,293.6396545410156,298.5118011474609,-0.019030242367025885,0.012851621713931187,0
2017-05-19,287.6611022949219,291.33633895314074,285.7307949690363,290.747444959486,12813204,292.26116333007815,297.95888061523436,-0.006403824417236859,0.011021898691716634,1
2017-05-22,288.8171081542969,290.87830992955304,286.8649899421859,289.32967859703115,8801430,291.39088134765626,297.1044128417969,0.004018638078463033,0.010987380648602961,0
2017-05-23,284.7601623535156,290.060382934759,283.9858612582353,289.15518738956195,9223001,289.177001953125,295.88460235595704,-0.0140467641501828,0.011573484319870014,0
2017-05-24,283.0479431152344,286.53780146932746,282.4808600607001,285.18546825311233,14326531,286.7602844238281,294.41123352050784,-0.006012846825658169,0.00814988538871844,1
2017-05-25,284.0840759277344,286.2543033858169,282.77536415319435,283.5496945078024,25922008,285.6740783691406,293.16798095703126,0.0036606265394345527,0.00843590334943723,1
2017-05-26,291.6853332519531,293.23393541839704,283.54963907609863,284.41118371123235,21430443,286.4789245605469,292.3805847167969,0.026757069361932118,0.012840932718640912,1
2017-05-29,295.9604187011719,297.8252935233701,291.3145534135725,291.61993500131155,24022633,287.9075866699219,291.9628936767578,0.01465649781412215,0.01363916697791345,1
2017-05-30,296.4947509765625,297.66167710784663,294.1281969435894,295.7422608171406,9658309,290.25450439453124,291.8407501220703,0.0018054180276387832,0.013353435657366965,0
2017-05-31,292.4269104003906,298.3705667958535,291.35814774403406,298.16334879512783,16423338,292.1302978515625,291.5201187133789,-0.013719772652883933,0.014069295841376495,0
2017-06-01,289.71142578125,292.27427836711075,288.56633940204534,290.6820541461166,9534069,293.2557678222656,291.1962188720703,-0.009286028482886843,0.012962750127770975,0
2017-06-02,288.9479675292969,291.9906883500414,287.2575800155548,291.1836563674776,11495005,292.7082946777344,291.15804595947264,-0.0026352369427417033,0.012805095457053866,1
2017-06-05,289.9513244628906,292.4923659717972,287.0067960452,289.27518686653826,10835031,291.5064758300781,291.2447448730469,0.0034724484902008967,0.012789668644251495,0
2017-06-06,286.3415222167969,290.9546565674649,285.9489261903624,290.9546565674649,9591064,289.475830078125,291.05334930419923,-0.012449683590101124,0.012596837576527797,1
2017-06-07,292.0561828613281,292.71053876522075,285.5127403024704,285.9925799439791,11199223,289.4016845703125,290.8341461181641,0.019957499004299217,0.013704700359098354,0
2017-06-08,290.46392822265625,293.32124252691807,289.6678160789554,292.2742905571139,7903123,289.55218505859375,290.5304214477539,-0.005451877864978805,0.013972620764218251,1
2017-06-09,291.3363342285156,295.0988143803336,290.3111933583966,293.3866159687537,13836547,290.0298583984375,290.3695602416992,0.0030034917285517437,0.011073169533212131,0
2017-06-12,287.7920227050781,290.038632026423,287.25764127078133,289.3406543359069,8432435,289.597998046875,290.1007354736328,-0.012165703714310694,0.010335010705209754,0
2017-06-13,286.6795959472656,289.438746284836,285.94891658482817,288.0428202288354,6025338,289.6656127929688,289.6432373046875,-0.003865384270753336,0.010212318914087214,1
2017-06-14,296.09130859375,296.6365809027536,287.01771529178126,287.01771529178126,52939271,290.47263793945314,289.69122619628905,0.0328300750368562,0.014606127533882289,1
2017-06-15,301.86041259765625,304.2705887065898,296.4402463537665,296.6365443608263,28290813,292.75193481445314,290.3084915161133,0.019484205839428004,0.015105269516110015,1
2017-06-16,302.9183044433594,304.4450959413931,298.6650350759468,302.983737116703,32710880,295.0683288574219,291.0713516235352,0.0035045729799394465,0.014919394921859666,1
2017-06-19,307.37872314453125,308.80738014397826,303.2236466084416,303.2236466084416,15236956,298.9856689453125,291.9994323730469,0.014724823940132303,0.015226635636888263,1
2017-06-20,308.05487060546875,310.1815050838986,306.9861079240045,307.3241912636536,10142474,303.26072387695314,293.1641677856445,0.0021997210933157874,0.013906427841969379,1
2017-06-21,310.15966796875,311.46835031865766,306.2881044569252,307.0624346312959,19992472,306.07439575195315,294.51975402832034,0.006832540446915614,0.013192946890376697,1
2017-06-22,312.4826354980469,315.26359672528025,311.4029527815848,311.78465791003055,22118609,308.19884033203124,295.93968200683594,0.007489586071941945,0.01255198907217108,1
2017-06-23,313.1806030273437,314.5220165009504,312.0355166923251,313.21333392377994,31143289,310.2513000488281,297.01444549560546,0.0022336202079977774,0.012584296352043011,1
2017-06-27,313.4641418457031,314.7401226352008,310.8140458182937,312.3408664115417,32591540,311.4683837890625,297.889631652832,0.0009053524248265887,0.010900930227750728,0
2017-06-28,305.0339660644531,314.07482637901205,304.3905303284844,314.07482637901205,15567803,310.86420288085935,298.31659240722655,-0.02689358894964,0.015356553379118931,0
2017-06-29,303.7689208984375,307.5423214382329,303.2018377449507,305.3611741463324,12898245,309.5860534667969,298.8836929321289,-0.004147227216487526,0.012442224202382909,0
2017-06-30,300.9988708496094,303.7034794356697,299.91918812016473,303.61623587612024,7814271,307.2893005371094,299.44806518554685,-0.009118938305588742,0.011380451326250249,1
2017-07-03,301.2279052734375,304.2051940054862,299.0358669076612,302.7874277597432,9195278,304.8987609863281,300.0620620727539,0.0007609145615119495,0.011313369070467,1
2017-07-04,310.1488037109375,311.2721082818491,302.9619258182576,303.18003472910993,18816782,304.235693359375,301.0719360351562,0.029615112947129152,0.014161461272264116,1
2017-07-05,314.6637878417969,315.7107396809208,310.59592582019263,311.7846630042028,27209010,306.1616577148437,302.48804931640626,0.01455747717494793,0.014803607224259236,0
2017-07-06,314.6419982910156,316.2669533848606,313.6495590495309,315.9833826758562,13590313,308.3362731933594,303.6173400878906,-6.924708728228701e-05,0.01472552901131354,1
2017-07-07,325.24237060546875,326.681918508177,314.0857942794407,314.7401209988471,35845310,313.1849731445312,305.35626220703125,0.03369026503781836,0.01789325141815103,1
2017-07-10,325.6131896972656,327.3690393774526,324.79526665271794,326.1039493479977,3504540,318.06203002929686,307.0701049804687,0.0011401315612924456,0.017909620693988486,1
2017-07-11,325.9403381347656,328.1323762569308,324.3371940418335,327.3908059978966,20995547,321.2203369140625,308.97752075195314,0.001004714943532159,0.01790771333927353,1
2017-07-12,329.5937805175781,332.62558173445785,326.6274119738675,327.0418189039385,17104482,324.2063354492187,311.12322998046875,0.011208929841945325,0.01427678097559157,1
2017-07-13,334.6322021484375,335.2697754999661,331.12560741803645,331.6972279419762,23010262,328.2043762207031,313.05027465820314,0.015286761852566721,0.013773927883514262,1
2017-07-14,337.19342041015625,337.6880812587091,333.19216507304014,334.170509308723,20530867,330.59458618164064,314.8169250488281,0.007653830818656893,0.012137095039954441,1
2017-07-17,341.1507263183594,342.8765359785552,337.9079429402156,337.9079429402156,18749450,333.70209350585935,316.7285461425781,0.011736011643968425,0.011541210410628427,0
2017-07-18,334.1485290527344,341.1616887626977,332.19186990933974,340.0624456806391,19640167,335.34373168945314,318.0670364379883,-0.020525230419971563,0.013957842101207547,1
2017-07-19,337.0175170898437,338.12776687565776,332.5435855651652,332.5435855651652,11790198,336.8284790039062,319.51516876220705,0.00858596638220277,0.013751824642698671,0
2017-07-20,336.1271667480469,340.7659660180265,334.9839257847286,338.5125045299968,13626050,337.1274719238281,320.81354370117185,-0.0026418518226738463,0.013921187844104009,1
2017-07-21,348.460693359375,349.9336690701465,339.6557421270225,340.7659626407307,97142371,339.38092651367185,322.6124465942383,0.03669303713428507,0.014584305298491314,1
2017-07-24,355.1112060546875,357.23273299685394,348.46077089933146,351.758500790494,43429394,342.1730224609375,324.70897674560547,0.019085402807408336,0.01488221364536924,0
2017-07-25,352.2311096191406,357.24367100289487,351.23078109410665,357.1886956404528,20063064,345.78953857421874,326.64732513427737,-0.008110407068098402,0.015671520695175658,1
2017-07-26,356.760009765625,358.3319295298749,352.0002819207915,352.6818238295933,21954323,349.738037109375,329.23362731933594,0.012857751694282049,0.015718837094848694,0
2017-07-27,350.615234375,358.6836689403043,349.19720457864884,357.9142192981585,18409364,352.6356506347656,331.57594299316406,-0.01722383457344856,0.017337266195255916,0
2017-07-28,350.53826904296875,353.0665487377584,346.9217530533496,349.83474288721385,14331863,353.05116577148436,334.052912902832,-0.00021951508230511063,0.01737256360185501,1
2017-07-31,355.10015869140625,355.8916219933319,350.8790602164746,352.1871686895664,16567422,353.0489562988281,336.7465255737305,0.013013956110675906,0.017440168354877383,0
2017-08-01,352.5498962402344,356.7599875705959,349.8897109501536,356.7599875705959,12311920,353.1127136230469,338.8665802001953,-0.007181811634694668,0.015773158500715045,1
2017-08-02,358.1780090332031,359.6070162054877,353.5391804266931,353.95691098734613,20786240,353.3963134765625,341.04229125976565,0.015964017726255886,0.016103381938654977,1
2017-08-03,362.7728271484375,366.0266170180593,355.50683400404534,357.6613515005247,19707381,355.82783203125,343.4488327026367,0.01282830882788355,0.01589885124581485,0
2017-08-04,356.6280822753906,365.6089079764431,355.0781468820749,365.6089079764431,18579866,357.04579467773436,345.0181182861328,-0.016938272144987887,0.013989520741502887,0
2017-08-07,355.3529663085937,358.7056415909039,354.51753451555027,358.7056415909039,9537088,357.0963562011719,346.5051071166992,-0.0035754782928515416,0.01276999501152581,0
2017-08-08,352.31903076171875,356.38623879868186,348.85640492672985,355.715703775665,10961296,357.05018310546876,347.82404174804685,-0.008537808417336312,0.012801358808897116,0
2017-08-09,351.49462890625,356.1554423793819,348.460739982703,352.08823373568595,10436651,355.7135070800781,348.9190841674805,-0.002339929959748077,0.011995048072841064,0
2017-08-10,348.3177795410156,353.2204193855858,346.9107566578007,350.230470076191,10188164,352.82249755859374,349.6033630371094,-0.009038116386357875,0.011037921952395531,0
2017-08-11,339.9415588378906,347.36144256565643,337.02853961889866,340.9748491325664,16996281,349.4851928710938,349.7407699584961,-0.024047640387931057,0.013288562900210266,1
2017-08-14,345.83349609375,348.3507690384517,343.1843174949378,343.1843174949378,13440617,347.581298828125,349.97490844726565,0.017332206382771442,0.013921338863818068,0
2017-08-16,344.3055725097656,346.4820744945461,340.8099552875706,345.602674120104,13576650,345.9786071777344,350.4827606201172,-0.0044180902117422205,0.01384647741550626,1
2017-08-17,344.5254211425781,351.2418082296169,343.2173126963873,344.9431223855997,15828719,344.584765625,350.85815582275393,0.0006385276636968751,0.012372911629885396,1
2017-08-18,346.35015869140625,346.8778106859259,341.45852502334924,343.843892434075,7935890,344.1912414550781,351.3693054199219,0.005296379996508227,0.01144176513620102,0
2017-08-21,343.93182373046875,348.27385040535904,343.01946158325046,346.7019306140107,7573558,344.9892944335937,351.1428619384766,-0.0069823411372887945,0.010651114489051518,0
2017-08-22,342.9754638671875,347.33944509592527,342.09606353362403,345.60265805485136,9533641,344.4176879882813,350.53607482910155,-0.0027806669732043376,0.010654011232692256,1
2017-08-23,347.8121032714844,348.8014249254596,341.45847215325404,344.03072019418977,8320052,345.118994140625,350.31512451171875,0.014101998288046147,0.011804949880039951,0
2017-08-24,344.7342529296875,350.2414754216198,343.95379646717896,349.5599628754376,12654347,345.1607604980469,349.7138366699219,-0.00884917549690456,0.01205024471272995,0
2017-08-28,344.4044494628906,347.79011558597875,343.228246820904,347.1525716639717,12316426,344.77161865234376,349.4032974243164,-0.0009566889973772197,0.01178451295194511,0
2017-08-29,336.8417053222656,344.61336720844696,336.3690287013287,343.37121155779795,15164812,343.3535949707031,348.7184692382813,-0.02195890370295539,0.01134213556001434,1
2017-08-30,343.8658752441406,344.89916560047584,338.8423359367572,340.22737472026887,10334911,343.53167724609375,348.156755065918,0.020853029214879415,0.012004812127504967,1
2017-08-31,350.5492858886719,351.1978366994043,346.04236259993326,346.2622053575539,25104625,344.07911376953126,348.05672454833984,0.019436097402180774,0.013426759307085293,1
2017-09-01,353.9789428710937,355.40795023557746,351.5386294074586,351.72548108724953,15431918,345.9280517578125,347.8467712402344,0.009783665579940815,0.01364252868403972,1
2017-09-04,354.69342041015625,359.70598198220995,350.8460547912308,355.16609700920856,21560532,347.9858459472656,347.4428009033203,0.0020184181953522007,0.013615084132354576,1
2017-09-05,358.9255065917969,359.4201674402568,356.3862495264694,358.35388610738715,25216776,352.40260620117186,347.55767211914065,0.011931673772653584,0.01346958684306849,1
2017-09-06,361.7395629882813,363.3005052152543,356.77099943555487,357.5624333350321,48745984,355.97734375,347.877001953125,0.00784022407102114,0.013261280679088345,0
2017-09-07,359.7169494628906,366.0486260924024,358.3538950680626,361.8714964568472,16205339,357.8108764648438,348.2468978881836,-0.005591352819365847,0.013290955189563372,0
2017-09-08,359.1893005371094,361.9813912982856,357.0787515991414,360.5523548320263,13248413,358.8529479980469,348.6316314697266,-0.0014668447693918507,0.01272482637363103,1
2017-09-11,359.62896728515625,363.56426940362,359.0353919374651,361.1239564934488,12690592,359.8400573730469,349.1971908569336,0.0012240530199241206,0.012645281884254022,1
2017-09-12,362.2012939453125,362.75090086824986,359.2333285069372,361.76157905545807,6500191,360.49521484375,350.3101776123047,0.007152723762979374,0.00860721578287276,1
2017-09-13,373.30364990234375,378.0963393329069,361.4317889996409,362.3111893648229,29377106,362.8080322265625,351.6836853027344,0.03065244697526559,0.010637724827650713,0
2017-09-14,371.0391540527344,378.7998374866457,370.2257359252255,376.2935715799691,11867640,365.0724731445313,353.02036437988284,-0.0060660961932779145,0.010727380338944312,0
2017-09-15,370.1378173828125,374.99645952368064,367.0379465789162,370.225754482086,28595395,367.2621765136719,354.30098419189454,-0.002429222522951746,0.01091050691280477,1
2017-09-18,371.7866821289063,374.2050405095932,370.70942326846944,373.7433413685472,5061995,369.6937194824219,355.5728103637695,0.0044547319097321125,0.01087542114131225,0
2017-09-19,368.7307434082031,373.193697691398,368.02724665538426,373.1717134178724,7718697,370.999609375,356.81275634765626,-0.008219602443004237,0.011261119401811185,1
2017-09-20,372.4902038574219,383.63655436704994,371.588819213282,376.42550656543386,24942703,370.8369201660156,358.28849334716796,0.010195679412217773,0.011403041412466116,0
2017-09-21,369.93994140625,374.490833196917,367.6974865999516,372.4242525947984,12950541,370.61707763671876,359.39488525390624,-0.006846522203166505,0.011514366990535577,0
2017-09-22,359.4091491699219,369.30236582373954,357.56241148100924,369.30236582373954,12294087,368.4713439941406,360.12863006591795,-0.02846622129067089,0.01521409073959154,1
2017-09-25,361.2339172363281,364.0479924311156,354.0448540033758,358.3538892179402,14229631,366.360791015625,360.97010345458983,0.005077133040771731,0.015292475746067749,0
2017-09-26,360.5964050292969,363.6523077617996,357.1228010098755,361.2999312850872,10564143,364.7339233398437,362.15783843994143,-0.001764818242729338,0.015123776366948338,0
2017-09-27,351.3847351074219,363.0587393079445,349.77985341181306,363.0147707505718,18448855,360.51282958984376,362.53378143310545,-0.02554565101980588,0.012549402624164098,0
2017-09-28,345.8005676269531,353.0336004837942,343.0524448473976,351.6045930752685,29547622,355.68495483398436,362.29634552001954,-0.015891889779337198,0.012937212915055537,0
2017-09-29,343.3601989746094,348.8564143000052,342.56873574933206,348.13090389754257,16666208,352.47516479492185,361.7654083251953,-0.007057156294134281,0.012840190641474129,1
2017-10-03,351.03289794921875,353.45122669666364,345.31681082607685,349.5599222979204,18345748,350.4349609375,361.58238220214844,0.022345918360726413,0.015621709032126343,1
2017-10-04,360.0467224121094,362.7288624990762,349.82374165494014,351.40663870845333,18907611,350.3250244140625,361.63844299316406,0.025678004869488236,0.01842118458287873,1
2017-10-05,362.3771057128906,364.2678119049824,359.95877696570324,362.75083835608336,10631751,352.52349853515625,361.67032012939455,0.006472446923468711,0.018178214761129085,1
2017-10-06,368.0492858886719,369.0605919733645,361.6956244305018,362.31121353264257,12997688,356.9732421875,362.0869369506836,0.01565270014677833,0.018969356689318574,0
2017-10-09,365.2351684570313,369.2584080569421,364.0699725684971,368.9066303169028,8850408,361.3482360839844,362.3892303466797,-0.007646034212091313,0.01652569948763915,1
2017-10-10,370.7533874511719,372.5561567397226,365.3890774878893,365.3890774878893,14732024,365.292333984375,362.9454513549805,0.015108673727814326,0.017047546856417264,0
2017-10-11,369.4123229980469,377.4368184671019,367.5875694059078,371.6767621056397,15420644,367.1654541015625,363.3060028076172,-0.003617133378994719,0.017111817308774868,1
2017-10-12,383.7463989257813,385.527183582153,370.2696592153253,370.2696592153253,18642942,371.4393127441407,363.82814025878906,0.03880237619417537,0.017467851391565623,1
2017-10-13,385.3733520507813,391.6390468293051,384.0102975852104,386.6265144876887,21509701,374.90412597656257,364.5448501586914,0.004239657048390022,0.01530893579236705,1
2017-10-16,385.52728271484375,392.2106789352874,378.7119514828021,386.494620240369,32009221,378.962548828125,365.31432342529297,0.000399432558694901,0.014491581242988986,0
2017-10-17,384.4499816894531,388.69306403032414,381.3061130622782,386.05486306295046,13898844,381.7018676757813,365.94748840332034,-0.0027943574260279602,0.014627953678989676,1
2017-10-18,402.1038818359375,403.5988419456188,384.7358049344909,385.791079527061,36671941,388.24017944335935,367.616145324707,0.04591988811887804,0.018136666485177342,0
2017-10-19,400.0812683105469,405.3576412543577,397.0473501989178,402.6754715551483,8014767,391.5071533203125,368.9956985473633,-0.005030077093898466,0.018825277760903127,1
2017-10-23,413.2062683105469,415.3827998520189,399.7295245439685,401.4003883480767,27455320,397.0737365722656,371.1590148925781,0.032805834813071755,0.02012378000335325,0
2017-10-24,410.7878723144531,416.7018181492623,408.1277164485432,416.7018181492623,13857773,402.1258544921875,373.7279510498047,-0.005852757282656218,0.019938185537945192,1
2017-10-25,413.2722473144531,415.9104193146825,408.6993708417474,413.3601844243604,10011782,407.8903076171875,376.3298675537109,0.006047829469751909,0.019986946621207285,1
2017-10-26,416.5699157714844,421.1427622206605,409.35886835828296,413.3161551285705,16840049,410.78351440429685,379.1285430908203,0.007979409404963222,0.019365439848743473,0
2017-10-27,408.8531494140625,420.6590554212968,407.0283961775313,417.7130749873604,11498547,412.537890625,382.00196380615233,-0.01852454069596088,0.019115979625582827,1
2017-10-30,414.41546630859375,415.7565366095296,409.1830614205014,410.6780216664539,7823263,412.77973022460935,385.4327087402344,0.01360468154031036,0.019221014559613163,0
2017-10-31,413.6898498535156,415.8443672350485,409.88645335173896,415.4926188793692,9504986,413.36012573242186,388.9491912841797,-0.0017509396102939334,0.01932049799942941,1
2017-11-01,418.83441162109375,421.1428194335284,415.84446186294304,416.72386230375264,17571371,414.47255859375,392.3392669677734,0.012435794036038672,0.01903981745748031,0
2017-11-02,416.21820068359375,420.5712343970542,415.184910286993,418.9443391549572,10277678,414.4022155761719,395.14784088134763,-0.006246408759428279,0.014279748867293418,0
2017-11-03,415.6466064453125,420.329374936551,413.3821671705771,420.329374936551,4798537,415.7609069824219,397.8113159179687,-0.0013733042844894516,0.01408114520357135,0
2017-11-06,410.0184326171875,414.4154346102954,408.4795039332275,414.4154346102954,9757496,414.8815002441406,399.9097732543945,-0.013540766942038096,0.010747115282235835,0
2017-11-07,398.67425537109375,411.1177089086464,397.069373729266,410.3922277363092,20447574,411.8783813476563,401.5817276000977,-0.02766748112684292,0.013709875073006323,0
2017-11-08,390.3638916015625,398.3664021134632,388.7370259814017,396.82747358890566,17752793,406.18427734375,402.5622528076172,-0.0208449972817929,0.014380120432890045,1
2017-11-09,395.9480895996094,400.0812506693049,392.2326297512441,393.419809942316,15007224,402.1302551269531,403.8890411376953,0.014305108946261358,0.015161398126475063,0
2017-11-10,388.6270751953125,396.1459017607677,386.58247917429856,396.1459017607677,13923102,396.7263488769531,404.13307495117186,-0.018489833886305762,0.015157951629423941,0
2017-11-13,384.8456726074219,392.166640906183,384.0761937083572,389.1327232069983,9088619,391.691796875,404.10669097900393,-0.00973015733911542,0.013709994989049712,1
2017-11-14,389.8802490234375,393.5297266526305,383.8563816887379,384.73578202209205,12481463,389.93299560546876,404.32433929443357,0.013082065810705812,0.0151071086755631,0
2017-11-15,388.5611572265625,391.5950457703232,386.032877638094,388.9129056138968,15272059,389.57244873046875,404.52989807128904,-0.0033833255215647284,0.013752061917544316,1
2017-11-16,397.4210510253906,398.36640415948153,389.3525876503477,389.3525876503477,15160866,389.867041015625,404.2957565307617,0.02280180001024168,0.016759298194187835,1
2017-11-17,400.9606323242188,406.6766902650828,399.4656430040309,404.0605029820047,12219276,392.33375244140626,404.3397247314453,0.008906375970008762,0.017278525769575264,1
2017-11-20,404.8959655761719,406.4349236727002,397.9267736422081,398.4543962914145,9231195,396.34381103515625,403.92420959472656,0.00981476218535815,0.01734229019844825,1
2017-11-21,410.0404052734375,413.1622604567484,406.9405343656815,407.51215488161296,13082246,400.37584228515624,403.88683624267577,0.012705583988581015,0.015019323573840547,0
2017-11-22,409.2489318847656,412.7225351419553,406.039110557293,412.1948832280215,11058315,404.5133972167969,403.68567047119143,-0.001930232675836141,0.012707464751773702,1
2017-11-23,416.3940734863281,417.6691908418121,407.4462090190028,409.3588997279804,16031638,408.30800170898436,403.67687835693357,0.017459157605264952,0.013005031065892063,1
2017-11-24,418.1968383789063,421.89031436132217,416.56997251160783,417.7131842796163,13987125,411.7552429199219,404.1440628051758,0.004329468182590279,0.010072740622225154,1
2017-11-27,418.30670166015625,421.010855439626,415.0749253002052,416.5039618253441,10237135,414.43739013671876,404.33862457275393,0.0002627071062417663,0.008567009986372002,0
2017-11-28,414.78912353515625,418.3066954069511,412.4807160770565,417.64716719120855,10153618,415.3871337890625,404.3935882568359,-0.008409088620955907,0.009861189712853519,1
2017-11-29,415.954345703125,417.7131464259867,413.7558594752991,414.1295921545187,8038351,416.72821655273435,404.2495849609375,0.0028091917117734067,0.009370877964852517,0
2017-11-30,405.2037353515625,413.9537115776196,404.3023507287649,413.9537115776196,20637767,414.4901489257812,403.69886169433596,-0.02584564979935422,0.012340709689726915,0
2017-12-01,400.1692199707031,409.46883312587073,399.113945343553,406.478883457028,11114967,410.88462524414064,402.9249923706055,-0.012424651950681875,0.012849321855965623,0
2017-12-04,396.4317626953125,401.7960727634677,394.5630405439277,401.664167108288,10103208,406.5096374511719,402.2456588745117,-0.009339692032446334,0.01262910840735554,1
2017-12-05,401.7520751953125,404.8519459226566,393.7276096242593,396.1899070461138,18306627,403.9022277832031,402.39954986572263,0.013420500072515829,0.012723515919216855,1
2017-12-06,407.44622802734375,409.05110959665984,399.5976063418999,400.1252583403562,24078081,402.2006042480469,403.25366668701173,0.014173300360086571,0.013709529436189456,1
2017-12-07,409.6007080078125,411.5573671790572,405.8412795897916,408.941150408589,12095301,403.0799987792969,403.93629760742186,0.005287765187813154,0.012432963181091156,0
2017-12-08,404.9618835449219,411.9750727807388,404.1044968137722,410.61201836946015,12224184,404.0385314941406,404.75303802490237,-0.011325235460291627,0.012591654633874266,0
2017-12-11,402.8293762207031,407.1604254645617,401.6861644870184,405.5994831243453,10792248,405.31805419921875,405.65222320556643,-0.005265945786184556,0.012546990081603347,0
2017-12-12,402.5875244140625,408.47948628420266,399.2458265248869,402.7414143406591,15782031,405.4851440429687,406.28758697509767,-0.0006003827449468924,0.012463508750725624,0
2017-12-13,402.1697998046875,406.6986776443967,400.4329834596337,403.15912148393954,9147866,404.4298583984375,406.96801910400393,-0.0010375994884167516,0.012325944154018614,1
2017-12-14,405.1817626953125,406.6767227835391,399.5755963235818,404.082519566807,10983157,403.5460693359375,407.3560546875,0.0074892816220604175,0.009798287069166117,0
2017-12-15,404.4122924804688,410.2163174580765,403.510907812253,409.3589013418954,24408414,403.4361511230469,407.5286376953125,-0.001899074158039804,0.008828106940289276,1
2017-12-18,404.9618835449219,410.0843664141735,379.3055299998507,400.98264168687433,18581421,403.86265258789064,407.53193359375,0.0013589870403842852,0.008036449680845876,1
2017-12-19,407.1383972167969,407.6000669751246,404.5221805317704,406.1051069776101,8891691,404.7728271484375,407.38683319091797,0.005374613661963457,0.007136171793827263,0
2017-12-20,403.7087707519531,407.7759792660692,403.203132397973,407.116450978269,10443493,405.08062133789065,407.10982513427734,-0.008423736224067113,0.0061337190956070155,0
2017-12-21,401.4223327636719,406.2590201230297,400.1252311598564,403.8406617675994,9071450,404.3287353515625,406.36123809814455,-0.005663582646526333,0.0058776616034319044,1
2017-12-22,404.6980590820313,405.5774594112423,399.8174033982357,402.1698088181132,10658428,404.385888671875,405.6862991333008,0.008160299143814553,0.005668594380475974,1
2017-12-26,408.8312377929688,412.8324933208791,403.708754868408,406.6547358258531,11596338,405.1597595214844,405.21252593994143,0.010212993658315739,0.006176856038039669,0
2017-12-27,406.1710815429688,412.2169040307848,404.0825166785862,410.2382898948193,9520350,404.96629638671874,404.7816238403321,-0.00650673432969695,0.006662968396675449,1
2017-12-28,406.3689575195313,410.8538672967761,404.1265026309089,406.830627322452,15511891,405.49833374023444,404.30235443115237,0.000487173965735721,0.0066309041790387135,0
2017-12-29,404.9838562011719,409.9304647272447,403.8626288487955,407.3802301791146,11089700,406.2106384277344,404.29136047363284,-0.0034084821016203692,0.006346077043135801,0
2018-01-01,400.0152893066406,405.70936311758567,399.0259676099473,405.70936311758567,9453202,405.2740844726563,404.28366394042973,-0.012268555445980933,0.00743844958614397,1
2018-01-02,400.630859375,404.3243349654804,398.5422945557765,401.44430689808223,9499419,403.63400878906253,404.49361877441413,0.0015388663503996813,0.0074451843760344905,1
2018-01-03,402.2356872558594,407.1603105778281,401.46620844116205,406.7205958187886,13507800,402.8469299316406,404.51779937744146,0.004005752036582821,0.007325566380651065,1
2018-01-04,404.6540832519531,405.31364082486886,402.6314713366122,403.7087301164242,9008932,402.503955078125,404.3781921386719,0.006012385456378944,0.007161505205553145,1
2018-01-05,405.95123291015625,407.55614380891217,404.6321469594076,405.3136888871881,7441284,402.6974304199219,404.1957183837891,0.0032055765946528147,0.006890886186023753,1
2018-01-08,408.2816467285156,409.3589056161184,406.0611761245693,407.2043878409128,8827020,404.3507019042969,404.3617065429688,0.005740625054032389,0.006655603212554193,1
2018-01-09,413.7338562011719,415.0309577327552,406.2809817737514,408.1057058870631,14294571,406.97130126953124,404.9069305419922,0.013354040075873597,0.007196031464158128,1
2018-01-10,414.3494567871094,416.5699272501448,411.3375230779073,414.6352523601828,11727682,409.39405517578126,405.49502716064455,0.0014879144568680225,0.006667388752261785,0
2018-01-11,412.3268737792969,414.48139156921326,411.1176798744526,414.1076295189599,7849171,410.92861328125,406.00288085937507,-0.004881345865626829,0.007011384196554559,1
2018-01-12,417.2734375,418.9443011456159,412.5467008484465,414.6352657297149,15071161,413.19305419921875,406.60746459960944,0.011996704642033285,0.007494058078298007,1
2018-01-15,417.3394165039063,421.450593697631,415.6026292741727,417.7131785633841,11120925,415.0046081542969,407.2538208007813,0.00015811934807441475,0.005420909524749544,0
2018-01-16,405.8193054199219,416.701844644829,404.5222038156024,416.701844644829,10825151,413.42169799804685,407.2966918945313,-0.02760369768206783,0.011486933306868327,1
2018-01-17,406.5008544921875,408.4794980225794,398.8061231292183,407.1604121194858,13204016,411.8519775390625,407.2648147583008,0.0016794397485855317,0.011450618314866266,0
2018-01-18,404.3903198242188,408.7433240067522,402.36770766949553,408.47951268696335,9381821,410.26466674804686,407.2988922119141,-0.005191956289010147,0.011466322622517205,1
2018-01-19,409.4907836914063,410.8538380784073,405.4455597284336,405.8412766742237,9973533,408.7081359863281,407.7023147583008,0.012612724927254959,0.012125947126528862,1
2018-01-22,427.1666564941406,428.3978052812969,413.3161812735028,416.8337534298782,45700733,410.673583984375,408.82574462890625,0.0431654960421648,0.018084943970884424,1
2018-01-23,432.3331298828125,435.7187965565298,428.7056361648663,428.7056361648663,22526810,415.9763488769531,410.00083923339844,0.012094748759358565,0.018022091536846703,0
2018-01-24,424.9022216796875,431.6735547529914,423.27532656318414,431.6735547529914,14289485,419.6566223144531,410.93739624023436,-0.017187922205127326,0.01929741503364453,0
2018-01-25,424.7043151855469,427.3864552400304,420.417235120348,425.5836861204596,13669901,423.71942138671875,411.85416412353516,-0.0004657694971758053,0.019155059847708076,0
2018-01-29,424.0887756347656,429.7168970320304,421.8023522343613,424.8362703681104,9897064,426.63901977539064,412.80941009521484,-0.0014493367003166613,0.01893382007020759,0
2018-01-30,417.8890075683594,424.6603695937107,417.2734185291451,424.6603695937107,9182956,424.7834899902344,413.7030960083008,-0.014619033614192145,0.019638121303809247,1
2018-01-31,422.6817626953125,424.0887857402805,413.9977093299284,417.71316945774777,12551686,422.85321655273435,414.8056411743164,0.01146896673554898,0.01720495188669753,0
2018-02-01,415.0090026855469,427.6503134810664,411.82119464193335,423.5391658544019,16524809,420.87457275390625,415.4443069458008,-0.01815256934871945,0.018614428165732545,0
2018-02-02,397.6408996582031,415.0529439106164,396.16792392595465,411.1176413978391,28965593,415.4618896484375,415.0936477661133,-0.041849942808357854,0.02326625313888025,0
2018-02-05,396.673583984375,401.2244757796737,387.72574902559705,393.0900590160554,19191099,409.9788513183594,414.62976531982423,-0.0024326362671938107,0.022737118502129634,0
2018-02-06,392.254638671875,394.8488713165877,382.97700995694254,385.6152111540316,24062503,404.8519775390625,413.8284149169922,-0.011140004000553927,0.01598297527561553,1
2018-02-07,393.2659301757813,398.1026175157178,391.3312552398066,396.84948446786,15532284,398.9688110351563,412.80501861572264,0.002578150528264933,0.014873672574801693,1
2018-02-08,397.7288818359375,400.4110516638706,392.3645715315757,394.80491431436445,13825894,395.5127868652344,411.97398986816404,0.011348431983826623,0.015899576062580714,0
2018-02-09,394.7829284667969,396.6076527880399,389.5724787694808,390.8915940771199,11580639,394.9411926269531,411.09679260253904,-0.007406938504294525,0.015759154938418323,1
2018-02-12,402.5435791015625,403.7307593839146,396.6296326147951,397.0473632197457,11877059,396.1151916503906,410.3602996826172,0.019658019825997464,0.017880569686690627,1
2018-02-14,410.5240478515625,414.4153816437212,404.9618505804261,405.8412508666512,22247829,399.7690734863281,410.01953125,0.019825105067659,0.0191088261491559,1
2018-02-15,411.4034729003906,415.84441379405536,408.1057142906776,412.2828732395473,13363743,403.39658203125,410.2987396240234,0.0021422010560172566,0.018620894905583857,0
2018-02-16,405.09381103515625,414.4593762421712,403.6867587481529,413.1402610541679,9628162,404.86956787109375,410.2283874511719,-0.015336919303940988,0.018378346479551052,1
2018-02-19,407.60009765625,409.79858394534585,401.6861513406502,404.96189649843313,8941900,407.43300170898436,410.3888763427734,0.006186928935520752,0.012079574700499952,0
2018-02-20,405.005859375,408.7213193494409,403.9945826995693,408.4794923183597,8458450,407.9254577636719,410.1646301269531,-0.00636466550466297,0.012321086546554696,1
2018-02-21,408.6333923339844,410.0184310795045,405.4675685217216,408.9191879232259,11917390,407.5473266601563,409.2379669189453,0.008956741921172018,0.011526014633227258,0
2018-02-22,406.4348754882813,409.3588720438302,404.5221849086552,405.4015852379144,11196908,406.55360717773436,407.94305419921875,-0.005380169332579121,0.01191544103292035,1
2018-02-23,410.7878723144531,412.4367515729764,405.731342520016,406.89653839741874,10610664,407.6924194335937,407.23733673095705,0.010710195135056333,0.011869535568514026,1
2018-02-26,412.7445373535156,415.4706754324035,411.8211684776262,412.8764429998568,8435611,408.7213073730469,406.6393478393555,0.004763200598007611,0.011258020310310562,1
2018-02-27,417.9329833984375,420.26337524552326,412.5906578294948,412.87645340376895,14021366,411.3067321777344,406.33155822753906,0.012570598942846845,0.010388352146768448,1
2018-02-28,419.7137756347656,420.8350030278222,414.7231983785712,415.9323628729262,56650480,413.52280883789064,406.42279663085935,0.00426095165269702,0.008760218499932965,0
2018-03-01,417.0096130371094,422.06614301404807,415.9323542171204,417.6032178100225,8956590,415.63775634765625,406.1391891479492,-0.006442873106956126,0.009182546784806412,0
2018-03-05,406.3250122070313,417.7791436964025,405.2257689761773,414.6353039469495,12325694,414.74518432617185,405.7049896240234,-0.025621953298058053,0.011538339162741908,0
2018-03-06,400.49896240234375,411.6453128884909,397.9707120301943,408.4794891787069,16019726,412.2960693359375,405.84789276123047,-0.014338398153345921,0.01219435322255965,0
2018-03-07,391.2213134765625,399.7954152379052,390.47381880127335,399.7954152379052,15853546,406.9537353515625,405.57527923583984,-0.023165225872572637,0.013942233979118503,1
2018-03-08,400.76275634765625,402.1038557909865,392.782259268476,394.6949204955266,13283967,403.1635314941406,406.0006851196289,0.024388862626896213,0.01613906066750611,1
2018-03-09,401.4882507324219,404.2363729812012,400.5868661651983,402.2797139318743,10638527,400.05925903320315,406.41180114746095,0.0018102839479829935,0.016123262111358738,1
2018-03-12,409.0510559082031,410.2822339591728,403.4449192626303,404.5221780436031,8315150,400.6044677734375,406.97790985107423,0.01883692776061241,0.016967736817510876,1
2018-03-13,409.7326049804688,411.5573584635263,405.11578993817983,409.7545892549272,11148731,402.4511962890625,407.7253936767578,0.0016661711598628948,0.016893279858761642,0
2018-03-14,408.5014953613281,409.8205813066028,404.1704754724315,408.3915739785139,14724464,405.9072326660156,408.0232894897461,-0.003004665980144261,0.016249434327225164,0
2018-03-15,400.9166870117188,408.6773714867615,400.1252530517518,406.7207121605015,12711836,405.9380187988282,407.5429214477539,-0.01856739433205845,0.016839808609762894,0
2018-03-16,395.7502136230469,399.99329587911296,389.5944408403758,399.6854866939291,30814962,404.79041137695316,406.76025848388673,-0.01288665090790031,0.017046815457611404,0
2018-03-19,393.7496032714844,398.76213533161535,392.21064533256566,396.1679322023547,12630833,401.7301208496094,406.19304809570315,-0.005055235051542151,0.015461107134879847,0
2018-03-20,391.2433166503906,397.48702694206247,390.0341521578806,392.7822746237687,15192983,398.0322631835937,405.37520904541014,-0.006365178784359826,0.015012303354791295,1
2018-03-21,394.36517333984375,396.7615180589525,392.78227616119017,393.4637886978802,14715126,395.2049987792969,404.84317474365236,0.007979322729857019,0.013323053689795746,1
2018-03-22,399.311767578125,400.9826311492038,393.8595207247912,393.9694420976908,22129723,394.88401489257814,404.37709350585936,0.0125431822399249,0.01138649691695936,0
2018-03-23,393.046142578125,395.7282832532222,390.9355931429801,391.5951214967712,23469999,394.34320068359375,403.70765686035156,-0.01569106024097855,0.012331176381800257,1
2018-03-26,396.2119140625,397.6189370483925,392.43050126406655,393.06807460615215,13227705,394.8356628417969,402.9788589477539,0.008054452496619291,0.010659555393824393,0
2018-03-27,395.6402893066406,400.4549923552289,394.409140538242,398.8940794573045,15179544,395.7150573730469,402.12364654541017,-0.0014427248034979412,0.010548803954604682,0
2018-03-28,388.1214599609375,393.90350044850135,386.9342797484401,393.8815161732977,19160609,394.4663146972656,400.63307037353513,-0.019004205458650003,0.01163250612261599,1
2018-04-02,392.6283264160156,396.1459276094128,389.79229640942697,392.6503106896868,12494499,393.12962646484374,399.27879791259767,0.011612000159773928,0.011648891893148952,1
2018-04-03,395.53033447265625,396.4756875821662,389.2426561592183,391.7709356595587,13922126,393.62646484375,398.204833984375,0.007391234563055349,0.011308136792198041,0
2018-04-04,393.4857482910156,400.9166383628737,392.232615321624,397.7947834006433,14214534,393.08123168945315,397.56287078857423,-0.005169227246164532,0.011313857410777502,1
2018-04-05,399.3337707519531,400.1252340257902,397.2671901406303,397.9707163119858,8527915,393.81992797851564,397.5046112060547,0.014862094717118968,0.01196164434702829,1
2018-04-06,400.5649108886719,403.8626402150307,397.9267391681857,399.2458250284288,9664888,396.3086181640625,397.97179107666017,0.003082985279207584,0.011793892489343953,1
2018-04-09,402.7633666992188,404.0824818113761,401.24642247718776,401.24642247718776,7813897,398.33562622070315,398.07182159423826,0.005488388400445743,0.011267402620198597,1
2018-04-10,403.2251281738281,406.2370621618576,401.9500107628789,403.8187036497765,8455132,399.8745849609375,398.1586654663086,0.0011464833020777832,0.009651810599998475,1
2018-04-11,409.29296875,410.1283712799641,402.7854172665882,405.3136971880992,13140816,403.03602905273436,398.17076110839844,0.015048269942036008,0.010320981906227844,0
2018-04-12,408.3475646972656,411.8431523766241,406.3689213009491,408.85320300777926,10822592,404.8387878417969,398.1015090942383,-0.002309846796590964,0.010368801566008579,1
2018-04-13,412.8105163574219,414.0636494286388,408.34759096716544,410.1063623814248,12616816,407.28790893554685,398.316960144043,0.010929296623735096,0.007022465175817927,0
2018-04-16,412.0190124511719,413.3161432975592,408.2596136082108,410.8758008716018,8934275,409.1390380859375,398.8720764160156,-0.0019173540277852563,0.0071674690651150775,1
2018-04-17,415.1848754882813,416.482006458331,411.5573819411922,413.3161827012067,9599816,411.53098754882814,399.8438095092773,0.007683779003971658,0.007179556825110851,0
2018-04-18,412.4367980957031,416.9217079186216,411.13966707604186,415.6246062504644,7360987,412.1597534179688,400.7781692504883,-0.006618924616043076,0.0074158649156956125,1
2018-04-19,414.3275146484375,415.5146949626701,411.11769278763575,412.9204622118246,9802587,413.3557434082031,401.9323791503906,0.004584257664360214,0.006514510369274148,0
2018-04-20,407.9957885742188,414.1295772568303,405.0498370939298,412.43675877211217,7326696,412.3927978515625,402.61390991210936,-0.01528193482296547,0.008873097231640259,1
2018-04-23,411.5574035644531,415.22886585586633,408.2596739797901,408.91920228582006,7674482,412.30047607421875,403.22619171142577,0.008729538612838983,0.009076604501366473,1
2018-04-24,426.5291137695313,429.013425149331,411.1176951693046,411.4694729562481,19921115,414.56932373046874,404.9003402709961,0.03637818218165889,0.01408079490608895,1
2018-04-25,426.7269592285156,431.69552279157006,423.6710569446757,428.1119979069819,14079382,417.42735595703124,406.42609252929685,0.0004638498348583653,0.013759169555124183,1
2018-04-26,428.8594665527344,434.4216345551843,423.0994107355251,427.826176337548,34096999,420.3337463378906,408.08705139160156,0.004997357861040941,0.01356389945865276,1
2018-04-27,438.0711059570313,444.5346580096282,433.32235646546127,435.21306255332246,25518647,426.34880981445315,410.58453369140625,0.021479389223565626,0.014457628517226465,0
2018-04-30,423.5611267089844,436.4442638257751,422.1101058842767,431.7834802106568,19406069,428.7495544433594,412.1311737060547,-0.033122429328790615,0.01901701114314237,1
2018-05-02,427.69427490234375,430.5522892138652,424.33056358785217,425.1879796219088,13381914,428.9825866699219,413.73937072753904,0.009758091412857883,0.01908582205754012,0
2018-05-03,422.8136291503906,429.9807080724625,421.7803389010567,429.9807080724625,8634812,428.1999206542969,415.2057647705078,-0.011411529305758283,0.019415342310098428,0
2018-05-04,419.449951171875,424.17668762438456,417.7131347727149,423.36324011139175,8302649,426.318017578125,416.2115737915039,-0.007955462517314493,0.019680213426946494,1
2018-05-07,426.9468078613281,427.9361296028641,420.5052390794284,421.6044821976347,7683268,424.09315795898436,417.5306686401367,0.017873066067854104,0.019346875473102387,0
2018-05-08,425.2319946289063,431.7835144308885,424.3965627774853,429.804870859656,10792648,424.4273315429688,418.6541000366211,-0.004016456384840272,0.01947275073974383,1
2018-05-09,429.4530944824219,432.7947925474591,423.099462498123,424.7043733772384,9831044,424.7790954589844,419.96549835205076,0.009926581035369253,0.01598648195119694,1
2018-05-10,431.4096984863281,432.92667206546025,428.375780679564,430.90406019428417,8781584,426.49830932617186,421.0713348388672,0.004556036570802613,0.01602926086145193,1
2018-05-11,434.9713134765625,435.8726687866166,429.914783272402,431.4537119337536,8774740,429.6025817871094,422.402522277832,0.008255760134115775,0.016147520547317072,0
2018-05-14,433.8060607910156,436.15846621363016,429.4530570402823,436.15846621363016,5642499,430.97443237304685,423.4522994995117,-0.0026789184698950974,0.014561227999783204,0
2018-05-15,430.4424133300781,439.69805778847046,429.4311072717727,432.2451826843407,10501479,432.0165161132812,424.373469543457,-0.007753804672078868,0.009727737585173209,0
2018-05-16,420.4172668457031,428.2658878440676,418.7904011418488,428.2658878440676,18840763,430.2093505859375,424.6350891113281,-0.023290331468073466,0.012014212819157941,0
2018-05-17,415.6685485839844,422.1101173168453,413.97570069314287,421.824321739678,10353948,427.0611206054688,424.7966766357422,-0.011295250305362825,0.012003766626701535,0
2018-05-18,410.6120300292969,419.25208522362976,409.7985824738615,415.7784815955716,11440117,422.18926391601565,424.6109024047852,-0.012164785071935413,0.012319567893656718,0
2018-05-21,409.51275634765625,411.425446901046,405.4455482253105,409.24894505794754,14491208,417.3306030273437,424.686750793457,-0.0026771589754985836,0.010147891210478608,0
2018-05-22,407.4902038574219,410.6780121275241,406.72072479870616,410.3042794125933,11310073,412.7401611328125,424.48339080810547,-0.004938924267641975,0.010151099903809439,0
2018-05-23,401.1145629882813,407.1604150015514,399.7514791723163,407.1604150015514,9991028,408.87962036132814,423.212663269043,-0.01564612059084336,0.009387637262276918,1
2018-05-24,402.6973876953125,404.96182642013184,400.19112197787126,401.8839402777226,11632489,406.28538818359374,422.0111846923828,0.003946066418629268,0.009307556559617309,1
2018-05-25,404.87396240234375,406.01717410710506,402.08190064426464,402.76341320101454,17782410,405.1377746582031,420.8119094848633,0.005404988394605903,0.008825529928174144,0
2018-05-28,404.6980590820313,407.6000713629773,403.6867531061637,406.6767024848808,11369679,404.1748352050782,419.1432571411133,-0.0004344643929896641,0.008977946778790893,0
2018-05-29,403.4009399414063,408.0397390524784,402.0598699073972,405.1817247965904,17878384,403.35698242187505,418.1352478027344,-0.0032051528578299626,0.009044021903441536,0
2018-05-30,402.807373046875,405.9292282293453,398.6302432865486,402.25776615814925,13105124,403.69554443359374,416.8909027099609,-0.0014714068207613007,0.006903012677369967,1
2018-05-31,405.1158447265625,405.5335459977644,402.1258949413388,404.9619254330355,37080158,404.1792358398437,416.00601348876955,0.0057309568646324305,0.007069484082762218,1
2018-06-01,409.1610412597656,411.44746465964994,403.8406703753189,404.5222122806992,19174278,405.0366516113281,415.49156799316404,0.00998528343400995,0.0071897320088523025,1
2018-06-04,413.6898498535156,415.0748883555016,409.1609723681502,410.4141052367564,12250151,406.835009765625,414.82872009277344,0.011068523483580561,0.007963593068280959,1
2018-06-05,416.6798400878906,419.91161647940135,413.7558435379996,414.5473067679516,17436812,409.49078979492185,414.40111236572267,0.007227613235939234,0.007876894245071545,1
2018-06-06,419.6477966308594,420.3512933973616,414.4813454943552,416.3940360312845,9164022,412.85887451171874,413.91084747314454,0.007122870504948642,0.0048253519781295325,1
2018-06-07,427.10064697265625,429.1452430384665,419.6697573333403,419.867615787806,14999572,417.2558349609375,413.6953948974609,0.01775977474832957,0.006367908506280398,1
2018-06-08,432.8167724609375,433.7840805465304,422.3739191249521,424.90219876680175,14289325,421.9869812011719,413.58766784667966,0.013383556144898945,0.006782686963302921,0
2018-06-11,432.06927490234375,439.6760393490657,430.486348433424,434.0259340382162,15018718,425.6628662109375,413.5008285522461,-0.0017270531230654251,0.006944497912837137,1
2018-06-12,438.4449157714844,439.698048842878,431.0360093705574,432.3990638208888,16285583,430.01588134765626,413.9009536743164,0.014756061676872712,0.006434312636964013,1
2018-06-13,440.79730224609375,442.2922917374588,435.0812436507373,439.6980590796212,12962502,434.24578247070315,414.9199554443359,0.005365295365485467,0.00557691790047106,1
2018-06-14,443.1936340332031,444.8864524978692,434.1578331747486,438.5767896943391,11997529,437.4643798828125,416.29620971679685,0.005436357652142565,0.005597241289059133,1
2018-06-15,445.9417724609375,450.03096528434185,439.3682976970795,442.3362630706637,24705890,440.0893798828125,418.0626968383789,0.006200762413316907,0.005653720527262991,1
2018-06-18,446.5353088378906,448.6898263015679,442.7758807372397,443.56734391919247,12363932,442.9825866699219,419.9138244628906,0.0013309728166475132,0.006019417825477762,0
2018-06-19,437.9612426757813,446.2055805499414,436.905938780823,445.8098342514566,13881382,442.88585205078124,421.43737640380857,-0.019201317325663103,0.010429388873967948,1
2018-06-20,448.1622009277344,449.76711165971903,437.4335815203476,437.93921983084886,15735681,444.35883178710935,423.7897583007813,0.023291920055822812,0.01193273540981324,1
2018-06-21,453.7464294433594,455.5272145536468,449.06363176299374,450.0089850097201,22988909,446.4693908691406,426.3422103881836,0.012460284477506578,0.011494624447555977,0
2018-06-22,445.19427490234375,452.53722816258426,443.4134899365319,452.1854504134907,35370008,446.31989135742185,428.3582260131836,-0.018847871820186213,0.013566751271213656,0
2018-06-25,441.6546936035156,446.953050652031,440.70934042415786,444.7105958922529,11369371,445.34376831054686,430.2060577392578,-0.007950644243133076,0.013940530961842309,0
2018-06-26,430.4424133300781,442.3362589911599,428.81554753719774,442.3362589911599,17649122,443.8400024414062,431.5581314086914,-0.025386983169940147,0.015627770276353235,0
2018-06-27,427.5212097167969,436.17475776935953,426.1268830120047,433.1205591247422,19595831,439.71180419921876,432.7938232421875,-0.006786514346208694,0.015486554502226045,0
2018-06-28,418.2701110839844,428.69421733753336,416.21184731295983,425.8170683951717,18770484,432.6165405273438,433.45153656005857,-0.02163892322193961,0.01620833952880861,1
2018-06-29,430.442626953125,431.79269130556816,420.0627828605445,420.107045327988,17425606,429.6662109375,434.51561584472654,0.029102045655603925,0.019377361790505098,0
2018-07-02,425.1973876953125,430.3983754914588,423.6039092788918,430.3983754914588,14570004,426.3747497558594,435.0909927368164,-0.012185687312013638,0.019484705671669388,1
2018-07-03,429.9335632324219,433.0984179639587,425.0866758200199,427.1449394344735,11084063,426.2729797363281,435.753678894043,0.011138769132098325,0.019339889795758396,1
2018-07-04,438.2551879882813,439.09620441578414,429.8008203413119,430.1549200801727,10938521,428.419775390625,436.6840484619141,0.019355606232027922,0.01880788746927582,0
2018-07-05,426.9236450195313,446.3554283988937,424.3121005108988,441.30935969244535,40946479,430.1504821777344,436.6751983642578,-0.02585603839800521,0.019411211446536222,1
2018-07-06,432.70013427734375,435.11249803152606,426.92370455129407,427.0343607283014,20039239,430.60198364257815,436.66936645507815,0.013530497373946515,0.019710632591222597,1
2018-07-09,441.3536376953125,442.63727876250505,435.3337650073444,436.9272728855685,11309207,433.83323364257814,437.1335845947266,0.01999884615802361,0.02082821703538869,1
2018-07-10,454.0130615234375,455.252440135157,442.63728258968735,443.8545299681209,22846197,438.6491333007813,437.91199188232423,0.028683175455924026,0.020484269682223725,1
2018-07-11,459.8116455078125,460.74118690119207,450.538392356147,453.7032475214379,18953870,442.9604248046875,438.86270904541016,0.012771843974968222,0.020107431360826804,1
2018-07-12,479.0884704589844,486.4583781690967,461.49363722739486,462.26825996028464,52736376,453.3933898925781,440.6574508666992,0.04192330737922623,0.019921847916441405,1
2018-07-13,486.8124694824219,490.884734386246,478.048235627263,478.26957749632805,39301408,464.2158569335937,442.70098571777345,0.016122281164557384,0.019228201103364866,0
2018-07-16,476.3662109375,490.8404497689805,474.97188428045774,486.812447511223,14427529,471.21837158203124,444.1925308227539,-0.021458485966943885,0.02071930287151188,1
2018-07-17,483.5148315429688,485.1083098186016,473.44482535470144,477.2957779713499,14150770,477.1187255859375,446.47021026611327,0.015006565204110922,0.02074538576969792,1
2018-07-18,483.6033935546875,488.93716869429767,476.8531603417831,486.1928070315354,10241565,481.8770751953125,448.2422698974609,0.00018316296820941602,0.02087638555293533,1
2018-07-19,489.04779052734375,493.5405489106847,480.8589981297776,483.93532808698376,11885426,483.8689392089844,450.00733795166013,0.011257979255764994,0.016646235694931046,1
2018-07-20,499.5825500488281,503.9424912089298,492.1683512652057,492.8323177444315,17538801,486.42295532226564,452.72675170898435,0.021541370241392244,0.016823536819317246,0
2018-07-23,495.8865051269531,500.0915573734525,492.6995486419767,500.0915573734525,12779803,490.32701416015624,455.43834228515624,-0.007398266655858521,0.018034421318986377,0
2018-07-24,491.7479248046875,498.7415720548085,490.1765480908057,496.6390752711268,9775749,491.9736328125,458.50361785888674,-0.008345821633533035,0.017998606115990048,1
2018-07-25,493.60693359375,497.0816552197648,488.76007557931655,491.32735759499656,13014255,493.9743408203125,461.8079040527344,0.0037804100338620916,0.017967200338368527,0
2018-07-26,491.6151428222656,496.4177982417859,490.35363284323904,491.3716992302574,14053674,494.48781127929686,465.47515563964845,-0.0040351758371443,0.013417713860866235,1
2018-07-27,500.1137390136719,503.45564380885503,492.2790462225454,495.53242608654807,14610585,494.59404907226565,468.9587112426758,0.01728709197730871,0.013551900031091715,1
2018-07-30,509.652587890625,512.2641325666103,499.29487502620094,500.1801243755461,30344461,497.347265625,473.1814712524414,0.01907335898382989,0.011384295274083451,1
2018-07-31,524.9678955078125,526.9155034693482,507.7714810538533,509.4756158594122,30350826,503.991259765625,477.9331878662109,0.030050485332715038,0.013399709401963297,1
2018-08-01,527.7785034179688,532.4483408796128,524.702173677633,526.9153558645687,21227054,510.82557373046876,482.4093536376953,0.005353866272979291,0.013147390469403032,0
2018-08-02,517.1552734375,527.4023594922769,516.0929742378468,527.4023594922769,13668930,515.9335998535156,486.9209350585937,-0.020128197551948834,0.015956618744904724,1
2018-08-03,520.9620361328125,523.8613167444269,517.6864949546758,520.0988883654771,14536058,520.1032592773438,491.3340301513672,0.007360966601015484,0.01499530501411361,1
2018-08-06,527.8892211914062,529.3941449850735,520.2537392278248,520.8512529511331,8785462,523.7505859375,495.6608093261719,0.013296909521498756,0.014624954954910847,0
2018-08-07,524.171142578125,531.7845241149437,520.9841264153655,528.9073452550091,8879612,523.5912353515625,499.16871337890626,-0.007043293297199438,0.01448446190594976,1
2018-08-08,538.9994506835938,541.1241082944092,524.5252096295219,524.5252096295219,17307566,525.8354248046875,503.1281036376953,0.02828905847913732,0.015970506787735664,1
2018-08-09,539.1100463867188,545.1962826062536,536.4763412736397,540.6813933240663,14976885,530.2263793945312,506.12918243408205,0.00020518704237026952,0.015640291194307095,0
2018-08-10,533.02392578125,537.8044504958418,532.1829387336777,536.0338923528925,7833494,532.6387573242188,508.43975524902345,-0.011289199016526918,0.016614216666953688,0
2018-08-13,525.7203369140625,531.1426369232181,523.507154442885,530.080278607436,10211072,532.20498046875,510.90746154785154,-0.013702178296185585,0.01708805161795269,1
2018-08-14,535.8567504882812,538.7781325107724,524.2153666760712,526.7383864812343,11592139,534.5421020507813,513.5245574951172,0.01928099954001916,0.015473680733356025,0
2018-08-16,531.5189208984375,538.2470533873492,529.172950660367,532.6034401641202,13086024,533.04599609375,515.9203338623047,-0.008095129128990242,0.015747512604107814,1
2018-08-17,532.8245849609375,537.9813093440746,531.1868148281834,535.1483936832545,8379864,531.7889038085938,518.1091735839843,0.0024564771095880733,0.013923657191998503,1
2018-08-20,546.6127319335938,547.4537186923733,534.5508271940995,534.6615128942748,16639535,534.5066650390625,520.4606826782226,0.025877460165744992,0.015677565024722485,1
2018-08-21,552.0571899414062,553.9605350562346,543.1159355150601,547.6529859742922,15923396,539.7740356445313,523.2692169189453,0.009960357104294326,0.015514311116854126,1
2018-08-23,561.906005859375,563.9199779212508,548.1621239226811,551.6589183723677,17429373,544.98388671875,526.7771209716797,0.017840209488104053,0.015435754092833782,1
2018-08-24,565.4691772460938,566.553637289523,557.7451695344503,560.0468770289477,14550512,551.7739379882812,530.3702331542969,0.006341223175341026,0.013527812693199588,1
2018-08-27,571.666015625,573.5914622985424,566.0224038969507,566.3100803565542,12188510,559.5422241210938,534.3727767944335,0.010958755363264183,0.013541650705691171,1
2018-08-28,583.8385620117188,585.6091196578678,573.2152752302367,573.6578998679208,19018790,566.9873901367188,538.5590179443359,0.021293108308022335,0.012830547686282272,0
2018-08-29,572.8612060546875,588.2650186194802,571.090707226938,582.6435075551111,24230135,571.148193359375,541.719448852539,-0.018802039932420467,0.013899742998441059,0
2018-08-30,564.1190185546875,574.1668923374838,562.3484610794108,572.5954863822391,21545859,571.5907958984375,543.6770050048829,-0.015260568192787427,0.015211233853279757,0
2018-08-31,549.6005859375,562.1493197768216,547.3652428141869,562.1493197768216,33479841,568.4170776367188,544.7681091308593,-0.025736470744036843,0.017743945396503768,0
2018-09-03,544.0677490234375,556.7935952912333,542.6955531399292,551.083558467456,26686176,562.8974243164063,546.1137329101563,-0.010067014220198955,0.018259671650841577,1
2018-09-04,549.7333984375,555.4212731824157,544.0012612256086,546.723432492321,19333815,556.0763916015625,547.5523010253906,0.010413499833856976,0.01661632121376503,0
2018-09-05,543.115966796875,554.4696148937215,534.9271738135313,549.9768266412864,22584608,550.12734375,548.3136383056641,-0.012037528844770273,0.01670914451759256,1
2018-09-06,558.342529296875,560.2458740433989,542.3854703318389,544.5101273633769,24487897,548.9720458984375,550.0222076416015,0.028035564098403132,0.018259812535117194,1
2018-09-07,565.9561157226562,567.1733632840924,555.2885641979899,559.8919796043765,23389269,552.2431518554688,551.3700408935547,0.01363604960447673,0.018703204687389285,0
2018-09-10,555.8861694335938,565.2479489943303,553.3409884320575,564.3626403829389,15440786,554.6068359375,552.2088470458984,-0.017792804087299996,0.019079091764612425,0
2018-09-11,547.8522338867188,561.4412268741748,546.3251490083154,557.2804361881091,23787332,554.2306030273437,552.9502624511719,-0.014452483239619007,0.01737065471347772,1
2018-09-12,554.4032592773438,557.1475914382887,543.9348603816215,554.0933629003331,17642490,556.4880615234375,554.384408569336,0.011957650230152383,0.017614142901687144,1
2018-09-14,554.69091796875,564.628107824439,552.2564231675549,557.4574108229871,17233514,555.7577392578125,555.3261169433594,0.0005188618331377626,0.017106203211888302,0
2018-09-17,542.6290893554688,553.6286379041651,540.7257440969619,553.6286379041651,14773803,551.092333984375,555.881625366211,-0.0217451344930093,0.016515596690003378,0
2018-09-18,538.7559204101562,548.6046437585512,537.5165714076329,542.6732962459503,16660044,547.6662841796875,556.1781921386719,-0.007137783471787396,0.01636522840577059,0
2018-09-19,535.9231567382812,541.7880820259376,531.6074770684515,541.7880820259376,24642640,545.28046875,555.6437133789062,-0.005257972236701214,0.015909690573146798,1
2018-09-21,538.9109497070312,547.7194178254392,523.8612958858874,539.5748867726132,41713856,542.1820068359375,554.9864013671875,0.005575039874996746,0.01570114668409224,1
2018-09-24,545.3512573242188,548.82594937841,533.1565644174077,537.5608273075529,22098277,540.3140747070313,554.1586639404297,0.011950597071164859,0.01303094820064762,0
2018-09-25,544.70947265625,551.0834453269367,528.951561303614,546.878392681093,21250513,540.7301513671875,553.1206787109375,-0.001176828070623137,0.011805642879848928,1
2018-09-26,553.9163208007812,555.0450433187049,543.182406037007,548.4276564018437,13992341,543.7622314453125,552.2331939697266,0.016902309592000453,0.012309542698632523,1
2018-09-27,554.9564819335938,559.0509078246089,547.7636242912354,555.5097923127173,23642923,547.568896484375,550.7890899658203,0.0018778308090088291,0.01125989604476265,1
2018-09-28,556.815673828125,562.9019710013282,552.1015724813706,557.6788216421263,24220992,551.1498413085938,549.9868133544921,0.003350157994467251,0.010672268508503002,0
2018-10-01,545.1963500976562,556.704946131616,532.9352921219858,556.704946131616,16039441,551.1188598632813,549.0406799316406,-0.020867450893732098,0.012628427762278608,0
2018-10-03,533.4222412109375,548.6932669178199,531.1869568120767,544.2226390246745,16135428,548.8614135742188,548.2317626953125,-0.02159608897713594,0.012602139919222693,0
2018-10-04,496.7497253417969,526.9154556769621,489.5568670978768,526.5170934450266,50774608,537.4280944824219,545.8658615112305,-0.06874950655579948,0.024773259118805204,0
2018-10-05,464.2601318359375,493.6733690845704,459.52390003318254,486.6797218717258,47998260,519.2888244628906,541.5921981811523,-0.06540435122234722,0.030683993819595978,1
2018-10-08,491.0618286132813,494.4258648450093,453.9466852504677,464.7691837675426,53983473,506.1380554199219,538.9894912719726,0.05772991247677317,0.03792409513908411,0
2018-10-09,482.4967956542969,497.2144797488349,478.57944909427255,496.4841194882264,24042005,493.59814453125,535.1972045898438,-0.017441862633003624,0.03728820223554031,1
2018-10-10,487.8305969238281,493.9168638111641,479.9516409131189,484.2009562072556,20784941,484.4798156738281,531.2909286499023,0.011054583818112862,0.03786201609489247,0
2018-10-11,481.5008544921875,493.42991434329895,461.67070791989903,470.9660918957569,28926389,481.43004150390624,527.571662902832,-0.012975287879757547,0.03663460953646301,1
2018-10-12,498.6530456542969,499.7375056679021,487.74205181625126,489.092086637831,19814528,488.3086242675781,525.111703491211,0.035622348334560794,0.039620646717316944,1
2018-10-15,504.4958190917969,507.6606738853133,494.9348610157845,500.1358186845361,19406012,490.99542236328125,522.6163314819336,0.011717111704057759,0.04001854778159329,1
2018-10-16,515.1412963867188,516.7347451698961,504.6064748587759,507.262341021569,16358598,497.5243225097656,520.6388504028321,0.021101220053886705,0.04083858590515846,0
2018-10-17,509.6082763671875,522.0242223213625,504.6064407386232,521.8693332478456,27967162,501.8798583984375,518.987809753418,-0.010740781331919469,0.04048807281750878,0
2018-10-19,487.4764404296875,491.7700475018947,473.73256019501423,486.9010283540417,55606079,503.0749755859375,516.4238357543945,-0.04342911401531746,0.03657854718648306,0
2018-10-22,470.3684997558594,493.45202534091646,468.0225300115831,491.32736792200456,28798142,497.41806640625,513.1461029052734,-0.035094907681586185,0.031590004725700956,0
2018-10-23,466.8495788574219,471.27594387522913,461.9584283750736,465.9864311784535,23128845,489.888818359375,509.543034362793,-0.007481200165963431,0.024738936569905213,0
2018-10-24,462.887939453125,476.2555881156717,456.5360983859955,475.7908026815583,29869514,479.4381469726562,505.4198684692383,-0.00848590120610726,0.02438872285530514,0
2018-10-25,456.2705078125,460.63050852172944,449.896535320371,458.5722447244144,30833933,468.7705932617188,500.99792022705077,-0.01429596901669783,0.023978973009588612,1
2018-10-26,462.51165771484375,467.8675930652,452.3752876806667,457.2000143755332,20085933,463.77763671875,496.4276870727539,0.013678617827537654,0.02463991073035096,1
2018-10-29,481.5008544921875,484.1787928343291,462.9986114742478,462.9986114742478,16781215,466.0041076660156,492.7549057006836,0.041056687892289556,0.02564399800407088,0
2018-10-30,467.86761474609375,480.4827719550035,465.6986652988151,480.4827719550035,19263668,466.20771484375,488.30750274658203,-0.02831405099056772,0.02617607880117776,1
2018-10-31,469.748779296875,471.784911714554,463.441200957964,468.7528443197992,35999348,467.5798828125,484.53512420654295,0.004020719732444222,0.02463609956508312,0
2018-11-01,467.5356140136719,472.6923389405378,464.76915084726494,472.6923389405378,20552752,469.83290405273436,481.2407928466797,-0.004711380594784709,0.02466004615918158,1
2018-11-02,475.7908020019531,478.4909010289118,470.5898145896325,472.2939785994359,36739798,472.4887329101563,480.1928466796875,0.017656811033950115,0.022460591418913847,1
2018-11-05,482.60748291015625,483.6698117450583,471.4087528995298,475.149049830692,16585905,472.71005859375,481.11021423339844,0.014327054830654662,0.019683123588447326,1
2018-11-06,488.7158508300781,492.2126744103127,483.1828650990341,484.2451938681429,18886485,476.87970581054685,480.99291534423827,0.012657010378471556,0.019550335659303246,1
2018-11-07,491.6372375488281,493.5405827676993,489.8667092816277,493.5405827676993,2808599,481.2573974609375,481.44993743896487,0.005977679491647514,0.018988534645995002,0
2018-11-09,484.0017395019531,493.0094173785556,480.2614724335663,489.6675125093092,23712291,484.5506225585938,481.2584945678711,-0.015530756142361324,0.01914007347025393,0
2018-11-12,478.0482177734375,486.3697971273839,475.6358544653111,485.8829100385789,12690610,485.0021057128906,481.0858627319336,-0.012300620519756666,0.01974783649732232,1
2018-11-13,486.6575622558594,488.2289093220157,473.6440133349889,475.3924398100861,14899604,485.81212158203124,480.48608856201173,0.018009364248905424,0.015832283968184098,0
2018-11-14,485.99359130859375,492.5003509359988,480.4827666892778,489.1363149600316,17034346,485.2676696777344,479.56097717285155,-0.001364349388074504,0.012110330746321748,0
2018-11-15,485.5066833496094,488.228883919858,480.92537069001344,485.5509458126148,14943663,484.04155883789065,478.0792465209961,-0.0010018814397805276,0.012207341042495127,1
2018-11-16,499.029296875,500.1580193355547,485.6173852021472,485.993616173096,24131016,487.0470703125,477.55029754638673,0.027852579560996737,0.014020208105802177,1
2018-11-19,509.032958984375,509.7854209987818,500.6228530299038,501.463839987182,15987574,493.2440185546875,478.6281234741211,0.020046242118487934,0.014247566445357764,0
2018-11-20,503.4556884765625,511.64448171893866,500.1801475414441,506.8197543507155,12511640,496.6036437988281,480.28248291015626,-0.010956599979184634,0.01500019285843108,0
2018-11-21,492.6110229492188,507.0410301884581,490.0216095734906,503.4999146912165,16422494,497.9271301269531,481.57055511474607,-0.021540456837739197,0.016695486007761155,0
2018-11-22,488.1625671386719,498.1219183611258,486.9453196665298,493.3192926298162,12670591,498.45830688476565,482.83428649902345,-0.009030361894694194,0.016863940214013006,1
2018-11-26,491.2167053222656,494.6471349635808,485.7501432188664,490.88473683856927,13969873,496.8957885742187,484.5815963745117,0.0062563956951786626,0.01610848256370809,1
2018-11-27,499.3833618164063,500.1800861699601,489.31335575970326,490.3978156775247,14896607,494.965869140625,486.42518157958983,0.016625363929312797,0.01593174225226158,1
2018-11-28,510.2058410644531,512.4632857475384,498.542357170042,501.2645281617081,17507771,496.31589965820314,487.8604309082031,0.021671685673872343,0.01631455473853384,1
2018-11-29,517.2216796875,522.2677189108547,513.4592519548756,513.9018766068516,27640198,501.2380310058594,490.32813415527346,0.013750996281049144,0.016374327098267024,0
2018-11-30,516.8011474609375,524.9677789775235,514.4772794365788,518.9036440678603,23443212,506.9657470703125,492.6807525634766,-0.0008130599375041347,0.01636499116780843,0
2018-12-03,511.887939453125,520.0545716674077,508.36892549379166,520.0545716674077,12182825,511.09999389648436,494.8983688354492,-0.00950696033077958,0.015138383362920145,0
2018-12-04,510.0509033203125,512.5739228299735,505.58027632529297,512.5739228299735,11358720,513.2335021972656,496.6113739013672,-0.003588746659620612,0.013916347884345226,1
2018-12-05,511.3124694824219,512.9281382181655,504.2966614243573,506.2664299064278,12729759,513.4548278808594,498.04662322998047,0.002473412269043962,0.013347128970149984,0
2018-12-06,497.3694152832031,508.5902164253943,494.9791534586504,508.5902164253943,12831451,509.484375,498.4793014526367,-0.02726914564264915,0.014523235952443965,1
2018-12-07,501.8621520996094,503.25644935827,490.5970292196639,499.9367052367765,15779984,506.4965759277344,498.9905471801758,0.009032997764545136,0.014249967393535092,0
2018-12-10,482.5853576660156,493.2307773823426,479.4205023571696,491.3274320404078,20521072,500.6360595703125,498.9197280883789,-0.03841053634538216,0.01920664404248089,1
2018-12-11,485.8165588378906,487.8305601586093,466.98234748758017,471.8513369923307,29518062,495.7891906738281,499.3081451416016,0.006695605493507895,0.01839922172209051,1
2018-12-12,491.5487060546875,492.8766391720069,481.4787287925514,486.4583745655193,27572962,491.83643798828126,499.55270233154295,0.011798995140282154,0.017176609249351847,0
2018-12-13,490.0216064453125,499.29485901164674,484.7099627810662,499.29485901164674,20337275,490.36687622070315,499.7541030883789,-0.0031067106688814627,0.016078428006627486,1
2018-12-14,492.3011779785156,493.4962940984288,483.2713690591499,488.2731754146962,15795834,488.4546813964844,500.09382781982424,0.0046519816743173514,0.016337519758858093,1
2018-12-17,500.13580322265625,501.5079986485464,491.99130333038806,493.9610419969711,11077711,491.9647705078125,500.149153137207,0.015914293108765465,0.017450291324930627,1
2018-12-18,503.0130615234375,504.1638857257209,495.97509252010303,497.2145007564432,12841994,495.40407104492186,499.84815826416013,0.005752954062159699,0.017615804568567348,1
2018-12-19,503.1900634765625,507.837740503206,501.5965556374403,505.27045843181776,16118419,497.7323425292969,499.83487701416016,0.0003518834135021187,0.01757876130092641,0
2018-12-20,499.4940490722656,501.2867084210237,494.0495886865368,496.1963477490829,12609700,499.6268310546875,500.1790283203125,-0.007345165718815938,0.01531119138368637,0
2018-12-21,486.9895629882813,500.7334434966957,485.1304802268269,497.9669505886336,18115814,498.56450805664065,500.120378112793,-0.025034304427068776,0.016915854268685103,0
2018-12-24,482.098388671875,488.3174424382007,480.94753500685727,487.299376171334,9065704,494.9570251464844,499.6644622802734,-0.010043694337909304,0.011941316806111778,1
2018-12-26,486.170654296875,486.9010145352517,471.69641421389167,480.6155670626424,15771193,491.5885437011719,499.0038269042969,0.008446959626267514,0.01206324191208093,1
2018-12-27,495.84228515625,498.852251139613,488.6715881289746,490.08801663787307,27294221,490.1189880371094,498.28564910888673,0.01989348960883408,0.013154775575190989,1
2018-12-28,498.2104187011719,502.50399626800674,496.2849127090147,498.1882579195662,16768547,489.8622619628906,497.3350860595703,0.004775981427593612,0.013120931136733002,0
2018-12-31,496.30706787109375,501.8843160362173,494.0717541773984,500.6006453893138,15799099,491.72576293945315,496.3103820800781,-0.0038203754049145333,0.013185131353405568,0
2019-01-01,496.1963806152344,498.9850342368502,491.371653504476,498.0776241124587,9746670,494.545361328125,495.5258041381836,-0.0002230217198682105,0.01208337512375186,0
2019-01-02,489.73388671875,498.85222039888913,487.3436249759111,493.31923501144814,15628818,495.2580078125,494.5099533081055,-0.013024064964906712,0.012419226716743401,0
2019-01-03,483.6919250488281,493.36354038015054,482.5189400816617,490.2208164622508,16288287,492.82793579101565,493.1289260864258,-0.012337234228171234,0.012728257492119243,1
2019-01-04,486.3034362792969,488.8707479276948,478.5351667311053,485.7501554591943,18516544,490.4465393066406,492.5756271362305,0.005399121000841944,0.012977348324508305,1
2019-01-07,489.0035705566406,495.06770606812256,487.3436688813243,489.9995056522885,12060290,488.98583984375,491.93269805908204,0.005552365202274645,0.010462163248307756,0
2019-01-08,488.9593200683594,491.3052900675144,485.1304982327441,489.1585011828274,12304389,487.538427734375,492.2513961791992,-9.049113533232678e-05,0.00980443034317526,1
2019-01-09,491.6593627929688,494.425855651597,486.325587726937,492.2126731837778,12614237,487.92352294921875,492.5435363769531,0.00552201914104411,0.009614529532705933,0
2019-01-10,490.2208251953125,491.7700707213868,488.2289549747655,490.33148136893067,8925160,489.22930297851565,492.4771423339844,-0.0029258826466446175,0.007038379982059493,0
2019-01-11,486.0379028320313,493.0094485923321,481.8549812853927,490.2650868480433,14139060,489.1761962890625,492.2779571533203,-0.008532730859841853,0.007058474593940979,0
2019-01-14,485.484619140625,487.12236004562834,480.8811746140079,484.6878651488265,8994060,488.4724060058594,491.93712921142577,-0.0011383550298905698,0.00705148655151424,1
2019-01-15,500.0252380371094,501.0654355760193,489.1142147216286,489.1142147216286,22011407,490.6855895996094,491.9316009521484,0.029950730307838125,0.012405237647263359,1
2019-01-16,502.7917175292969,506.8197201745907,500.3350619936165,502.393296235088,13961606,492.912060546875,491.92053375244143,0.005532679716423017,0.01145267543812064,0
2019-01-17,502.1498718261719,508.10332119014834,500.1801034631088,506.57623657866645,16379077,495.29786987304686,491.8685241699219,-0.0012765637952013575,0.010317647830348789,1
2019-01-18,524.2373657226562,526.6940208916542,502.5039069449697,508.50161800344654,56181172,502.93776245117186,493.1056900024414,0.04398585987119463,0.01640322485358372,1
2019-01-21,547.8522338867188,548.8481690848818,526.1408702049339,528.509001172476,48206814,515.4112854003906,496.1488235473633,0.0450461369374342,0.020163383402101928,0
2019-01-22,546.7234497070312,551.9465982608722,539.8404290416297,545.7054129345357,36207430,524.750927734375,499.3800765991211,-0.0020603807192304258,0.02029952808115938,0
2019-01-23,542.80615234375,550.7293708515431,540.9028070392636,545.9045843376497,19313542,532.7538146972656,502.2118515014648,-0.007165043616439659,0.0210895293852218,1
2019-01-24,552.1678466796875,554.713026959405,540.0617379573561,542.2306577517834,28775487,542.7574096679688,505.0281295776367,0.017246846402744653,0.020661138924696967,0
2019-01-25,551.5260620117188,559.8033797795792,546.8341222864655,553.4958304499542,18703992,548.2151489257812,507.69391174316405,-0.0011622999633679187,0.019960578221630193,0
2019-01-28,544.2446899414062,555.9303361110078,541.0798348240664,553.5179429525717,18744303,547.4936401367188,510.0907928466797,-0.01320222664320403,0.021227397963607172,0
2019-01-29,535.8787841796875,545.1741968816506,531.7622569321205,544.8864613246026,20405845,545.32470703125,512.0749130249023,-0.015371589133225005,0.0217277274508532,0
2019-01-30,529.2613525390625,542.2306681873968,527.225220095184,537.804303586863,17164298,542.6157470703125,514.051286315918,-0.01234874720923096,0.02259478972400522,1
2019-01-31,543.182373046875,544.3110954962458,531.6074129717023,532.0500376390211,22279301,540.81865234375,517.0258087158203,0.026302733878126983,0.02336356528547879,1
2019-02-01,553.2744140625,555.509757122941,543.1380734914077,546.2144033623265,20187323,541.1683227539063,520.3743576049804,0.018579470756784122,0.02019779980419258,1
2019-02-04,571.4005737304688,574.0785419874636,549.7777351893427,551.9687571483934,25528059,546.5994995117187,524.4942077636719,0.032761608357911864,0.017757290869342315,1
2019-02-05,571.6881713867188,577.3761052108845,565.9560341911196,571.8873820352513,20479210,553.761376953125,528.6306503295898,0.0005033205591173928,0.01767263391826201,1
2019-02-06,579.9655151367188,583.2410560216659,572.8833428361716,573.7685922129579,20586783,563.9022094726563,533.0459579467773,0.01447877385659746,0.017392855126251015,0
2019-02-07,571.1791381835938,584.8123314865187,569.2757931615276,579.9654440045323,20150710,569.5015625,537.0938735961914,-0.015149826539348155,0.018223709228747203,0
2019-02-08,565.5576171875,575.6497541284344,563.145224334816,568.7003111247333,14230054,571.958203125,541.0698593139648,-0.009841957838255033,0.018673654888200365,0
2019-02-11,554.7351684570312,564.8052045928157,553.7392334148291,564.7609421263937,16457901,568.6251220703125,544.5323867797852,-0.019135890670677225,0.019317265314527553,1
2019-02-12,556.1295166015625,563.1895874760552,553.9605964529412,553.9605964529412,13998153,565.5133911132813,547.3376007080078,0.0025135383942027634,0.01832464016075943,0
2019-02-14,541.8765258789062,549.3128564552972,539.1321939259117,549.3128564552972,14496604,557.8955932617188,549.2918411254883,-0.02562890531283879,0.020032016363400677,1
2019-02-15,550.8399658203125,553.2523589386116,537.3616603663344,544.3332058212081,20994460,553.8277587890625,551.7263458251953,0.016541480417273657,0.018954176880332647,0
2019-02-18,540.0618286132812,554.4032827800006,537.8043835134239,553.2966619176988,21106139,548.7286010742188,552.5175689697265,-0.019566730585680037,0.018987350662437476,0
2019-02-19,538.291259765625,548.7374981100645,536.1223396511388,539.1322466913853,13658461,545.4398193359375,552.0395202636719,-0.0032784558245906315,0.014490818952081265,1
2019-02-20,546.3693237304688,548.8702417164039,539.57482832799,541.7216465839695,13776558,543.4877807617188,552.0218139648438,0.015006864440565204,0.015859280072893018,1
2019-02-21,551.9244995117188,556.7492863925102,544.1562286058264,547.0997717263524,23142949,545.4973754882812,552.4777313232422,0.010167437189410045,0.015338917637323271,0
2019-02-22,545.484130859375,551.2162685698074,542.673375318835,550.9064312740302,19152470,544.4262084960938,552.1435455322265,-0.011668930547640954,0.015116776815959939,0
2019-02-25,545.4619750976562,550.1982368058309,540.3052494604813,547.0997456286915,17176522,545.5062377929687,551.8403411865235,-4.0616693438577656e-05,0.015048746121303132,0
2019-02-26,540.1281127929688,546.568508156536,533.8205639171774,535.3697501614166,22160532,545.8736083984375,551.6345123291015,-0.009778614363966542,0.014238194798805488,1
2019-02-27,541.5667114257812,551.039174906928,535.1484763797688,543.5807423314526,24308835,544.9130859375,551.9189086914063,0.002663439652073718,0.014244222955456035,1
2019-02-28,544.9086303710938,548.8038457853164,542.916760195535,546.1037761145965,24688859,543.509912109375,552.7012725830078,0.006170835235633776,0.011873892052017047,0
2019-03-01,542.6953735351562,549.9103912857396,541.0133999644827,547.5422609049652,17329606,542.9521606445312,552.6769226074218,-0.004061702664592048,0.010514267287855435,1
2019-03-05,547.830078125,548.7817507558763,539.397811854067,541.5224694607421,15577500,543.42578125,552.4047058105468,0.009461485835775552,0.00882465057574309,1
2019-03-06,559.84765625,563.5215593191119,546.7013485588425,548.7817436696697,26332276,547.3696899414062,551.8270599365235,0.02193668913932445,0.010718214473937721,1
2019-03-07,562.2600708007812,566.4872253380775,556.9041346329068,559.493577776652,17738092,551.5083618164062,551.3556549072266,0.004309055372206494,0.010006192712933935,0
2019-03-08,560.8657836914062,564.1191639460266,558.6083385798502,560.4009981991971,13211934,554.6997924804688,550.400668334961,-0.0024797903706539337,0.00978461761947797,1
2019-03-11,577.2432861328125,580.7400799174743,561.2640637135738,562.1714737819083,21258869,561.609375,550.7038757324219,0.029200395027872306,0.011907756531078551,1
2019-03-12,589.30517578125,590.4781607218365,581.7360574304449,582.9090423710314,24561597,569.90439453125,551.8912536621094,0.02089567767733591,0.012599281306593503,1
2019-03-13,596.3651733398438,601.9866242361073,587.8665442066667,591.8060215375222,24577591,577.2078979492187,553.97275390625,0.01198020626449492,0.010997056485034094,0
2019-03-14,593.8200073242188,602.871946999757,591.4076144308954,597.4496475061777,22753310,583.5198852539063,555.8572784423828,-0.0042677978684959594,0.0117069008773998,0
2019-03-15,585.0115966796875,601.4555465859182,580.3860210833575,595.3471487793354,34764353,588.3490478515625,558.0140319824219,-0.014833468956733875,0.013994394416952417,1
2019-03-18,597.5825805664062,601.0794342108596,588.2650638397351,589.1503133216595,22104063,592.4169067382812,560.3511627197265,0.021488435371310732,0.014039313553002008,1
2019-03-19,609.3123779296875,610.8394625509037,594.5061398709255,601.9866738940681,21448030,596.4183471679687,563.8136901855469,0.019628747130084445,0.014378617801627015,0
2019-03-20,608.8253784179688,614.3804651405608,603.7571787776457,609.865575823248,21639437,598.9103881835938,567.3403961181641,-0.0007992608214746344,0.014216115616935724,0
2019-03-22,593.9085693359375,611.2378271135251,591.6732852516752,607.5196617727818,25078643,598.9281005859375,569.7173583984375,-0.024500964662137692,0.01766378443643626,0
2019-03-25,586.2509155273438,591.7396385052343,582.8204858269424,588.9731457836614,17394088,599.1759643554688,571.4336791992188,-0.012893657717644946,0.01848308903742515,1
2019-03-26,605.19580078125,607.1212474376593,588.7075312750372,588.8403186618444,20734876,600.6986083984375,574.4192626953125,0.03231531883726779,0.018963924117472067,0
2019-03-27,597.228271484375,609.9319516707408,595.015089459713,609.9319516707408,22079870,598.281787109375,577.0075775146485,-0.01316520915477215,0.018830352562246133,1
2019-03-28,601.9867553710938,606.3246549025426,594.3734329198153,597.6710757187243,22930248,596.9140625,580.1005096435547,0.00796761324592321,0.018623720134303332,1
2019-04-01,616.084716796875,622.7021032334529,603.1154596255492,606.4131020011401,22088854,601.3492919921875,583.8264099121094,0.023419055818081125,0.019761328602944002,0
2019-04-02,615.1329956054688,621.0643428947214,610.8836809945728,618.8068982011463,17526740,607.1257080078125,587.3376281738281,-0.0015447894834242915,0.018787192212183505,0
2019-04-03,608.7147827148438,621.0201023548342,607.2983247627387,616.48305202846,17169813,607.8295043945312,590.6385986328125,-0.010433862167168573,0.01841885415552617,0
2019-04-04,598.9104614257812,612.4772926682142,596.3431199622236,610.3968974724891,18320845,608.1659423828125,593.1926177978515,-0.016106593050583706,0.018081949669767314,1
2019-04-05,599.2866821289062,603.713047483883,594.4619545291577,602.4072750227529,14717266,607.625927734375,595.1645690917969,0.0006281752070740332,0.0180943772816011,0
2019-04-08,588.3756103515625,600.8801417011313,585.9190138260517,600.2162046801037,19081843,602.0841064453125,596.470346069336,-0.018206764980298384,0.017294526796133764,1
2019-04-09,590.6773071289062,593.4437406042086,584.7237990427792,588.2206517980837,20774977,597.19296875,597.9609222412109,0.0039119513740015766,0.01679840803766415,0
2019-04-10,589.3272705078125,596.6750764335661,587.1583505228762,592.2265507481526,16651949,593.3154663085937,598.5651214599609,-0.0022855738739242515,0.012656546389045004,1
2019-04-11,596.1439208984375,598.888252928807,588.264965445455,590.0133624275286,12558520,592.762158203125,598.9070587158203,0.011566833458684478,0.012774503588422779,0
2019-04-12,594.5062255859375,600.614624046917,591.65120748071,597.5603952687154,12948769,591.8060668945312,598.814111328125,-0.0027471475512689247,0.01246752209088568,0
2019-04-15,593.2003784179688,597.0955936790656,590.9207727394057,595.347137600993,9285737,592.7710205078125,598.7831298828125,-0.0021965239584862406,0.009001620389919142,1
2019-04-16,594.7939453125,601.9867446044715,593.1340140031939,595.3471966535134,17360317,593.5943481445313,599.2722473144531,0.0026863888704542482,0.009213298730242883,1
2019-04-18,613.47314453125,615.1551181712927,604.1998923495519,608.6262569615424,39286534,598.4235229492188,600.0667755126954,0.03140448783306993,0.013920252450513728,0
2019-04-22,595.5021362304688,605.085227013863,593.7094175338176,601.9867358910117,23607922,598.295166015625,599.3762634277343,-0.029293879383282095,0.01615242410480664,1
2019-04-23,603.69091796875,607.7410225803753,595.7898603109938,596.6751097030148,19807450,600.1321044921875,599.1195404052735,0.013751053506065203,0.016771264548850848,1
2019-04-24,615.0444946289062,617.3904643392481,604.7531466235507,606.5458650761914,16101112,604.500927734375,600.1763366699219,0.01880693633483488,0.016169571345771506,0
2019-04-25,607.4754638671875,625.180984035765,603.1376235404474,614.8675328682084,30469914,607.0372314453125,601.2375640869141,-0.012306476731062554,0.017032205930504807,1
2019-04-26,616.505126953125,617.8994831602779,606.7228863920471,608.6262313685243,15069884,607.6436279296875,601.8030303955078,0.014864243287218137,0.01730889740421314,0
2019-04-30,616.505126953125,618.0986346931494,604.9965912649715,618.0986346931494,22348580,611.8442260742188,602.7668731689453,0.0,0.01718159610206636,1
2019-05-02,621.9276123046875,625.8449296649861,611.7690500980633,616.1511529555673,18992003,615.4915649414063,603.763916015625,0.008795523531752947,0.01710305030522531,1
2019-05-03,623.6094970703125,627.4383480359272,620.865165141616,623.211134884836,14240262,617.2045654296875,604.1401550292969,0.002704309524692805,0.016954600987251583,0
2019-05-06,613.0083618164062,620.9315793269321,609.9983960458962,618.8069219399775,15832114,618.3111450195313,604.0339233398438,-0.01699963727895404,0.018356244402735797,0
2019-05-07,594.6832275390625,617.4790489756616,593.2225069761276,617.3905240382364,19417647,613.9467651367188,603.3323455810547,-0.029893775385126053,0.018114359660994065,0
2019-05-08,575.1849365234375,593.1338663980364,571.9758195243126,593.1338663980364,31958919,605.6827270507813,602.1460693359375,-0.03278769286349892,0.01870290349249123,0
2019-05-09,556.1516723632812,570.4709655524047,554.0712771743898,570.4709655524047,42670173,592.5275390625,599.9893188476562,-0.03309068605864074,0.019790304325609482,0
2019-05-10,553.8056640625,565.5576740793575,551.083433698049,559.9361634824019,24557430,578.5667724609375,598.2608215332032,-0.004218288674404658,0.01753728030947166,0
2019-05-13,545.3512573242188,558.0770407016413,543.3372265765931,552.3670646760603,17603659,565.0353515625,595.9945190429687,-0.015266017101130847,0.01759989034114402,1
2019-05-14,557.922119140625,561.8615963834152,545.1077524862425,547.3209346445572,28438234,557.6831298828125,594.4242614746094,0.023050944959924546,0.01904638975390156,0
2019-05-15,556.350830078125,565.6905068440055,553.5622353372404,563.4773242204387,24419559,553.91630859375,592.4346069335937,-0.0028163232978113406,0.01890616953890758,1
2019-05-16,560.0911865234375,562.9904671434444,556.8820685929253,557.7009538898299,14451308,554.7042114257813,590.7138549804688,0.006723017641201867,0.01868668891764559,1
2019-05-17,560.99853515625,565.2256894999022,554.1818786920556,560.8214852839767,17276949,556.1427856445313,589.1037628173829,0.0016200016258862693,0.01860607994452656,1
2019-05-20,586.8927612304688,592.1159095094665,576.9776733603718,581.448359716685,26979100,564.4510864257812,588.7087036132813,0.04615738625236632,0.025534108161742168,1
2019-05-21,593.0454711914062,605.0852175397996,588.729791746263,589.6814643939042,30343560,571.4757568359375,587.6873199462891,0.010483533564186187,0.024148566465436748,1
2019-05-22,593.3110961914062,601.8539899601304,590.9651260000627,595.6349646937085,24689918,578.8678100585937,587.577767944336,0.0004478998877883722,0.02124995351226366,0
2019-05-23,590.4338989257812,616.1511018080408,586.4944211091025,607.2983718851489,38766006,584.9363525390625,586.9149169921875,-0.004849390621706529,0.017403388999062023,1
2019-05-24,591.7396850585938,599.2423803435563,582.7320067411391,596.6750980613658,22269265,591.0845825195313,585.7496765136718,0.0022115703979534995,0.017094482889315803,0
2019-05-27,580.1425170898438,592.0273731116835,578.5269075629556,591.8503232509513,16076686,589.7345336914062,584.3830291748047,-0.019598428602269014,0.01775724380388853,1
2019-05-28,585.9411010742188,590.8322514138105,581.3376863176912,584.1927040808862,42594251,588.3136596679688,582.8548278808594,0.009995102605929063,0.016849051563696347,0
2019-05-29,581.2049560546875,590.1683724282613,577.2654779155396,584.7239111684964,15558515,585.892431640625,581.0898193359375,-0.008082971156739727,0.017200467203623136,1
2019-05-30,588.5970458984375,594.0193465659813,582.6214347720608,582.6214347720608,23494381,585.5250610351562,579.423291015625,0.012718559548990482,0.017389600147756527,1
2019-05-31,588.7740478515625,593.9750357311897,584.3697844190792,592.2044778643392,25724066,584.93193359375,577.6815185546875,0.0003007183851131412,0.01742399256121512,1
2019-06-03,602.0752563476562,605.1958488284881,584.8123628335076,590.920760397822,18556942,589.3184814453125,577.13486328125,0.022591363434971257,0.011978366550552335,0
2019-06-04,598.2906494140625,608.2942618509585,596.7193023793029,600.8579314460692,15442761,591.7883911132812,577.315234375,-0.006285936672687953,0.011929192247219465,0
2019-06-06,587.5344848632812,602.8276071890507,584.7679926184677,602.8276071890507,16764835,593.054296875,577.9327117919922,-0.017978159212943323,0.013352619196901581,0
2019-06-07,582.0237426757812,587.4903046969813,577.9072153490195,586.9148926672266,14722419,591.7396362304687,579.2263153076171,-0.009379436151364495,0.013576545521753343,1
2019-06-10,583.9049682617188,587.3796605611984,579.89912635872,584.6795909812258,11768468,590.7658203125,580.7312805175782,0.003232214509478304,0.013610096678343935,1
2019-06-11,588.3313598632812,590.6994905962937,583.3960059300211,585.1001405330676,11492074,588.017041015625,582.8802856445312,0.007580671243027526,0.012176878587449017,1
2019-06-12,589.6593627929688,592.4258560740252,586.4945072440522,590.788085432952,10297599,586.2907836914062,584.4671478271484,0.002257236347211089,0.011815385796289848,0
2019-06-13,587.4904174804688,590.7880603117848,579.257361246404,588.7076650171063,15686169,586.2819702148438,586.0241271972657,-0.0036783021679273054,0.011530438962201881,0
2019-06-14,583.19677734375,586.4944198237544,579.5892975904819,585.1222242324548,14942768,586.5165771484375,587.1794067382813,-0.007308442842578811,0.011023206641541059,0
2019-06-17,567.59375,584.281171161653,565.911717325974,584.281171161653,14908257,583.2543334960938,587.5091674804687,-0.02675430995146466,0.01369996748878111,0
2019-06-18,567.0184326171875,570.0947629240811,561.7510214030443,566.0888616521408,16797371,578.991748046875,586.5154510498047,-0.0010136076776964265,0.010303676041261726,0
2019-06-19,565.4027099609375,576.3137327970071,558.8738485219341,569.6299231801156,14492763,574.1404174804687,585.1333129882812,-0.0028495064063301934,0.010347800615096778,1
2019-06-20,573.9899291992188,575.4285481413866,565.690509101577,566.5757585163682,10748848,571.4403198242187,584.1672546386719,0.015187792854538085,0.011214521882855997,0
2019-06-21,566.3544311523438,573.6579750124874,564.6060340567591,573.6358142299943,23236832,568.0718505859375,582.96328125,-0.013302494797299613,0.011554230455799905,0
2019-06-24,558.7853393554688,565.0043637095691,556.4393695082755,563.1010185325224,11267228,566.3101684570313,581.3155639648437,-0.01336458475565272,0.011802377002145618,1
2019-06-25,573.5914916992188,574.543164242957,555.1777744289116,557.2360676913559,14966899,567.6247802734375,580.9880126953125,0.026497030793306342,0.015004139399870237,0
2019-06-26,572.8389282226562,577.4645027263703,569.3863383793515,571.4446312768304,11593027,569.1120239257813,580.3329040527344,-0.0013120199435544544,0.014922401845845762,0
2019-06-27,563.9863891601562,574.0563674458016,562.5920326523112,572.3964952020063,24905533,567.1113159179688,579.4719757080078,-0.015453801455090899,0.015455394248088748,0
2019-06-28,554.6687622070312,567.837229088313,552.6989939576308,565.2920488190996,18942165,564.7741821289062,577.7755615234375,-0.016521013861699907,0.015943534085971996,1
2019-07-01,561.6404418945312,563.3224158949637,551.7253523095914,556.8599174491309,13478857,565.3452026367188,576.4188812255859,0.012569086565754395,0.01475653964792356,1
2019-07-02,565.9118041992188,567.0184250293855,559.1837315656976,563.8978322942693,10146746,563.8092651367188,574.610708618164,0.00760515444770915,0.015002467493496832,1
2019-07-03,567.7044677734375,569.4529239698368,564.3847234502912,567.8594159651082,8806492,562.782373046875,573.0813995361328,0.0031677437383648144,0.015000359061147503,1
2019-07-04,568.34619140625,571.4446818671996,566.5756338707657,567.1953674202008,9351405,563.6543334960937,572.1219848632812,0.0011303832702416194,0.01410361235987123,0
2019-07-05,559.2058715820312,571.2235169653313,557.723049208124,568.8332252636018,10926753,564.5617553710938,570.9810913085937,-0.016082310328504157,0.014399550437375593,0
2019-07-08,554.2040405273438,561.3083734997786,552.4999059557646,556.8377460255429,14009219,563.0744750976562,569.496044921875,-0.008944525279280358,0.014047388046662333,1
2019-07-09,566.6200561523438,568.1250393463115,551.3048266580228,552.8319115410211,17535754,563.2161254882812,568.4104797363282,0.022403329310240583,0.013199703831109837,0
2019-07-10,566.0667114257812,570.7143885662242,561.5739233692843,566.5978610200226,12018196,562.88857421875,567.2308471679687,-0.0009765710206589562,0.013199655063968741,1
2019-07-11,567.2617797851562,570.913580866762,566.265844780248,569.6741727579423,8608376,562.6716918945312,566.2194152832031,0.0021111793632324627,0.012210493731111213,0
2019-07-12,566.7970581054688,575.4284751870541,565.7125390667155,567.9036197336648,15692436,564.1899291992188,565.3994293212891,-0.0008192367197090711,0.010670018609974963,0
2019-07-15,564.8494873046875,570.7807762086532,562.3043067510758,568.7889060528559,10659498,566.3190185546875,565.2622161865235,-0.0034360989933346353,0.01013136192693743,1
2019-07-16,572.3299560546875,573.171001945822,565.2698863829655,566.5535569034281,10070773,567.4609985351562,565.5277923583984,0.013243295635612329,0.010704220225696672,0
2019-07-17,567.3945922851562,574.100562827648,566.5757071030725,572.9054171307107,9482233,567.7265747070312,565.6273864746094,-0.008623284029291023,0.011102886340436081,0
2019-07-18,558.5418701171875,569.4086308695252,556.8377355775831,567.4610232119414,11942908,565.9825927734375,564.8549835205079,-0.015602408426761416,0.012127315976853122,0
2019-07-19,552.8540649414062,563.4551931292556,550.0654109581495,561.3526961190137,16336536,563.193994140625,564.179965209961,-0.010183310294334613,0.011474413550226513,1
2019-07-22,566.7970581054688,568.5675567105824,543.2487175124882,553.7392172248569,29092589,563.5835083007812,564.5805511474609,0.025220024683259235,0.013736679148902742,0
2019-07-23,563.720703125,572.7283212128182,557.8999823849913,568.7888438003976,20316348,561.8616577148438,564.08701171875,-0.005427612822747396,0.01191758066615115,0
2019-07-24,557.3246459960938,566.044588804399,554.8679903139908,563.6986188429327,15189179,559.8476684570312,563.3112976074219,-0.011346145517540096,0.012409525282130735,0
2019-07-25,545.1078491210938,561.7289085810165,543.1159789159576,559.4935652480942,21805071,557.1608642578125,562.3673706054688,-0.02192043176767322,0.01387573437322521,0
2019-07-26,537.2731323242188,549.9768149769168,535.5910994760233,545.1078253964605,20387504,554.044677734375,561.4975891113281,-0.014372782944709672,0.014200650682337359,0
2019-07-29,536.0116577148438,540.9028083982834,533.422214571478,538.645363328299,17626045,547.88759765625,560.2161499023438,-0.002347920514688573,0.014220206986296037,0
2019-07-30,522.7103881835938,540.0175454119949,520.5193664215706,537.3395773958161,20853117,539.6855346679688,558.0560791015625,-0.024815261645533493,0.013842581843638988,0
2019-07-31,516.2257690429688,524.5251884932695,514.5215754092878,520.4308216260823,21229950,531.4657592773438,555.482144165039,-0.012405759072741773,0.013884522317428441,1
2019-08-01,522.4227294921875,525.9416845388708,509.1878371492463,514.9642372860822,22628222,526.9287353515625,553.1859710693359,0.012004360922755364,0.015180670683848398,1
2019-08-02,527.3842163085938,533.5738082205122,517.4764342690546,523.532441715617,23766807,524.9509521484375,551.5948883056641,0.009497073033612136,0.015916532340211995,0
2019-08-05,509.127197265625,519.6583734800695,502.2919173773101,519.6583734800695,30399133,519.5740600585938,549.3410461425781,-0.03461806113720667,0.014662265432710838,0
2019-08-06,502.4255065917969,511.9103009753535,499.6201733417984,505.29766180019584,29067994,515.5170837402344,546.1313186645508,-0.01316309698209206,0.014564237770026878,0
2019-08-07,494.0094604492188,506.9898045620142,491.2040973999989,501.6240130506623,25349369,511.0738220214844,542.5284561157226,-0.0167508337697031,0.014664068197807011,1
2019-08-08,513.1348266601562,515.6506970351464,487.7307721921939,493.54184479656,31198568,509.21624145507815,539.8221084594727,0.03871457480499685,0.021154927804493295,1
2019-08-09,517.4765014648438,523.4434533759943,513.1126227962699,517.3652107876658,21970009,507.2346984863281,537.3560806274414,0.008461079971800345,0.021361187257246377,1
2019-08-13,567.6388549804688,580.1293294107402,545.9307552314694,549.1146074833171,104827144,518.9370300292969,537.4955490112304,0.09693648576047065,0.03831962098061658,1
2019-08-14,573.650390625,580.8641307811267,570.1325471404525,580.663783789375,31688983,533.1820068359375,537.5615707397461,0.010590423104031688,0.03671865766154988,0
2019-08-16,569.0860595703125,575.2311234055627,566.8595923358139,574.9639544714397,21977767,548.1973266601562,537.646144104004,-0.007956642459032603,0.03644392160865924,1
2019-08-19,575.5872802734375,577.4575220402612,569.9765549729664,570.4441302772058,16317602,560.6878173828125,538.4984146118164,0.011423967594696993,0.03644149437375496,0
2019-08-20,568.1732177734375,575.5873639681415,566.6814947931508,574.3405755757227,14969299,570.8271606445312,539.264372253418,-0.012880865776738304,0.037176870514649,0
2019-08-21,565.9467163085938,569.3755030810053,563.9651837223562,568.0395990053597,10677848,570.4887329101563,539.2218551635742,-0.003918701894413457,0.034425346752582554,0
2019-08-22,555.1707153320312,565.9690623786811,551.6751653634185,565.94682802227,14031953,566.7927978515625,538.7943557739258,-0.019040663486572296,0.03493292640618334,1
2019-08-23,568.128662109375,571.7577958939527,546.1533935304763,551.7195912204171,21307915,566.601318359375,539.3345565795898,0.02334047243395032,0.033730437083724675,0
2019-08-26,564.0987548828125,576.2107097858199,560.6254400381222,576.2107097858199,19202504,564.30361328125,540.2841018676758,-0.007093300330245689,0.03319288706136529,1
2019-08-27,567.6832885742188,572.2029847207436,561.6049883649061,572.2029847207436,28401906,564.2056274414062,541.8046096801758,0.006354443544465793,0.03321032259666171,0
2019-08-28,562.5402221679688,570.4219432426154,559.3118418211694,567.1935628958161,11605488,563.5243286132812,543.1310379028321,-0.009059746005853353,0.013167939992446077,0
2019-08-29,552.9442138671875,561.1821613132624,550.0720583561081,559.4900317737722,18890222,563.0790283203125,544.6427291870117,-0.017058350536783395,0.013405504738754353,1
2019-08-30,555.97216796875,558.5771544234956,543.7043332919267,554.6140294056329,24735240,560.6477294921875,546.6300491333008,0.005476057124073286,0.01359093483350589,0
2019-09-03,537.2030029296875,553.5007833479864,534.3530820941628,553.1667924586299,18730619,555.2685791015625,547.3690628051758,-0.03375918098137154,0.015862297690430707,0
2019-09-04,534.8650512695312,536.6907646258971,528.1411231669038,534.5978824052034,32949395,548.704931640625,547.7431045532227,-0.004352082262023882,0.01572556092516662,0
2019-09-05,533.7296142578125,540.2309023757294,531.3695629057722,537.3810413836705,22995486,542.9428100585938,548.973225402832,-0.0021228476398368334,0.015761056482502086,1
2019-09-06,544.3721313476562,547.2665798974994,532.2378839179241,535.68890459839,23186819,541.2283935546875,551.070556640625,0.019939903661974734,0.016884043517365232,0
2019-09-09,544.2386474609375,549.0478072829346,540.2087601059558,543.5484313072873,11747929,538.881689453125,553.5820159912109,-0.00024520705420438826,0.014448396407805014,1
2019-09-11,549.6713256835938,552.1649622017335,544.3722960636661,544.3722960636661,12127900,541.3753540039063,555.4088409423828,0.009982161774070297,0.015063342800448909,0
2019-09-12,538.9618530273438,552.3651834163759,536.8912642441294,549.9383694188567,11880005,542.1947143554687,556.4831085205078,-0.01948341155131439,0.015585663090720603,1
2019-09-13,545.752685546875,547.0440021410868,537.4256821215511,539.6966776511717,12947715,544.5993286132813,555.3888000488281,0.012599838896551141,0.016450371459145924,0
2019-09-16,539.139892578125,542.8580819238001,528.1633776739892,529.4547533509915,20547730,543.552880859375,553.6632751464844,-0.012116830835424253,0.016047168519704474,0
2019-09-17,533.2174682617188,539.25124005767,531.4585767878731,539.25124005767,15640772,541.3486450195312,551.8698455810547,-0.010984949171699565,0.015992736272153377,1
2019-09-18,536.8912963867188,541.6113996591116,533.1062843578578,536.5573055032447,14933909,538.7926391601562,549.9350463867188,0.006889924549877691,0.012356134014756371,0
2019-09-19,525.0241088867188,538.6723734072475,522.1742478115991,537.8485728999581,13766222,536.0050903320313,547.7775909423829,-0.022103519986012454,0.014191382982779303,1
2019-09-20,558.5547485351562,565.4790838872689,522.9089837818785,528.9872248397661,48165560,538.5655029296875,547.407992553711,0.06386495225816802,0.02513124427450998,0
2019-09-23,551.8086547851562,570.4219587525063,549.9384128123469,567.3716909391333,21610844,541.0992553710937,547.2398895263672,-0.012077766356282993,0.025032289538726236,1
2019-09-24,569.3977661132812,578.3481633555577,553.3894480019216,553.7679670566171,34958974,548.3353149414063,547.3033447265625,0.031875381394612656,0.02676538251423092,1
2019-09-25,569.7761840820312,576.6559911048386,565.0115532894308,571.757716416527,18192270,554.9122924804688,547.5872161865234,0.0006645933498001799,0.026728817383566576,1
2019-09-26,577.4575805664062,578.3481436646135,571.5351576129076,575.3201696805687,18350457,565.3989868164062,548.0759307861329,0.013481427793881062,0.02552857563766321,1
2019-09-27,582.9124145507812,585.5619288812624,571.7577850305494,575.5427970097883,19058663,570.2705200195312,549.0945404052734,0.009446293836898878,0.025474007115549223,1
2019-09-30,593.2431640625,594.8017086894001,581.3537918703602,583.3353836274489,25263770,578.557421875,551.109487915039,0.017722644524015063,0.024736694996330175,0
2019-10-01,581.0645141601562,597.5849362038297,575.8990695365911,595.3584688773351,17920384,580.890771484375,552.3641052246094,-0.02052893423827251,0.025792645394076844,1
2019-10-03,583.8031005859375,585.428408104072,570.5555869425716,572.648469852276,13524851,583.6961547851563,554.6941101074219,0.004713050546099051,0.02582088642944367,0
2019-10-04,582.4893188476562,591.6178868813973,580.5968427407329,587.7438189170942,14992253,584.7025024414063,557.0753234863281,-0.0022503849961788003,0.02387902889781103,1
2019-10-07,583.3799438476562,588.144574835985,579.6394603175088,582.4893213904081,10061584,584.7960083007813,559.5578399658203,0.0015289979939236975,0.014906314238738333,1
2019-10-09,589.9035034179688,592.2190862816494,575.5427876036466,582.7565862132678,17588647,584.128076171875,561.8344085693359,0.01118235146598745,0.013814194430212926,1
2019-10-10,606.82470703125,609.6077461918198,588.233639225813,590.0148247146693,35006390,589.2801147460938,564.9637115478515,0.02868469760772374,0.013193137430386604,0
2019-10-11,602.3049926757812,608.0938310517881,595.1580158763934,607.2477366748323,16597126,592.9804931640625,567.5953948974609,-0.007448138322482589,0.013823773397225647,1
2019-10-14,604.7096557617188,607.8044520693197,601.5258031337615,607.8044520693197,13394275,597.424560546875,570.8827850341797,0.003992434257027444,0.013549675284566963,1
2019-10-15,607.4481811523438,610.0531675022813,603.0620090789482,606.7134368395299,9672791,602.2382080078125,573.9675598144531,0.004528661589131344,0.013447301868696122,1
2019-10-16,611.0995483398438,614.3501629165811,607.2477145302422,610.0085788805053,19403660,606.4774169921875,577.565542602539,0.00601099369591207,0.01262477518839947,1
2019-10-17,621.853515625,622.9667791558528,610.9438183833678,612.279722730361,16038940,609.4831787109375,581.9973449707031,0.017597733977011254,0.010249273788604872,1
2019-10-18,630.6925659179688,635.8357169262007,622.8331377508903,625.1931896364645,28121951,615.160693359375,586.6874084472656,0.014214039272713475,0.010466812088543307,0
2019-10-22,629.712890625,639.8210196591194,624.9036715114763,634.54428464092,27786502,620.1613403320313,591.9218475341797,-0.0015533325520380448,0.010394483745400824,0
2019-10-23,620.0276489257812,634.967289889059,615.9087056654171,630.6702340196068,18446160,622.6772338867188,594.995492553711,-0.015380408823465586,0.012668061446071292,1
2019-10-24,639.642822265625,641.8470548317947,617.4226812573415,623.857147458335,22642488,628.385888671875,599.3872009277344,0.03163596554738768,0.015001284735812517,0
2019-10-25,637.30517578125,641.8694010565094,628.4215409194215,641.7135822318234,13539957,631.476220703125,602.7825714111328,-0.0036546122351456267,0.013513371606189511,1
2019-10-27,638.663330078125,643.450255707178,636.7707941805185,641.6690699300784,3014841,633.0703735351562,606.2269287109375,0.0021310893877648507,0.012856938499630124,1
2019-10-29,653.2688598632812,659.0354038930602,642.1587595021489,643.6727760468857,25768505,637.7815673828125,610.0174926757812,0.02286890306254108,0.013882073699667508,1
2019-10-30,658.634765625,661.0616393905873,650.2632341915835,659.0355190435935,16341366,645.5029907226562,613.8036102294922,0.00821393164652262,0.01383323367787898,0
2019-10-31,652.0665893554688,663.3325688124955,650.886563570956,660.8166389822482,19463741,647.987744140625,616.7447814941406,-0.009972410526034814,0.014990339519819578,0
2019-11-01,648.7492065429688,650.9311456801099,641.669051249015,647.9031715622959,13904301,650.2765502929688,620.1290161132813,-0.0050874908585318845,0.014858725980339058,1
2019-11-04,649.0831298828125,655.0277868325503,643.4946981510161,652.7567916180376,14063434,652.3605102539062,623.393017578125,0.000514718687091964,0.014473913589465924,0
2019-11-05,644.4743041992188,654.1149164864012,641.6689712156925,651.5099899088991,12685356,650.6015991210937,626.4922668457032,-0.007100516823516645,0.014769876854725932,0
2019-11-06,638.95263671875,644.0957868351248,636.1027755766117,642.4259514311492,14625505,646.6651733398437,629.2709014892578,-0.008567707734026153,0.013994519746734988,1
2019-11-07,649.5061645507812,651.4654032117422,637.7503758842035,638.9972235731321,14084039,646.1530883789062,632.2510345458984,0.01651691725732185,0.011082610012091102,0
2019-11-08,643.6728515625,649.973734129593,641.8026095996164,645.2313964399264,12019353,645.1378173828125,634.0934417724609,-0.008981151075472482,0.011483247082044219,0
2019-11-11,635.7911376953125,643.116227364074,633.4533203520368,640.8229381763804,11357841,642.4794189453125,635.7677490234375,-0.012244906473925177,0.01221023182521591,1
2019-11-13,655.6066284179688,657.2097012891945,636.770685668936,636.770685668936,25225749,644.7058837890625,638.31259765625,0.03116666708266136,0.014101493924879908,0
2019-11-14,651.3541870117188,659.7479525828084,648.2593909614728,657.25431637005,14258133,647.1861938476562,640.5078979492188,-0.006486269695764824,0.013967300931250851,1
2019-11-15,654.9611206054688,662.0635700076792,651.5323334784945,652.6455968983422,15691605,648.2771850585938,642.7009765625,0.005537591782894369,0.013722246925484053,0
2019-11-18,649.7733154296875,661.7071569205408,648.081186273856,655.7625002501892,14076051,649.4972778320313,644.0969665527343,-0.007920783406174525,0.013879397646505724,1
2019-11-19,672.2830200195312,674.5763092701517,652.356105073382,653.2466682094622,30176255,656.795654296875,646.1764892578125,0.03464239613311659,0.017639862609825176,1
2019-11-20,689.1595458984375,700.1805897457675,687.1780135439317,692.4547478229387,43538120,663.5062377929687,649.1488220214844,0.025103305269283727,0.018381887223716517,0
2019-11-21,684.684326171875,692.8777434782081,680.6544394680069,687.9795281342566,14897371,670.172265625,652.3816558837891,-0.006493735381301713,0.01819906306291369,1
2019-11-22,688.6475219726562,698.889294670371,684.6843973559228,686.6882237413482,22352865,676.9095458984375,654.8318908691406,0.005788354792550576,0.017894883496405677,1
2019-11-25,695.3492431640625,696.7964379518986,690.6513741041939,690.7181960629307,15146156,686.0247314453125,657.7340942382813,0.009731714669078961,0.01711431561116367,0
2019-11-26,694.7704467773438,701.9396589265147,692.8779107918994,698.2659965314481,35330983,690.522216796875,660.5394500732422,-0.0008323822775516687,0.015964933165547385,1
2019-11-27,699.0452270507812,701.5611571283956,692.9223973101485,694.6368205516004,9642739,692.4993530273438,662.8282684326172,0.0061527952048994194,0.01394143639085874,1
2019-11-28,703.698486328125,705.4128499201177,696.417925337267,700.2919340451285,13747479,696.3021850585938,665.0814544677735,0.0066565925884016774,0.01317739873909986,0
2019-11-29,690.7181396484375,704.4331672085468,689.2486511776627,704.4331672085468,18559594,696.71630859375,667.0140319824219,-0.018445892568873523,0.015601841201697886,1
2019-12-02,706.4593505859375,718.9052971997955,702.2290568533912,712.4708300137888,31225364,698.938330078125,669.8995391845704,0.02278963014568003,0.015702269964506754,0
2019-12-03,703.0750732421875,709.7990029904348,700.2697400300401,709.2424307785986,12990426,700.5992553710937,672.5991363525391,-0.004790477103803759,0.013155058175461356,0
2019-12-04,691.4083862304688,702.4516656991397,682.9700335019947,700.4478393142873,20987607,699.0718872070313,674.9458404541016,-0.016593799802798515,0.01251483818782174,0
2019-12-05,690.5846557617188,703.4536503052666,687.5343877206762,700.8931920091011,19942460,696.44912109375,677.52744140625,-0.0011913804997953914,0.012300982032626325,1
2019-12-06,692.3880004882812,698.2213669831782,686.2429369169616,691.5419655665626,13085234,696.7830932617187,679.671533203125,0.0026113304306962792,0.012202090906713913,1
2019-12-09,700.2698364257812,702.4072476078668,688.6476296824825,692.9447458522689,12642677,695.5451904296875,682.5013824462891,0.01138355363169441,0.012349602089057622,0
2019-12-10,695.52734375,700.7150224336392,692.0540287591915,700.0248063059641,10173333,694.03564453125,685.4881927490235,-0.006772378916086397,0.012576225474197754,1
2019-12-11,695.7276611328125,701.1156860993483,690.4731611640682,692.6996280796019,12364641,694.8994995117188,687.4942443847656,0.00028800791890137845,0.012402288333743587,1
2019-12-12,698.3104858398438,700.8264159286773,693.1673349928408,699.2233427990602,10326606,696.4446655273438,689.8420593261719,0.0037124076723149546,0.012249998701399355,1
2019-12-13,704.8563232421875,708.0179414327434,700.1807476450258,703.5649471805253,12668303,698.938330078125,692.3368194580078,0.009373820864899685,0.010851440264312319,0
2019-12-16,697.5979614257812,709.7544444582198,696.5960482571616,708.9084095503324,11892718,698.403955078125,694.7280517578125,-0.010297647303523338,0.008658299057155587,0
2019-12-17,695.8613891601562,703.1196573453843,692.6775366524988,697.6648093043032,20324601,698.4707641601562,695.9069702148438,-0.0024893597195664308,0.008583342863652126,1
2019-12-18,701.7169799804688,703.5649282550722,695.549681497034,695.9949630752343,14742077,699.6686279296875,696.5348419189453,0.00841488105465893,0.007038553667571462,1
2019-12-19,716.9014282226562,719.1056609955814,699.9134917904707,700.7595267067665,20507816,703.38681640625,698.1456970214844,0.02163899217973908,0.009380430402550724,0
2019-12-20,712.070068359375,720.2857211455093,710.7341642408371,719.1502234523015,21271510,704.8295654296875,699.3168243408203,-0.006739224770773822,0.009958783044054101,0
2019-12-23,699.7353515625,702.4738626190867,693.6793445765387,694.703492066375,25107772,705.2570434570313,699.5361297607421,-0.017322335743299,0.011276179209633823,0
2019-12-24,688.625244140625,700.0247481256255,686.866292988837,698.6220816344203,18048449,703.809814453125,699.2288696289063,-0.015877584856998084,0.012210928172965705,0
2019-12-26,674.7990112304688,691.5197815023248,672.4611936111012,686.4879804270106,29761019,698.426220703125,698.0165588378907,-0.02007802215762622,0.013604143834508106,1
2019-12-27,686.7996215820312,688.5139853597664,677.4261769632532,679.9643413744825,17677571,692.405859375,697.1716156005859,0.01778397737969395,0.015025258556211646,1
2019-12-30,687.6234130859375,689.1596642144276,680.4319077161741,688.4026855518733,17123749,687.5165283203125,697.016879272461,0.0011994641202752732,0.014580131082123469,0
2019-12-31,674.1976928710938,687.4006758831533,671.5259443984595,686.6436378766443,22203005,682.4089965820312,695.4037963867188,-0.019524815413994423,0.01540571558068759,0
2020-01-01,672.2161865234375,680.0088516309808,670.3905321258029,675.9566705310696,14004468,679.1271850585938,693.8608520507812,-0.0029390583334955034,0.015403744524706733,1
2020-01-02,683.6602172851562,686.1761470483035,673.2848606187108,673.2848606187108,17710316,680.8994262695312,693.4734436035156,0.017024330849432445,0.01634581115384437,1
2020-01-03,684.484130859375,686.487957480382,678.1831882354902,682.6361230710287,20984698,680.436328125,693.1684173583984,0.0012051506777599474,0.014121025156638267,0
2020-01-06,668.6093139648438,680.3650438391912,667.0507691289934,676.8472602327319,24519177,676.6335083007813,691.9794830322265,-0.023192381209189317,0.015315454202963187,1
2020-01-07,678.8956909179688,683.3040975466399,673.952886932682,676.4019951208164,16683622,677.5731079101563,690.910775756836,0.01538473475956681,0.016139889010578196,0
2020-01-08,673.7969970703125,683.2817317108661,672.3943304886236,674.6207976476823,16047902,677.8892700195313,689.8242584228516,-0.0075102757549720955,0.015600297978920624,1
2020-01-09,689.3155517578125,690.2061149022059,681.8568773480174,685.1297860788776,14982742,679.0203369140625,689.5036529541015,0.023031498737713374,0.016020192485449357,0
2020-01-10,689.1595458984375,693.7460641432477,685.5971750800793,691.052021954991,12478359,679.955419921875,689.0461059570313,-0.00022631994734079175,0.015063108383880457,0
2020-01-13,687.4007568359375,694.0801585291999,685.0407051379933,688.0019166618636,18282382,683.7137084960938,688.1733276367188,-0.0025520782131910336,0.015088931592626162,0
2020-01-14,681.0330200195312,690.2060574437152,677.6710552541097,685.7531231921615,15816535,684.1411743164062,687.3450805664063,-0.009263499862462443,0.013911262683166255,0
2020-01-15,678.5617065429688,685.7086841864183,676.068070171922,683.9052640096224,15817859,685.0941162109375,686.4800964355469,-0.0036287718861144347,0.013935181528211438,1
2020-01-16,684.8179321289062,687.2448055274269,680.4095262908653,680.8548672498658,12847975,684.1945922851562,685.6351440429687,0.009219832957876095,0.013135296742059285,1
2020-01-17,704.0101928710938,705.7690846391494,691.6310096398801,691.7645940988411,29463471,687.1647216796875,684.9905822753906,0.028025347821316826,0.015817085553732575,0
2020-01-20,682.3466186523438,716.4784286658733,679.6971043882497,716.4784286658733,32545850,686.1538940429688,683.5044097900391,-0.030771676941780624,0.017318209290216855,1
2020-01-21,683.0369262695312,688.3581898620575,677.7378970312928,680.6768744071713,18922720,686.5546752929688,682.6694885253906,0.0010116670887163615,0.01668453256686725,0
2020-01-22,682.7918701171875,688.7588206739724,681.7899569992577,687.5342668020733,10322817,687.4007080078125,682.3778198242187,-0.000358774383812821,0.016443439876273946,0
2020-01-23,679.8975219726562,686.6214514994721,677.1589513580537,684.1945779592724,11247739,686.4166259765625,682.6327453613281,-0.004238990344209159,0.01462739563094999,0
2020-01-24,677.5375366210938,684.1278823316969,676.2016324357799,679.9643509483909,14628445,681.1220947265625,682.1696411132813,-0.003471089797055349,0.014637451839897345,0
2020-01-27,670.8580932617188,678.8288715307318,670.1678770715025,674.576343167049,13387750,678.8243896484375,681.3313751220703,-0.009858410786634297,0.014870592340491103,0
2020-01-28,655.3617553710938,672.3942783497732,651.7326219117568,671.7708247894806,24532236,673.28935546875,680.3895782470703,-0.0230992784409616,0.016173579904335024,1
2020-01-29,658.9686889648438,665.4476838598071,651.9330029814765,656.385937187332,24746565,668.5247192382812,679.7272033691406,0.005503729145298619,0.016434841887745993,0
2020-01-30,642.8935546875,658.9018717010598,641.2237192109507,658.5901746274501,22402689,661.12392578125,677.6888702392578,-0.024394382535224524,0.017125460586620168,0
2020-01-31,628.599609375,647.1238564671794,626.6180767993984,647.0125063572486,34750310,651.3363403320312,674.894644165039,-0.022233766707224212,0.012806862026416057,0
2020-02-03,616.9551391601562,623.3896651574961,606.9583015760081,610.0085691432375,30712290,640.5557495117188,672.3119354248047,-0.018524463014575443,0.011212696994886966,1
2020-02-04,635.1676635742188,637.8839401729988,622.4322559797637,623.4118752792756,25383901,636.5169311523438,670.1255340576172,0.029520014111325432,0.016629646060185056,1
2020-02-05,645.0086669921875,646.9234370233874,636.9043647870463,638.9526598272524,18472100,633.7249267578125,668.6861175537109,0.015493552304900682,0.018040983406096035,1
2020-02-06,649.1499633789062,653.2466727335321,641.268301219584,647.5024215657478,15538577,634.9762084960937,666.6778381347656,0.006420528279147852,0.018436335518072857,0
2020-02-07,638.3961181640625,646.7231209827357,636.0137726868787,646.121961162775,12209212,636.9355102539063,664.1396667480469,-0.01656604147194074,0.01881902885704842,1
2020-02-10,639.2644653320312,643.6728717218461,628.0653070065835,635.8802065407942,15142476,641.3973754882812,661.7328521728516,0.0013602012030806687,0.018882761071774272,1
2020-02-11,646.9011840820312,652.8903691202153,643.4723974955958,644.5188387872203,13999816,643.7440795898438,660.0262603759766,0.011946102378822987,0.01832243430364611,1
2020-02-12,654.716064453125,656.7421844770341,647.9030790730019,648.4151825290611,13533565,645.6855590820312,658.8339782714844,0.012080485495142845,0.018701809612195506,1
2020-02-13,656.4305419921875,658.0336151395259,651.2873910883294,658.0336151395259,13565659,647.1416748046875,657.4146087646484,0.0026186581208980098,0.016710212816184906,1
2020-02-14,662.4197387695312,668.5870368609382,647.0570496970056,657.8109261027595,21227841,651.9463989257813,655.3350860595704,0.009123885002619181,0.014395056958401539,0
2020-02-17,658.2561645507812,670.6798756802237,656.4972728187931,663.0430895240688,13149130,655.7447387695313,654.1305633544922,-0.006285401800501855,0.012540770813023114,0
2020-02-18,653.4246826171875,657.2096942768698,648.9717487058438,657.2096942768698,11127161,657.0494384765625,652.649951171875,-0.0073398202611455465,0.010254765554116961,1
2020-02-19,669.6334838867188,670.813509728984,656.8535465958774,658.7460229239962,14084409,660.0329223632813,651.9920318603515,0.024805921326096048,0.011828952828106818,0
2020-02-20,661.6849975585938,671.5037233050037,660.7276124968037,666.6055073331329,16892268,661.0838134765625,651.0814056396484,-0.01186990573110236,0.012759065303357096,0
2020-02-24,643.4279174804688,657.699577615814,641.0233376549481,654.4711971958799,21370214,657.28544921875,649.3759246826172,-0.02759179994330807,0.014846196880738984,0
2020-02-25,630.71484375,646.3001152119884,627.864922735704,646.3001152119884,27745062,651.7771850585938,647.3687622070313,-0.019758349591436075,0.016210427824995547,0
2020-02-26,619.849609375,628.911356956024,617.779020325235,627.8649155292255,29362748,645.0621704101562,645.5931549072266,-0.01722685692697401,0.016201368459188244,0
2020-02-27,617.2891235351562,620.6510881290094,609.6077499205786,618.0683364567957,25054993,634.5932983398437,643.5091766357422,-0.004130817864716474,0.015176130174701333,0
2020-02-28,591.6400756835938,604.2641917083236,590.0147686027638,603.3290411767952,39315769,620.5843139648438,640.9465026855469,-0.04155110931596018,0.018523431889828995,0
2020-03-02,586.073974609375,609.6077258365907,579.3722800369876,603.4181347083037,29500495,609.113525390625,638.8202209472656,-0.009407917588725834,0.01726132873394669,1
2020-03-03,597.9633178710938,602.8838272617827,588.6789307113166,592.1077172942299,27398798,602.5632202148438,637.8706298828125,0.020286420787824833,0.020062744928204854,0
2020-03-04,596.5606079101562,602.8392551960833,582.4002405429284,602.0377485234621,22105261,597.905419921875,635.9402770996094,-0.0023458127263249473,0.020180935190862028,0
2020-03-05,583.8475952148438,604.6873667976507,581.5543059975552,602.1269086434213,30510390,591.2171142578125,632.8822235107422,-0.021310513176269086,0.016575166329312132,0
2020-03-06,565.968994140625,573.605840695423,552.6547183160529,565.5237125645812,33734039,586.0828979492187,628.7231750488281,-0.030622034278722676,0.01741110094341155,0
2020-03-09,496.1245422363281,552.6101067897556,487.5971635409846,552.1870596312644,88187018,568.0930114746094,621.6095962524414,-0.12340685201377444,0.03849046663945942,1
2020-03-11,513.6691284179688,524.7569350107589,493.385961606044,493.385961606044,59578576,551.2341735839843,615.3298294067383,0.035363270082461096,0.04299903597244311,0
2020-03-12,473.3477478027344,490.26892105164063,466.9800437585421,483.14423842846696,55970485,526.5916015625,606.6521575927734,-0.07849679566965362,0.046842817405897845,1
2020-03-13,492.1837463378906,507.6354328669012,419.64532802906,444.4036668358869,73297403,508.2588317871094,598.5255416870117,0.039793151277453864,0.050954591547129655,0
2020-03-16,452.2853393554688,480.7841591374453,447.5206784786443,472.2567802513006,38482258,485.5221008300781,588.3182815551758,-0.08106404829352298,0.0541429466525136,0
2020-03-17,448.8565979003906,472.0118916262875,446.7191870864638,466.3343737158094,45445979,476.0685119628906,577.6401245117188,-0.007580925483820278,0.0542049074537142,0
2020-03-18,431.2674865722656,461.28032501489446,427.9277857781092,456.5601919681001,44730415,459.58818359375,566.290690612793,-0.03918648274393499,0.051905434408806315,0
2020-03-19,408.64654541015625,430.5995508438921,397.2915384995935,409.715250893795,61404010,446.6479431152344,554.0517837524415,-0.05245222945486039,0.051258702661348854,1
2020-03-20,453.2872619628906,460.8349919401429,414.1236220114131,418.3539154289049,63360475,438.8686462402344,543.23447265625,0.10924041094713943,0.06895624111576401,0
2020-03-23,393.662353515625,423.0295012919512,389.9218699453738,407.9785404343475,40670949,427.1440490722656,529.8333404541015,-0.1315389013780558,0.07712247502423865,1
2020-03-24,420.090576171875,431.9353918898189,398.8945807634273,414.1236252972025,45734887,421.3908447265625,518.6664733886719,0.06713423933030738,0.07581278576117197,1
2020-03-25,481.9196472167969,512.7785178891949,428.9296612692312,429.17456609975056,73130298,431.5212768554687,511.2267135620117,0.14718033336607217,0.09067228581728073,0
2020-03-26,474.7727355957031,497.3491651821385,464.1524728836179,487.95345651457,45744488,444.74651489257815,503.9728698730469,-0.014830089751204145,0.0869159520773402,0
2020-03-27,474.5054931640625,493.074266838,465.8667942296897,487.5971557412117,41657940,448.9901611328125,496.8336883544922,-0.000562884958642984,0.08598422475435892,0
2020-03-30,458.85345458984375,478.6022562103133,454.20014346811496,463.37321097095526,30229866,462.02838134765625,490.19435729980466,-0.03298600079389802,0.08223295318761707,1
2020-03-31,495.9464721679688,503.0934193486525,466.668378147016,478.2237612689132,44292810,477.199560546875,485.6879821777344,0.08083848384944914,0.08548583045602273,0
2020-04-01,481.1181640625,500.7778787446454,465.4215441889714,499.7314374197435,41597459,477.0392639160156,479.84572448730466,-0.029899009142354993,0.08490088710422056,0
2020-04-03,479.78228759765625,505.1640794985781,470.3643151321363,505.1640794985781,41367807,478.0411743164062,474.0068084716797,-0.0027766078369683145,0.0819695939636348,1
2020-04-07,537.0693969726562,540.587180545846,489.8236588022936,490.7587797499459,54373624,490.553955078125,471.6678985595703,0.11940230153523457,0.08326292676927968,0
2020-04-08,530.8575439453125,547.2666748233642,516.5413553079427,525.4472243442474,49880330,504.95477294921875,469.9123260498047,-0.011566201802520548,0.06577774221604962,1
2020-04-09,543.2366943359375,548.9587106749909,531.2360300150857,540.5871800325931,33032857,514.4128173828125,472.26793365478517,0.023319156959932474,0.06464116427722293,0
2020-04-13,529.521728515625,541.0325844995617,525.447253374809,536.1120743446078,23673784,524.0935302734375,473.060563659668,-0.025246758849893136,0.05077141130799882,0
2020-04-15,512.0216064453125,550.3837133914021,508.9713385264956,533.0394909756521,35321842,530.5413940429687,474.9942565917969,-0.03304892156053629,0.052093773672948554,1
2020-04-16,520.1259155273438,528.7646148704049,509.8619089009577,512.0215540116548,37455706,527.1526977539063,476.39136505126953,0.01582806073027876,0.05202610540299415,1
2020-04-17,545.0401000976562,547.7119081332823,531.0801379395491,541.477788467049,33269335,529.989208984375,481.0291030883789,0.047900294575886626,0.05080715228499264,1
2020-04-20,553.8569946289062,559.7348298724658,535.2436911572639,545.9307453957434,36030932,532.1132690429688,486.2791229248047,0.01617659788641279,0.04586244338667784,0
2020-04-21,550.98486328125,557.508386765965,518.3225393512134,538.8060261793212,61371628,536.4058959960937,492.2649917602539,-0.005185691208216325,0.04398052619925969,1
2020-04-22,607.2032470703125,616.6880417343276,578.8825664491623,587.7884356237253,142683366,555.4422241210938,502.19282684326174,0.10203253761685627,0.05129185991409644,1
2020-04-23,610.453857421875,617.1110242514935,602.6166648338456,608.8730782936495,65464502,573.5078125,510.05115661621096,0.005353413979991561,0.03921778018425481,1
2020-04-24,630.9819946289062,665.692673747736,599.9004494609227,601.2140598103026,134986308,590.69619140625,521.917138671875,0.033627664003512914,0.03860020750319104,1
2020-04-27,636.6594848632812,656.809040623181,633.6537450993618,638.5519612553153,58482901,607.256689453125,532.7455841064453,0.008997864095494634,0.03864968829048609,0
2020-04-28,635.9470825195312,648.103567516399,619.916469231147,645.6767530581233,78453401,624.2491333007813,540.4469558715821,-0.0011189691831937632,0.036433625876314886,0
2020-04-29,635.4125366210938,647.3019093275574,632.3177410324345,643.405607041887,37494672,629.8909912109375,548.4789459228516,-0.0008405509092355157,0.03253011503703866,1
2020-04-30,652.8013305664062,665.6926172797448,640.3553848329962,647.4355395070829,71345899,638.3604858398437,557.3937377929688,0.027366148672136825,0.032480542054036686,0
2020-05-04,639.0863647460938,652.3561123219903,631.1823492999154,641.2237757465786,53456868,639.9813598632812,566.4053833007813,-0.021009402368118102,0.033987267788268244,1
2020-05-05,650.4189453125,658.5901284085901,644.4297604788242,647.3242091452047,44903763,642.733251953125,574.1290069580078,0.017732471214447987,0.033988980760561664,1
2020-05-06,650.463623046875,661.2397341507669,643.6728711176166,651.9108178555344,40489094,645.6365600585938,582.5962799072265,6.869070265702604e-05,0.03365207639859922,1
2020-05-07,671.0361938476562,674.019699350152,643.4502566899976,647.9031914144758,50026966,652.7612915039062,592.1589752197266,0.03162755006101037,0.01735583122220609,1
2020-05-08,695.46044921875,703.5202220953565,684.4616403192125,687.9794827972127,84262770,661.293115234375,600.0785278320312,0.036397821153353105,0.019086633739230256,1
2020-05-11,702.1399536132812,719.1501837188379,700.1361272712575,703.564854514178,67085063,673.9038330078125,608.6426483154297,0.009604434590111843,0.01770343309989748,0
2020-05-12,658.7014770507812,698.3772514173569,652.3560664564766,696.79641276918,100683202,675.5603393554687,614.4158874511719,-0.06186583791302769,0.029073319722630678,1
2020-05-13,672.677001953125,686.4096865474885,653.5950534044931,686.4096865474885,66430125,680.0030151367188,621.5736511230468,0.02121678087760892,0.029508471220217054,0
2020-05-14,645.4812622070312,672.789324791763,642.8291322565639,660.3377319199246,49266771,674.8920288085938,628.2466339111328,-0.04042912076246197,0.03298358819878336,1
2020-05-15,656.0224609375,659.3039301915819,636.1089238922658,649.0999085460102,62152260,667.0044311523437,635.0414611816407,0.01633075868759737,0.03221899194728442,0
2020-05-18,647.6389770507812,666.181474909855,641.9076865534937,660.7873261418357,62796089,656.1042358398438,640.1714050292969,-0.012779263494634319,0.031696105850004104,0
2020-05-19,633.3219604492188,657.0564195102567,630.7822503273412,654.9436803175768,42315854,651.0283325195312,644.1446533203125,-0.022106477696508198,0.03197218817494002,1
2020-05-20,644.4699096679688,650.3810366625504,626.1746060014038,633.8163858969135,55320985,645.3869140625,648.8189056396484,0.017602341170741553,0.03258493363891022,1
2020-05-21,647.8636474609375,656.943822099277,640.5590103235712,645.0541533465267,39167981,645.8633911132813,650.8519256591796,0.0052659367676564095,0.030715056462814902,0
2020-05-22,643.5034790039062,655.3931503743523,641.233434844536,652.6061872445827,37828973,643.3595947265625,652.5044067382812,-0.006730071171795693,0.027406158585156458,0
2020-05-26,640.1322021484375,651.662261081613,636.6484234818872,650.9655053483029,33216635,641.8582397460938,652.9619171142579,-0.005238941148674514,0.026778286329159198,1
2020-05-27,649.7966918945312,653.5950802585778,634.7154397533718,643.2562252592883,35667956,645.1531860351563,653.6187774658204,0.015097646569970147,0.020076970640097516,1
2020-05-28,661.7987060546875,665.1700639694456,651.3474905739236,654.0445650157022,40126278,648.6189453125,654.9113586425781,0.01847041437709307,0.019752771232448993,0
2020-05-29,658.27001953125,661.6863216286777,652.9882315987021,659.8882522484166,40022527,650.7002197265625,656.054232788086,-0.0053319634673717475,0.014469056043401565,1
2020-06-01,683.4203491210938,691.5116310071569,663.4618696555066,665.2824110523774,39943702,658.68359375,657.5851837158203,0.03820670673677817,0.0180719003114251,1
2020-06-02,690.3203735351562,692.2533351438987,683.6226027052328,685.9601224657711,22153960,668.7212280273437,660.1468841552735,0.010096311037469441,0.017099046028717434,1
2020-06-03,692.9950561523438,701.2436433909791,689.2640251716484,694.5009280550352,25381289,677.3609008789062,662.2756896972656,0.0038745526276304787,0.01394725282615789,1
2020-06-04,710.1441040039062,714.5044150378368,692.7029193183236,694.0514268333575,34202350,687.02998046875,665.2597137451172,0.024746277335335742,0.014597177215172131,1
2020-06-05,710.9981689453125,727.3155677405333,707.4020299835134,716.976712812966,33076685,697.5756103515625,667.2578125,0.0012026642713653946,0.014794048934721532,0
2020-06-08,705.5140380859375,727.495369555277,703.4912471731864,727.495369555277,31414953,701.9943481445313,667.7604919433594,-0.007713284082728533,0.014916214064775984,0
2020-06-09,690.9722900390625,711.5825840206448,689.1068040465735,701.3785617206731,25857161,702.1247314453125,667.2021087646484,-0.02061156442234202,0.017202686600862757,1
2020-06-10,706.7052612304688,710.0316745660456,692.2758220092561,693.6468015444327,22132647,704.8667724609375,669.6022979736329,0.022769322906591283,0.017727171296626636,0
2020-06-11,691.2195434570312,704.8173365444579,688.207799283614,703.9408036567188,20385805,701.0818603515625,670.5294250488281,-0.021912554813126484,0.019710231872061588,1
2020-06-12,714.189697265625,716.0776552194108,672.924169196797,674.2727360709879,38548899,701.720166015625,673.9648468017579,0.03323134310368592,0.021276045307886206,1
2020-06-15,725.7648315429688,731.3388178242635,701.7382332043936,703.4913585731487,53107403,705.7703247070312,677.4519653320312,0.01620736664454947,0.018849297274553527,1
2020-06-16,727.1807861328125,741.0483050918923,712.6164520349436,738.5535392456209,51187003,713.0120239257812,681.4290557861328,0.0019509826438317557,0.01883768047708201,0
2020-06-17,726.1243286132812,735.159560417052,720.1682571993283,722.9327480146142,41782053,716.8958374023438,686.0691741943359,-0.0014528127525886836,0.01895974753726395,1
2020-06-18,744.3521728515625,748.4427585087822,721.74156125064,722.3709004133316,40471557,727.52236328125,691.0632873535156,0.02510292455438301,0.019001638786251645,1
2020-06-19,790.8770141601562,804.0927203501327,747.0942467519249,750.6903261392612,105804173,742.8598266601563,698.2139556884765,0.06250380264271982,0.026206596654163392,0
2020-06-22,784.9210205078125,811.0153531945601,779.9088977902954,797.1703064721975,60198705,754.691064453125,705.2848327636718,-0.007530872115013354,0.02619217760903857,0
2020-06-23,773.5706176757812,792.8323423074329,771.4129344994001,786.6514901886577,37962078,763.9690307617187,711.956753540039,-0.01446056677739116,0.0254277192878535,1
2020-06-24,776.6947631835938,796.855553260014,769.4351285440347,780.313374152456,51586221,774.0831176757813,718.3016571044922,0.00403860415122681,0.02520579531531891,0
2020-06-25,772.2221069335938,786.2020448440715,770.0419514480267,776.3126926255497,39679374,779.6571044921875,723.8228271484375,-0.005758576550287331,0.02340303100414616,1
2020-06-26,782.8981323242188,787.5506408989148,771.8175772674693,777.1218971867132,30921913,778.061328125,730.054232788086,0.013825070915177928,0.0221617251059654,0
2020-06-29,774.5820922851562,782.0440358258111,771.1657900960829,776.7847199037966,25621946,775.9935424804687,734.6123199462891,-0.01062212272032681,0.022864642781963523,0
2020-06-30,766.0189208984375,782.6059869061835,762.1755284855506,780.8079767260515,30276420,774.483203125,738.3972473144531,-0.011055214769367883,0.02352884008594873,1
2020-07-01,781.0775756835938,786.2020588284339,767.7943931621406,773.1661294381369,28464103,775.359765625,742.8013732910156,0.019658332678642587,0.02378546636095391,1
2020-07-02,794.524169921875,797.7964291606368,783.1051378323464,786.6933471641555,28789533,779.8201782226563,747.020376586914,0.017215440126434167,0.02326453596005816,1
2020-07-03,806.9586181640625,809.2605230295892,797.9768734526536,803.302718327586,29434266,784.632275390625,751.8183990478516,0.01565018247765848,0.013438294019126636,1
2020-07-06,835.799560546875,838.5978646000791,808.8542664677218,814.6766299428286,47016185,796.8757690429687,758.3326751708985,0.035740299110293305,0.01659086122087822,0
2020-07-07,823.00390625,841.463914285067,815.2633981823944,839.5005827702558,35189589,808.2727661132812,764.9342559814453,-0.01530947717716269,0.016711325063597127,0
2020-07-08,811.517333984375,828.1944614496679,807.9065609306946,823.2748204715693,26204095,814.3607177734375,770.1748596191406,-0.013956886690809633,0.017912242986519094,1
2020-07-09,823.3650512695312,828.2170013060332,806.2139692943585,816.4820787561033,36418942,820.1288940429688,776.7821350097656,0.014599462992350931,0.01776818604044531,1
2020-07-10,847.6473999023438,850.6037089763864,823.3650271392274,825.2832912510764,43759967,828.266650390625,783.4550201416016,0.029491595004393245,0.01911792094470778,1
2020-07-13,873.3515014648438,879.0835514065949,857.5544142629645,859.066414273634,69608392,835.7770385742188,790.8343536376954,0.03032404932223165,0.01903743365242383,0
2020-07-14,865.2272338867188,876.3754426124376,851.8223070969156,872.9001111198423,67331128,844.2217041015625,797.7366760253906,-0.009302402943715649,0.018805822321847167,0
2020-07-15,832.2791137695312,893.1203699369507,811.5173183412455,874.6829238098223,139669773,848.3740600585937,803.0444152832031,-0.0380803086481456,0.024373051594779833,0
2020-07-16,832.0083618164062,843.5627758296462,818.0392246836387,833.6331798351821,60961724,850.1027221679688,807.4272247314453,-0.000325313886466172,0.02415740112911743,1
2020-07-17,862.8351440429688,866.581298459645,829.5710262803591,832.7304674212536,49726765,853.1402709960937,811.0251312255859,0.03705104857271224,0.026088027379533956,1
2020-07-20,866.5361328125,871.9974193757844,857.3964422325445,865.5883422314392,36592938,851.777197265625,815.1058868408203,0.004289334753090346,0.0240581538221285,1
2020-07-21,889.8480834960938,892.3079337086934,874.0284930342241,875.156852095807,42173371,856.7013671875,820.9197601318359,0.026902456574927402,0.024020651243397896,1
2020-07-22,904.4942016601562,907.2022513326308,884.950961621849,895.0159382684053,59771457,871.144384765625,827.3097320556641,0.016459121995880288,0.02281282011942937,1
2020-07-23,928.776611328125,938.6610205330576,898.784750623047,904.4716734406272,58333751,890.4980346679688,835.1374572753906,0.0268463961663874,0.02334172459525582,1
2020-07-24,968.65283203125,976.2579590026274,928.776564146926,928.8668185460966,120597372,911.661572265625,844.4251922607422,0.042934135309569355,0.024780347237494837,1
2020-07-27,973.1888427734376,992.4161339989756,960.4158156178776,983.3892613715004,80304827,932.9921142578125,854.3555297851562,0.0046828033658619095,0.02418975718399163,1
2020-07-28,982.8927612304688,990.2496888244224,970.6838835389932,973.1888610354256,55114422,951.6010498046875,865.1992218017579,0.009971259462219662,0.023123833588061717,0
2020-07-29,946.311279296875,985.1945694094204,934.4860429521892,982.9830381867582,72663399,959.9644653320313,873.4609069824219,-0.03721818226415452,0.022912569716136845,1
2020-07-30,951.8177490234376,965.7416994124952,935.1856889845394,947.372003332624,72857444,964.5726928710938,881.3255859375,0.005818877833363656,0.022590913763202505,0
2020-07-31,932.97412109375,960.9123366610668,926.5199162983888,954.3678774596884,74958061,957.4369506835938,887.6263610839844,-0.01979751685553366,0.02322633330683056,0
2020-08-03,906.7509765625,928.4154946857376,904.0879942280136,925.842826443246,46715383,944.1493774414063,891.1739318847656,-0.028107043848663138,0.025918500724000086,1
2020-08-04,970.6613159179688,978.0633706821992,902.8017056351508,911.9865832893144,92041055,941.7030883789063,898.5568023681641,0.07048279076329567,0.03279128101232936,0
2020-08-05,959.7613525390624,991.152334357933,956.082888808404,978.9660801786948,74549993,944.3931030273437,905.9690032958985,-0.011229419778203575,0.03327631134312997,1
2020-08-06,963.214111328125,978.3792977984336,951.3437476637284,973.549911434821,49322975,946.6723754882812,912.9614562988281,0.003597518049594628,0.03249504202267458,1
2020-08-07,968.7882080078124,973.9109808198932,956.9404677314832,961.2733354792168,32984416,953.8351928710938,919.0184967041016,0.005786975724433319,0.02955431741866187,0
2020-08-10,956.782470703125,977.1606844285126,951.4791890501768,974.497761802115,26958997,963.8414916992188,923.1900451660156,-0.012392530385331169,0.029771776459410867,1
2020-08-11,963.0787963867188,974.9040336698868,947.9812996710002,963.5301281069164,46828306,962.3249877929687,928.0826232910156,0.006580728510804157,0.029648091384545373,0
2020-08-12,960.2803344726562,968.1337801877428,950.8923849420116,957.3014618538516,30264617,962.4287841796875,934.4826843261719,-0.0029057455366703344,0.026935475469269166,0
2020-08-13,957.7754516601562,965.3805786775785,952.3367286962584,960.4609378961798,24830322,961.3410522460938,940.7710388183593,-0.002608491210929098,0.026927023168307505,0
2020-08-14,954.0518798828124,973.549934599968,942.9713613334555,958.0011068702576,33224635,958.3937866210938,945.3318756103515,-0.0038877293951203873,0.02602030895737707,0
2020-08-17,943.919189453125,950.0800072856482,934.3281075225128,950.0800072856482,30979066,955.8211303710938,949.2010284423828,-0.010620691225860845,0.024260584486601032,1
2020-08-18,956.1958618164062,963.3045306935902,939.8571872924176,941.053237291092,30547672,954.4445434570313,952.5184173583984,0.013006062913493599,0.008564785973563088,1
2020-08-19,962.063232421875,972.195960590882,957.4595415393626,966.3284692913196,34087543,954.801123046875,955.3968688964844,0.006136159797139218,0.008114174370151868,0
2020-08-20,946.4918823242188,958.6105063624732,942.4072137744096,956.8502469568804,22537845,952.5444091796875,956.2826324462891,-0.016185370745805616,0.009504959978053678,0
2020-08-21,939.6314086914062,957.7529046597704,937.44238130795,955.9475181738236,25280895,949.6603149414062,954.8315612792969,-0.0072483174562107955,0.009253223042994032,1
2020-08-24,945.9050903320312,949.854317250222,934.5086218851164,943.9417586729288,32717218,950.0574951171875,953.4673736572265,0.006676747480548917,0.009068477563218207,0
2020-08-25,939.744140625,952.9234309193324,937.893627107895,950.5312716600184,19388008,946.7671508789062,951.3099426269531,-0.006513285286231629,0.008775926467440175,1
2020-08-26,964.6583862304688,969.4652088235416,923.9020199231386,941.0531010310552,59870421,947.286181640625,952.2272979736329,0.026511732851985492,0.01266285948975017,0
2020-08-27,952.6076049804688,970.3905879404774,949.2902183763626,969.4878648165206,28085062,948.509326171875,952.2667907714844,-0.012492278533015266,0.013304248221811636,1
2020-08-28,955.1124877929688,962.672487284176,950.64417889511,956.8501236807624,27166900,951.6055419921875,953.3737091064453,0.002629501170685389,0.013277372418010311,0
2020-08-31,939.1123046875,981.2227244337602,929.9274278526688,981.2227244337602,62076132,950.2469848632812,954.9917755126953,-0.016752145228926096,0.013956295482357753,1
2020-09-01,942.0687255859376,957.9334441866578,930.8527654130116,947.8233392331532,38616258,950.7119018554688,953.5621459960937,0.003148101546195159,0.013231680817994048,1
2020-09-02,960.55126953125,964.9744517777982,941.0532136373027,944.2125954179412,26949439,949.890478515625,953.6016418457032,0.019619103620934775,0.014692276290284974,0
2020-09-03,953.2846069335938,965.312916194752,949.177375013291,960.4609660708118,18586429,950.02587890625,953.1051666259766,-0.007565096031992513,0.013871015030699752,0
2020-09-04,937.55517578125,946.4466666938624,935.2758940537118,940.3986668867656,28475945,946.5144165039062,951.5435150146484,-0.016500246660795415,0.014748389166878175,1
2020-09-07,939.9924926757812,950.4185474757394,922.660841979458,940.6018292728932,21926473,946.6904541015625,950.7040161132812,0.002599651687166249,0.01459506168092292,1
2020-09-08,951.02783203125,957.3014676946552,939.0220273942846,944.2124909097532,27397082,948.482275390625,950.1014678955078,0.01173981647880562,0.014902006452774327,1
2020-09-09,975.5132446289062,978.4244265500108,939.4508218895586,941.053135941398,55310877,951.4746704101562,950.8631134033203,0.025746262909424278,0.014759360114946553,1
2020-09-10,1044.410888671875,1058.3800235694275,981.83194598064,985.3299004503288,140304404,969.6999267578125,955.1948852539062,0.0706270718745372,0.02560259343606632,1
2020-09-11,1047.0062255859375,1055.175562246342,1032.269926063605,1043.5083899488072,59470807,991.59013671875,959.8426025390625,0.0024849768823866913,0.02560696143013245,0
2020-09-14,1039.2431640625,1065.1729199258552,1029.96797210438,1049.3758922384438,44063445,1011.4402709960938,964.6088012695312,-0.007414532343485436,0.024696783377765,1
2020-09-15,1046.5999755859375,1049.7142296990355,1032.743657881546,1043.485721472839,27178393,1030.5546997070312,969.1290069580078,0.007079008818955401,0.024598763172293737,1
2020-09-16,1049.172607421875,1069.3928153950412,1042.8538446608136,1047.1189617708817,33952295,1045.286572265625,973.4844757080078,0.0024580851289406347,0.024516844780286817,0
2020-09-17,1037.528076171875,1053.3025400234242,1034.413702375252,1047.1190390154095,25828669,1043.910009765625,978.0362854003906,-0.011098775518562198,0.024807878981875812,1
2020-09-18,1040.6649169921875,1046.870862352633,1027.5081886685462,1044.5238896915514,33074915,1042.641748046875,983.0879608154297,0.003023379214841526,0.0233217008570496,0
2020-09-21,1018.165283203125,1054.3404610706275,1014.3287552558284,1038.092044133767,33627381,1038.426171875,986.7009704589843,-0.021620440375844208,0.025422291254966138,0
2020-09-22,997.9902954101562,1027.7112740343982,993.6573676500884,1027.7112740343982,34792254,1028.7042358398437,989.6132781982421,-0.019815041944367562,0.02686560216668442,1
2020-09-23,1006.859130859375,1027.5984225615102,995.3499037941468,1020.0384225209982,42988708,1020.2415405273438,991.7233154296875,0.008886695081111728,0.025942407118908925,0
2020-09-24,984.4725341796876,1004.6926843399244,982.1480654339798,996.5234072507044,29826318,1009.6304321289062,993.3165618896485,-0.022234090145837992,0.012218934380030334,1
2020-09-25,993.7249755859376,998.7349303522368,978.198771791248,987.9929259452438,28374935,1000.2424438476562,995.2471862792969,0.009398374342621585,0.012916991983625427,1
2020-09-28,1000.2921142578124,1010.1088922605072,996.139755111036,1005.1440644113056,19666849,996.6678100585938,998.3061767578125,0.006608607847460535,0.013394251817307381,1
2020-09-29,1013.2908325195312,1021.843750379062,1000.2921093414724,1004.2413960622814,25842539,999.7279174804687,1001.8672821044922,0.012994922259647712,0.014039860650481248,0
2020-09-30,1008.4614868164062,1023.1977860425368,1004.2413772750692,1020.0384044786468,24465159,1000.048388671875,1004.26279296875,-0.004766001574411649,0.013905028043646645,0
2020-10-01,1004.3541870117188,1021.7534684542668,999.276541320604,1021.7534684542668,20783227,1004.0247192382812,1006.8162719726563,-0.004072837543507735,0.013674342265757158,0
2020-10-05,998.464111328125,1015.1412378353376,995.665807141331,1012.816828930844,18922799,1004.9725463867187,1009.86171875,-0.005864540378049954,0.013515735344865214,0
2020-10-06,997.629150390625,1008.2582772733268,993.7024274130506,1004.3541775876134,18412175,1004.4399536132812,1012.7435516357422,-0.0008362453172096052,0.012029687538770043,1
2020-10-07,1018.9102172851562,1042.154428954155,1001.9847694397472,1008.7549247010826,53170865,1005.5638305664063,1016.1376708984375,0.0213316410072808,0.01228204532115969,0
2020-10-08,1010.6729736328124,1023.6491928550894,1002.9324648078214,1019.5870284539118,21077808,1006.0061279296875,1017.8956573486328,-0.008084366524748088,0.0124186854566681,0
2020-10-09,1008.0552978515624,1016.8790987960084,1000.6758061956652,1008.7548888939576,18545499,1006.7463500976562,1016.0778778076171,-0.002590032433380407,0.009685011815403346,1
2020-10-12,1009.6799926757812,1018.1200919736274,1004.8055389601913,1008.7547657275612,14226473,1008.9895263671875,1014.2115661621094,0.001611712003975807,0.009368755183942635,1
2020-10-13,1029.38134765625,1031.6606295627953,1004.6250177214828,1006.7689180188712,23112012,1015.3399658203125,1013.7184753417969,0.019512474371466526,0.010894558974116874,1
2020-10-14,1032.450439453125,1039.8976215416956,1023.8748385588289,1028.5689032035948,26742011,1018.0480102539062,1013.0109985351562,0.002981491556907301,0.01031056163351897,0
2020-10-15,995.8914794921876,1033.5787209899615,990.7010157207518,1033.5787209899615,20036197,1015.0917114257812,1010.3469421386719,-0.03540989336040401,0.01567668265849962,0
2020-10-16,982.0352783203124,1007.6264617004912,980.6135326453984,999.728007266676,21583600,1009.8877075195312,1007.5723022460937,-0.013913364515319104,0.016181809348564804,1
2020-10-19,982.2156982421876,1005.9112981674256,972.7149304876792,988.4668301104948,31200385,1004.3948486328125,1004.6498413085938,0.00018372040786940325,0.0161395302204897,0
2020-10-20,973.0535278320312,989.7984063552932,971.4060864555798,983.479583144778,18482288,993.1292846679687,1002.394253540039,-0.009328063506369721,0.01632185077183529,0
2020-10-21,958.9264526367188,989.3470825746206,946.8078286470422,978.5148226542062,34082321,978.4244873046875,1000.4410614013672,-0.01451829194513865,0.014356118294551891,0
2020-10-22,950.9601440429688,962.4919944695694,943.7612212611411,960.190149042808,30802210,969.4382202148438,997.6461120605469,-0.008307528248746698,0.014359968251675848,1
2020-10-23,953.7133178710938,963.6202899304686,946.1984454833868,950.531313149888,23422125,963.773828125,996.1081512451171,0.0028951516479123196,0.014606397095577355,0
2020-10-26,915.822998046875,948.703416901934,911.038738740416,948.703416901934,37324416,950.4952880859375,992.2130523681641,-0.039729255232378025,0.0178765160151312,1
2020-10-27,918.2601928710938,929.70172795041,904.9455209838884,918.4407016571696,36478896,939.53662109375,988.1114562988281,0.0026612072741309944,0.015462384258761234,0
2020-10-28,907.8568115234376,928.7314851710536,906.0288613850042,921.555066223106,29924017,929.3226928710938,982.8397552490235,-0.011329448263599717,0.014639376254140662,1
2020-10-29,914.8299560546876,921.6452970796064,898.6267252669395,901.3347749825296,30655304,922.0966552734375,978.1581787109375,0.007680885843163621,0.01350309280376445,1
2020-10-30,927.2870483398438,932.0713070827724,912.528067657532,917.8087852454236,34021563,916.8114013671875,974.3048217773437,0.013616839066878494,0.01497379223310941,0
2020-11-02,847.3765869140625,914.875118139784,839.1169961667077,914.875118139784,99366895,903.122119140625,966.7504455566407,-0.08617661765992302,0.029303470242282623,0
2020-11-03,835.167724609375,861.6165021715815,828.2621884933044,853.0409611809424,88691623,886.5036254882813,958.6273742675781,-0.014407835303957617,0.029252585218688815,1
2020-11-04,863.5121459960938,870.6434375225641,829.1197275153525,829.1197275153525,80180117,877.6346923828125,950.857470703125,0.033938597663093484,0.033062661024637084,1
2020-11-05,882.3782958984375,885.0637819795205,871.9973691521444,882.35573229981,37205373,871.1443603515625,944.4427368164063,0.021848158117777183,0.03456665374623597,1
2020-11-06,915.8455200195312,920.7425971059891,892.8269476303738,898.1754160907856,66674086,868.8560546875,939.8322479248047,0.037928430783780165,0.0373342385906434,1
2020-11-09,925.5719604492188,933.831550883712,918.9371879060812,930.7172966945932,35838510,884.4951293945312,935.6268463134766,0.01062017580156982,0.03522552826949454,1
2020-11-10,940.8499755859376,943.3098257434692,921.2842310899435,937.4423348777668,36934242,905.6315795898438,931.2002777099609,0.016506566522719535,0.0355408957051008,0
2020-11-11,901.425048828125,945.5665526357732,892.8043809348467,942.858502861752,56724780,913.21416015625,924.6490081787109,-0.04190352105101536,0.038133236546143284,0
2020-11-12,893.6619262695312,906.502703689629,886.8917719189561,894.1133176465529,40046527,915.4708862304688,919.5375305175781,-0.008612055509979455,0.03811500729832837,1
2020-11-13,901.06396484375,919.23058714732,894.4518154997988,894.564633496026,45388670,912.5145751953125,915.48896484375,0.00828281742416559,0.03791419060327126,1
2020-11-14,903.7269287109376,909.5944198559474,900.5901107359409,909.4139110537326,5226220,908.1455688476562,911.5645263671875,0.0029553549704424142,0.023844371680323183,0
2020-11-17,899.6422729492188,941.0531655438716,895.9186819311539,941.0531655438716,46542562,899.9040283203125,907.8939636230468,-0.004519789808128394,0.023063300103053214,0
2020-11-18,896.91162109375,905.6226031588404,884.6801802584594,899.6422344929193,30402290,899.0013427734375,904.7932220458985,-0.0030352640572536282,0.021285488931040906,0
2020-11-19,890.5702514648438,907.4053832429536,888.3360969077845,896.9116378432019,27796343,898.3830078125,901.7737274169922,-0.0070702279686968295,0.02054378563155128,0
2020-11-20,857.3287963867188,895.377116449163,855.297714134409,891.4052660410506,57471248,889.6359741210938,896.9545013427735,-0.037326033542495085,0.019306367744882858,1
2020-11-23,880.4376831054688,889.1486066280576,869.4022906702216,880.57306472109,45327567,884.978125,895.1852355957031,0.02695452061816228,0.021476375250257505,1
2020-11-24,886.4630737304688,890.953946718642,871.9974772270936,886.4405101290448,30936268,882.34228515625,893.5953796386718,0.006843631003783601,0.020612370744323056,0
2020-11-25,879.128662109375,899.5068761620935,876.6011807335245,893.6619486348033,32637879,878.785693359375,892.1589721679687,-0.008273792601680041,0.016362416400169822,1
2020-11-26,881.2952270507812,886.8918959261763,871.1174305021915,881.4983591680497,25838637,876.9306884765625,890.4822357177734,0.002464445802742743,0.016268309838038977,0
2020-11-27,871.0044555664062,882.8748194602481,867.2131737985623,875.8338420233673,47336811,879.6658203125,887.6681060791016,-0.011676871913640863,0.01618995481052256,1
2020-12-01,882.333251953125,887.456025013745,871.1173516152288,875.7661696758335,19750687,880.0449340820312,889.4159393310547,0.013006588329507185,0.016915046477966142,1
2020-12-02,883.8001098632812,885.5378055525415,873.3514915114731,883.9580550659119,22188887,879.5123413085937,891.84755859375,0.0016624760620878032,0.01693637391314645,1
2020-12-03,886.4630737304688,894.1585153494483,884.0257869322113,890.0512832775495,27785372,880.9792236328125,892.9951049804688,0.003013083883412815,0.016989127735758138,0
2020-12-04,878.6547241210938,888.6971374121213,875.6081607043218,888.6971374121213,18464552,880.451123046875,892.8089263916015,-0.008808431891601964,0.017066393690651802,1
2020-12-07,883.8226928710938,886.891820126114,875.8790518310219,875.8790518310219,18242188,883.0147705078125,891.2077850341797,0.005881683223372569,0.011454928769213139,1
2020-12-08,899.867919921875,909.120487964561,880.1216067950427,885.1541251431139,43403061,886.5217041015625,889.9225830078125,0.018154350618287962,0.009608491990021647,1
2020-12-09,914.8525390625,917.9442894095524,902.3503351540464,907.179721423537,29175254,892.7321899414062,888.6227111816406,0.016652020600896655,0.010583326078697193,0
2020-12-10,905.8482055664062,915.5521050393417,903.1401558672768,912.437850869946,16065507,896.6092163085938,888.8438690185546,-0.009842387829322785,0.010782159826174123,0
2020-12-11,905.306640625,919.8399265746882,891.0666814664153,908.556276462948,26944202,901.939599609375,889.4261047363282,-0.0005978539650223214,0.01084397012329292,0
2020-12-14,898.7620849609375,909.458961661156,896.5279305693003,906.2769570615246,17312747,904.9274780273438,889.3110107421875,-0.007229103786916102,0.010262358608156849,0
2020-12-15,891.11181640625,898.039915449366,885.1314481712016,898.039915449366,18551265,903.1762573242188,888.6802551269532,-0.008512006328148525,0.010231096347643529,1
2020-12-16,892.1048583984375,900.4096365369544,887.2077809533278,897.2727587493416,18561011,898.6267211914062,888.3033843994141,0.0011143853935102754,0.010228843423441119,1
2020-12-17,896.1895141601562,904.9456238899452,892.3756687000254,895.6930552499342,20252358,896.6949829101562,888.2672790527344,0.004578672252779636,0.010275250662634726,1
2020-12-18,898.8749389648438,904.9004347378008,886.8917576008947,893.7070987327945,18466344,895.408642578125,888.6825134277344,0.0029964921060297023,0.009665443038528242,0
2020-12-21,875.4727172851562,912.6183705411304,837.3567098855556,907.2022710782971,44135540,890.7507690429687,889.5897094726563,-0.02603501406618125,0.013039328791380981,0
2020-12-22,874.1188354492188,884.13868641413,852.3414377066035,879.670376917294,28140001,887.3521728515625,889.2737670898438,-0.0015464580554102048,0.011204442542324564,1
2020-12-23,877.345947265625,880.7761519150498,866.8747051215936,871.0948148980669,19501410,884.400390625,888.8179107666016,0.00369184564561853,0.009283978019667538,1
2020-12-24,900.048583984375,902.147297408828,878.2711864494689,878.7676453803593,20776988,885.1722045898438,889.8639068603516,0.025876493519467525,0.012980696646704721,1
2020-12-28,904.1783447265624,910.8131178458168,900.5675716632815,905.7129083554404,17221499,886.2328857421875,891.0080627441406,0.004588375356256336,0.01308249842025947,0
2020-12-29,898.197998046875,908.2404117114976,894.8128611333499,906.7509753463718,18611939,890.7779418945313,892.3677398681641,-0.0066141228824673215,0.013046384468614924,1
2020-12-30,900.6577758789062,905.9384938821528,891.6534670154136,900.5449578807359,22043630,896.0857299804687,893.2839660644531,0.002738569711110417,0.012710228986238577,0
2020-12-31,896.0540771484375,908.0598221912284,893.0300772883096,899.7551043755919,18781189,899.8273559570313,893.8966644287109,-0.005111485021018325,0.012863126245285413,1
2021-01-01,897.0470581054688,901.3347986266252,894.5646443140231,897.2726941006515,10015175,899.22705078125,894.4258636474609,0.0011081707927620421,0.012787943157165324,1
2021-01-04,898.55908203125,902.1923588792536,888.2458453983129,900.4772865018267,24513534,898.1031982421875,895.4210815429688,0.0016855569750984234,0.012762434206135211,0
2021-01-05,887.3883056640625,895.286819208082,882.8296824610696,888.6971735420237,24123091,895.941259765625,895.5993621826171,-0.012431877425283178,0.010127539645650222,0
2021-01-06,863.986083984375,887.3431107117481,859.8788522034279,887.297983512097,46401468,888.6069213867188,893.8052703857422,-0.026372019475932595,0.013432969383760313,0
2021-01-07,862.5868530273438,877.8648566159659,859.878803357666,866.8069025676972,32325918,881.9134765625,891.1919860839844,-0.0016195063589201641,0.013327742553335551,1
2021-01-08,872.7647094726562,874.8860460383853,863.0156822176616,865.678604878862,27540187,877.0570068359375,889.5378112792969,0.011799225097846255,0.0105567017711297,0
2021-01-11,856.313232421875,875.0665690475399,854.1693322211945,875.0665690475399,33307825,868.6078369140625,887.0881408691406,-0.018849842199418876,0.011257691802067238,1
2021-01-12,883.3036499023438,884.6350813991116,857.5092762592445,858.9084582491231,41161546,867.7909057617187,886.315219116211,0.03151932780967637,0.01617346978080844,0
2021-01-13,875.0665893554688,891.3826993524976,865.8817711258671,886.2373626282811,26619458,870.0070068359375,885.5129577636719,-0.009325287569892482,0.016267411114148218,1
2021-01-14,884.9058837890625,887.7493749036234,875.1794202704835,877.8649064942006,21553242,874.4708129882813,885.1530090332031,0.011244052227889156,0.01681759731501014,0
2021-01-15,874.4572143554688,890.86357691647,866.6038285437963,884.9058318391973,20593268,874.8093139648438,884.0663940429688,-0.01180766183727222,0.017120341060688465,1
2021-01-18,895.4447631835938,901.3348178565226,868.093322463363,879.7154269171596,35100458,882.6356201171875,883.8948852539063,0.0240006583324881,0.019058875492758164,1
2021-01-19,910.0909423828124,916.6805284572496,900.2741645341835,900.2741645341835,32006615,887.9930786132812,885.6257965087891,0.016356317889611338,0.019177182879917643,1
2021-01-20,927.37744140625,928.866877855919,903.3207625071458,912.34769530216,30924537,898.4552490234375,888.2887268066406,0.018994254550185774,0.016749415433781927,1
2021-01-21,947.552490234375,956.850185910118,936.539722158253,939.6991037539394,39087742,910.9845703125,891.7990539550781,0.021754948877699798,0.01700606486286713,0
2021-01-22,925.0755004882812,954.7514084138396,918.5535459475058,952.7880171566992,30532660,921.1082275390625,893.0503997802734,-0.02372110250117554,0.019944131321819086,0
2021-01-25,876.0595092773438,918.4633177239738,871.9974047459384,918.4633177239738,54207104,917.2311767578125,891.6444580078125,-0.052985935942596485,0.02651277489746702,0
2021-01-27,855.2977294921875,868.8380990078514,852.1383477435087,868.8380990078514,42370131,906.2725341796875,889.4994445800781,-0.02369905190833732,0.02555403282175951,0
2021-01-28,846.9703979492188,868.0707665841978,844.0140887864603,848.5952159319003,34067814,890.1911254882813,886.8150756835937,-0.009736178708100729,0.025565806072051115,0
2021-01-29,831.3538208007812,863.4669551342889,825.9602253530458,854.9816691410504,43712383,866.9513916015625,883.5800628662109,-0.018438161695202293,0.025456304076700652,1
2021-02-01,855.4331665039062,859.8111617886597,834.0845374375884,839.2298742462161,34180952,853.0229248046875,881.4993682861328,0.028964016403907555,0.027585978251309554,1
2021-02-02,869.19921875,875.6082966583149,837.2214603242046,863.9861908565767,41470034,851.6508666992188,880.0313751220704,0.01609249300252724,0.02686650576508327,1
2021-02-03,871.3882446289062,881.0243952288587,857.5544879536694,870.3275762318168,30301696,854.8689697265625,879.2313720703125,0.002518439768105507,0.026125406929602923,0
2021-02-04,868.5220947265625,875.6081993096957,859.8111124753323,868.3866534338506,25626981,859.1793090820313,879.4581726074218,-0.003289176690195461,0.024863637506497414,0
2021-02-05,868.2738647460938,877.7070019033696,866.5813559125976,871.1173559922115,20248046,866.5633178710938,879.7425231933594,-0.0002858073294575991,0.02301290489324368,1
2021-02-08,880.776123046875,888.6972004305863,870.6660182415897,872.4713450669083,21183400,871.6319091796875,880.1430938720703,0.014398980331438604,0.023358350528639816,1
2021-02-09,882.8973999023438,897.9948961529354,881.1597638793062,885.5152551213864,19604141,874.3715454101563,881.4723022460937,0.002408417757886694,0.01604396409932725,1
2021-02-10,891.0892944335938,895.8058629486737,869.8761074541144,881.8142219915239,21234156,878.3117553710938,881.8615844726562,0.009278421855309693,0.013635931989357778,1
2021-02-11,927.8286743164062,931.665142730258,890.1639989701773,893.6618940174507,42539278,890.1730712890625,884.4996887207031,0.041229739951219146,0.016969195976629537,0
2021-02-12,921.4647827148438,937.8937101488063,909.6395460369704,927.7384783498696,30497029,900.8112548828125,886.3276336669921,-0.006858908091249893,0.015166349088508852,0
2021-02-15,917.4026489257812,930.3562442810988,913.972444567888,924.3759353313052,15791099,908.1365600585938,888.4749053955078,-0.004408344046632484,0.01428481666112436,1
2021-02-16,929.5438842773438,938.5256299749142,918.485929160808,920.6298293819444,21421660,917.4658569335937,890.1798614501953,0.013234358289437198,0.01411264434819161,1
2021-02-17,940.2633056640624,945.9953555067548,925.5268870227972,929.7695004811928,23742994,927.3006591796875,891.6884796142579,0.011531915349055621,0.014095026453312795,0
2021-02-18,933.244873046875,951.6145681859424,929.36327727053,941.0531321070793,18646877,928.3838989257813,891.9818511962891,-0.007464326827292922,0.014513134370900443,1
2021-02-19,938.9318237304688,950.0574695218014,926.745509641073,928.4155145358284,23403483,931.8773071289063,891.5508178710937,0.006093739004455312,0.014280671187879566,0
2021-02-22,906.3446655273438,943.2646823971752,900.4095436576987,938.7963735267836,23804335,929.6657104492188,890.6142761230469,-0.03470662872374797,0.019355592424538607,1
2021-02-23,913.2728271484376,926.5649358038844,908.8270818640342,924.3533449611236,25644108,926.4114990234375,892.4749420166015,0.007644069507556361,0.019407537188084512,1
2021-02-24,930.2208251953124,932.139029538801,914.4914301945876,916.22912574907,10807663,924.4030029296875,896.2210968017578,0.018557431627296284,0.019926345725004416,1
2021-02-25,967.8405151367188,971.2932834620616,935.6370619592544,936.9911168438916,34855693,931.3221313476563,902.2646026611328,0.0404416767744451,0.019765790739131314,0
2021-02-26,941.4141845703124,963.123829134179,934.5988434646592,955.4961387654924,37481215,931.818603515625,907.7676208496093,-0.027304426869000586,0.021992548792297003,1
2021-03-01,948.590576171875,953.2394537638484,930.897848571293,952.4269850885058,17680764,940.2677856445313,912.4254913330078,0.007622990729460932,0.021909957843368126,1
2021-03-02,950.53125,961.3635079846885,942.903560122856,957.7527951178306,17150760,947.7194702148438,916.4920928955078,0.0020458497869089154,0.02164540268686,1
2021-03-03,993.9055786132812,1001.9395335212856,951.0730007855624,957.3241328149178,31924461,960.4564208984375,922.6179595947266,0.04563167030361304,0.025566611104233288,0
2021-03-04,982.0576782226562,988.421627604354,973.8657789482086,983.9307553112692,21435754,963.299853515625,928.2947387695312,-0.011920549240859946,0.025861715714712335,1
2021-03-05,983.3440551757812,998.3512962856288,971.7670781260524,973.0985692708164,25511666,971.6858276367187,934.0482482910156,0.0013098792277181914,0.025891902613343266,1
2021-03-08,988.9408569335938,1007.355680497462,978.5148017597688,978.740437772668,19506841,979.7558837890625,939.4564849853516,0.005691600745795888,0.021857249341209712,0
2021-03-09,988.9181518554688,999.1862609710788,968.8559482883368,992.9576927650288,15154484,987.4332641601562,944.7575225830078,-2.2958984822851747e-05,0.022042690875644526,0
2021-03-10,984.8109741210938,999.7730887336928,979.5302558776189,996.1171885060364,11519358,985.6143432617188,949.4436065673829,-0.00415320289820631,0.022027536825325298,0
2021-03-12,964.7938842773438,995.8463528292266,958.6104430105866,990.70101625573,16864952,982.1615844726563,951.2918670654296,-0.020325819238168563,0.01971032341860858,0
2021-03-15,951.8402709960938,969.894016181107,939.022056998036,965.899662068002,16698099,975.8608276367188,952.8106414794922,-0.013426301194842893,0.017999692639236935,0
2021-03-16,948.0941162109376,959.55827544001,945.7922708635552,954.1421160708194,13873801,967.6914794921875,954.34521484375,-0.003935696880355555,0.017915568176507166,0
2021-03-17,927.6708374023438,949.1774117375747,918.5310865076837,946.9432570402208,19210236,955.4420166015625,954.2515625,-0.021541404444334722,0.01914023865398427,0
2021-03-18,906.7960815429688,940.962862749676,903.1401815146904,935.5918307044084,20647480,939.8390380859375,952.5782012939453,-0.022502330587246155,0.010262065781670828,1
2021-03-19,939.6990966796876,945.9502287147974,894.9257507304794,898.6267780925764,41787429,934.8200805664062,952.900912475586,0.03628491102512532,0.017529587564052977,0
2021-03-22,930.8526611328124,936.0882516774248,917.6734303772164,934.7342566902688,18572478,930.62255859375,952.4969543457031,-0.009414115197229678,0.01747879086418742,1
2021-03-23,942.1814575195312,952.2013071535108,927.9641218620928,930.6496079854649,17421165,929.4400268554688,954.2887939453125,0.012170343234483738,0.018043838008983737,0
2021-03-24,924.0374145507812,938.6835185270156,920.9231603023552,938.6835185270156,16822814,928.7133422851563,954.8270233154296,-0.019257482541120696,0.018510606506384038,0
2021-03-25,898.8298950195312,927.0614969311192,895.9187129062007,927.0614969311192,22001648,927.1201049804688,953.2574768066406,-0.027279760683180276,0.019583148323605488,1
2021-03-26,900.274169921875,908.8722746334809,890.818529006779,908.1049928320286,20180202,919.2351196289062,949.8791595458985,0.0016068389695831353,0.019391395792731896,1
2021-03-30,915.9132690429688,924.7596332154852,898.8750045089173,906.2996230548414,20441701,916.2472412109375,948.6041137695313,0.017371484869382448,0.020616595336502622,0
2021-03-31,904.0880126953124,925.210945158364,902.2374989986004,910.8130997767836,16250796,908.6285522460937,946.3789855957032,-0.01291089096242981,0.020824739831369305,1
2021-04-01,912.55078125,916.229245226272,904.1106213459858,910.813145160988,11723312,906.3312255859375,944.4799621582031,0.009360558303895594,0.02030916661885234,0
2021-04-05,899.3489379882812,913.9724790288182,885.582933146535,913.9499154284324,14875099,906.4350341796875,939.7521301269531,-0.014466968340802966,0.019527921843341574,0
2021-04-06,895.602783203125,904.9230424620014,888.6971873373794,904.494274362702,14009194,905.5007568359375,935.4293853759766,-0.004165407470804294,0.014591936068918173,1
2021-04-07,903.97509765625,923.8568508845016,899.6647938214671,902.6887934928392,24266353,903.1131225585938,931.4609375,0.009348245237895902,0.015115092871554756,1
2021-04-08,905.1035766601562,912.6184496390974,899.5294718287386,907.6536814191865,15369188,903.3162353515625,927.2690734863281,0.0012483518703469976,0.014283074959041478,0
2021-04-09,894.5872192382812,905.554859812808,893.661932570132,901.9892738152234,14037885,899.7235229492187,922.5525268554687,-0.011618954662272474,0.013557174882340936,0
2021-04-12,862.5868530273438,885.2669107795369,857.6672125480122,884.1836789732539,20901482,892.3711059570312,916.4413208007812,-0.03577109701856129,0.015379792710261958,1
2021-04-13,871.9071655273438,875.8790157297038,865.6109063786529,868.3866470158723,19411189,887.631982421875,911.7969848632813,0.010805071358657159,0.01601433727768206,1
2021-04-15,877.5489501953125,885.0863863250735,863.421868505896,869.4247410901053,19723716,882.3467529296875,908.0824188232422,0.006470625418655063,0.01479189035342677,0
2021-04-16,872.04248046875,880.0764346591261,869.4923760258712,874.07356246059,15656948,875.7345336914062,904.2798370361328,-0.006274829142393634,0.014502199833653891,0
2021-04-19,858.3216552734375,864.9564280013587,853.0409372873982,859.3597599294095,18478808,868.4814208984375,900.8123779296875,-0.015734124773299052,0.014196269054125967,0
2021-04-20,858.0734252929688,866.1298835841033,853.2440391612164,862.2934748740392,17203668,867.5787353515625,898.3762451171875,-0.0002892039120109269,0.013964559647162951,1
2021-04-22,860.4430541992188,864.0763909126439,847.038126173648,854.0565402952617,14490954,865.2859130859375,894.413442993164,0.0027615689245252817,0.01415886054157062,0
2021-04-23,859.5177612304688,866.084783440233,855.4556567138424,860.2624793969826,11828857,861.6796752929688,890.8466979980469,-0.0010753680493256201,0.013440172209149552,1
2021-04-26,874.6377563476562,885.5377655993291,862.7448293401166,866.5812978436229,20846778,862.19873046875,887.4695129394531,0.01759125383929483,0.015160810355826043,1
2021-04-27,897.5661010742188,901.4250736005504,874.8183510247649,875.6081964100579,19992524,870.0476196289062,886.145947265625,0.02621467523001475,0.017411510161669683,1
2021-04-28,901.47021484375,906.2996013229372,893.7297060704715,901.7184741400474,17122437,878.7269775390625,886.277963256836,0.004349667132993007,0.011874925809460521,1
2021-04-29,913.543701171875,922.7737059327088,905.9837012820784,913.024618984416,17412606,889.3471069335938,886.941439819336,0.013393106205087157,0.01205488329107871,0
2021-04-30,900.2064208984375,918.9371927131187,897.0696030939774,906.5252433975188,19828769,897.4848388671875,886.1560974121094,-0.014599498914314335,0.013476477867729134,0
2021-05-03,884.2062377929688,893.2105461727255,877.0073157472597,887.3430555100857,23640186,899.39853515625,885.1620086669922,-0.017773904666776308,0.014751366156827931,0
2021-05-04,865.0466918945312,888.1555786981006,862.5192105636345,880.1216239409943,21849830,892.8946533203125,882.7868041992188,-0.021668639147198077,0.0156150998619755,1
2021-05-05,866.62646484375,874.9311830141904,861.1877417678091,868.0933376376232,12393609,885.9259033203125,881.1506805419922,0.0018262285308079385,0.015611673135378337,1
2021-05-06,871.5460815429688,873.351467984722,860.5332540943049,867.4162861727356,14624666,877.5263793945312,879.9478454589844,0.0056767441323244405,0.015673203827907167,1
2021-05-07,871.8845825195312,882.6717141211767,869.289350739611,874.5926322966467,12288548,871.86201171875,878.3433197021484,0.0003883913699240793,0.015654409226971023,0
2021-05-10,869.379638671875,878.677334300937,867.010102487007,875.1568754240988,13941237,868.8966918945313,876.5571228027344,-0.0028730222989120646,0.014626801965951227,1
2021-05-11,872.5165405273438,874.9537675806936,862.0678622246373,864.324640162575,13478264,870.3906616210937,875.4535888671875,0.003608207181227341,0.011437213767757828,0
2021-05-12,863.4895629882812,872.4036175039552,860.7138223730607,871.1398768410697,13177961,869.76328125,875.4987243652344,-0.010345909928087593,0.011365042206674366,1
2021-05-14,874.3895874023438,876.5108642766377,860.2625054108522,870.2146050700743,13291616,870.331982421875,875.6228454589843,0.012623226592734627,0.011234199995588058,1
2021-05-17,884.7930297851562,886.1921519936135,871.2752254332202,874.3895393110239,11873078,872.913671875,875.9850494384766,0.011897948617754395,0.011655613350470976,1
2021-05-18,897.2501220703125,903.8623311241566,890.2768357355067,894.1133042302491,12064918,878.4877685546875,877.2454315185547,0.014079103096213519,0.011103249812783432,1
2021-05-19,901.357421875,910.113531677034,890.0512670062741,893.661980396703,16317002,884.2559448242188,879.3972198486329,0.004577653102136425,0.00754412521834182,0
2021-05-20,896.0992431640625,907.6085298258828,894.1133478678807,901.7410386469028,11422532,890.777880859375,881.2985107421875,-0.005833622249428516,0.00816881894668975,1
2021-05-21,903.83984375,907.0217890570246,896.3700979084354,899.0781478980009,10785605,896.6679321289063,883.4683502197265,0.008638106376037014,0.008313729391854823,0
2021-05-24,896.2120361328125,907.1120455871036,894.5646545808229,906.2995769189343,8551760,898.9517333984375,885.3030639648438,-0.008439335430865724,0.009130188742035066,0
2021-05-25,886.056884765625,901.33489057257,884.6351390826914,901.0640676586617,14780102,896.7130859375,885.8740203857421,-0.011331192795632772,0.010058065037602185,1
2021-05-26,889.1710815429688,893.436318314461,887.0272410491106,891.4052361303035,7480204,894.2758178710938,885.4542694091797,0.0035146691266525476,0.010056392280224395,1
2021-05-27,891.9017944335938,899.5294855338184,885.6506620923865,889.2839988316376,26819294,893.436328125,884.9758483886719,0.0030710770371507046,0.009083350843624993,1
2021-05-28,945.476318359375,950.0800090423912,898.1754320907405,898.1754320907405,56469931,901.763623046875,886.5724792480469,0.06006773869067494,0.02015231177336351,1
2021-05-31,975.0392456054688,989.2114531211212,941.0755994207706,948.7258528076557,59124142,917.5290649414062,890.3141204833985,0.031267760674738465,0.02145480699034504,1
2021-06-01,978.9209594726562,993.860450495012,968.8107952002592,977.6120318921522,28013832,936.1018798828125,895.0498565673828,0.003981084745749985,0.02147708405731561,1
2021-06-02,993.5218505859376,997.2454412183024,973.5498427606852,973.5498427606852,24630162,956.9720336914063,901.4736145019531,0.014915291139692144,0.021491957259431357,1
2021-06-03,997.3131713867188,1015.5249208069228,991.1974809457164,1002.4358843892016,23974257,978.0543090820313,908.0079498291016,0.00381604168901295,0.020911588049637362,0
2021-06-04,988.669921875,1000.3822800699458,985.848994497218,999.637561927722,14468646,986.6930297851562,913.8641418457031,-0.008666535005950715,0.021820412107533133,1
2021-06-07,1005.3245849609376,1011.9142309078352,986.1876070242224,993.860484894942,16336573,992.75009765625,920.5361419677735,0.01684552419107921,0.020996176196731452,0
2021-06-08,999.5473022460938,1005.2116608783688,992.1226844618564,1004.963461293647,9674735,996.8753662109375,927.0445251464844,-0.005746684007601699,0.020379317561452497,0
2021-06-09,981.674072265625,1002.4358661639994,973.9786315641472,1001.5332028305284,11409161,994.505810546875,932.5024017333984,-0.01788132481604987,0.02242538993403539,1
2021-06-10,985.284912109375,1006.4980988117626,982.825061835388,989.9788572705108,14155653,992.1001586914062,938.5921691894531,0.0036782471349339207,0.0224048555051366,1
2021-06-11,1002.3753051757812,1009.1011952964064,987.4063735342976,988.6745798453264,13762778,994.8412353515625,944.991455078125,0.017345635619059552,0.014536990853534451,1
2021-06-14,1016.7554931640624,1022.8019357932958,994.1775030221096,1003.213263471595,20332436,997.1274169921875,951.5895782470703,0.014346111595156863,0.012032246808708036,1
2021-06-15,1019.0654296875,1030.3430744105387,1014.6721115736524,1024.047566478528,15174215,1001.0310424804687,957.6803436279297,0.0022718702175379413,0.012048830322157394,0
2021-06-16,1001.6732177734376,1017.7291568032896,999.0689384128792,1016.7554197633552,10797349,1005.0308715820313,962.6961334228515,-0.01706682555152106,0.013059105893806757,1
2021-06-17,1003.5075073242188,1012.2714997953356,987.315715260484,996.4193416411848,15745975,1008.675390625,968.0665466308594,0.0018312255117076681,0.013024801783008336,1
2021-06-18,1008.0368041992188,1012.2716262697276,989.3312995663522,1007.9688774088152,29369026,1009.8076904296875,973.2763946533203,0.004513465860436883,0.012633118544475104,1
2021-06-21,1013.2904663085938,1017.9328482894456,996.4872742197635,998.0045452008349,12186448,1009.1146850585938,979.1303161621094,0.005211776085446207,0.011609727729381283,0
2021-06-22,1008.08203125,1024.0474616919707,1005.1833424900376,1020.876945985556,12871913,1006.9180053710937,985.2315734863281,-0.0051401204607874895,0.011572957408204108,0
2021-06-23,998.8425903320312,1019.3370730246654,997.1894056266616,1019.0653658677556,16653951,1006.3518798828125,990.7151489257812,-0.009165366142388276,0.010253372729422481,0
2021-06-24,975.3587646484376,1003.0320420254984,969.24439537304,999.5219522378007,91461975,1000.7221313476563,994.8879974365234,-0.02351103758579942,0.012946187267571177,0
2021-06-25,953.14306640625,975.3587188779936,942.567453114288,975.3587188779936,55355022,989.7433837890625,995.2713348388672,-0.02277695043853445,0.012867851448061863,0
2021-06-28,944.7868041992188,963.1299720367884,942.5222185353294,961.0918688993542,20277042,976.0426513671875,993.7587127685547,-0.00876705974323233,0.010949926268333526,1
2021-06-29,945.60205078125,955.2039275943256,943.9262837366044,946.3720075153032,27144063,963.5466552734375,992.0927673339844,0.0008628894671345311,0.010821965850580918,1
2021-06-30,955.9512329101562,961.3862145219896,947.0740283906408,949.4291830957576,19762858,954.9683837890625,990.2142364501954,0.010944542813074332,0.011636582153011815,0
2021-07-01,950.19921875,961.6127163035006,948.863085632743,959.2802038142156,12534407,949.936474609375,987.8585388183594,-0.006017058153317767,0.011417255541425846,1
2021-07-02,964.284912109375,966.0286658416348,947.9345627995748,949.7688855828178,14086620,952.16484375,986.6392883300781,0.01482393700334228,0.012793070888533957,1
2021-07-05,973.8641357421876,975.3814069298204,965.3945518663344,967.6364952540456,11702287,957.9803100585938,985.0662658691406,0.009934017957263341,0.013263869674406282,0
2021-07-06,962.3599853515624,973.27529270376,960.2765977537204,971.4863144110956,10070124,961.3318969726563,983.206900024414,-0.011812890493043793,0.013499984041371836,0
2021-07-07,955.679443359375,963.6961219133112,950.2218196134942,963.6961219133112,10454892,961.2775390625,981.9071685791016,-0.006941832675791182,0.01343364056427353,0
2021-07-08,947.7759399414062,958.8045174255832,942.5220970861564,958.8045174255832,11185460,960.7928833007812,980.0317199707031,-0.008270036017711702,0.011777707871680324,0
2021-07-09,938.0835571289062,947.3683817256788,935.7736870853544,945.6925548959384,9037675,955.5526123046875,976.8171325683594,-0.010226449526772319,0.009937599911362414,1
2021-07-12,943.9262084960938,951.8069732106676,939.5781755914344,941.9559723923292,8585292,949.5650268554688,973.175668334961,0.006228284594465672,0.009858119038509942,1
2021-07-13,950.9918212890624,952.5090925159022,945.7152754895722,951.1276748675256,6717133,947.2913940429687,969.7719879150391,0.007485344436220176,0.010144354246773237,0
2021-07-14,944.7868041992188,954.2301252196338,942.6354298484742,951.2861518765444,8532544,945.1128662109375,966.9276672363281,-0.006524784915008852,0.009660475968517495,0
2021-07-15,943.1336669921876,948.8630578642602,941.3899132919198,948.8630578642602,9448356,944.1844116210938,963.9089752197266,-0.0017497462916327144,0.009513856785503367,1
2021-07-16,956.7437744140624,957.8081403899708,945.5114158643192,945.5793426478568,8828185,947.916455078125,961.3443237304688,0.014430730126811842,0.009443092080932915,0
2021-07-19,950.6520385742188,961.9976083202988,947.6174964042132,951.127585954552,8354449,949.26162109375,958.21240234375,-0.006367154929828978,0.00877845131930353,0
2021-07-20,948.3195190429688,954.7509997157346,943.8809767465054,950.9011562369292,6741464,948.7271606445313,955.2242767333985,-0.0024535996732814036,0.008135798093727935,1
2021-07-22,960.5029907226562,961.9523350417172,950.289713605715,959.7330340406752,7972397,951.8703979492187,953.3072967529297,0.01284743320688242,0.009008498511053934,0
2021-07-23,953.709228515625,966.7306251488294,952.0560439551456,966.7306251488294,9937030,953.9855102539062,952.224819946289,-0.007073129675442047,0.008885551031034198,0
2021-07-26,940.642578125,960.6388700312618,938.0382987131832,954.750983452507,12389668,950.7652709960937,951.5997955322266,-0.013700874438388522,0.009410914393398681,0
2021-07-27,930.7462768554688,943.745031435626,924.8583903750484,940.6199201537044,10824523,946.7841186523438,950.8977691650391,-0.010520788128959402,0.00972619545195254,0
2021-07-28,922.7522583007812,932.1050093559254,913.1956670017476,932.1050093559254,12897848,941.6706665039062,949.7552795410156,-0.008588826787140458,0.009425039953602766,1
2021-07-29,929.9536743164062,939.5329082786224,925.4924300252736,930.2933681370648,13765738,935.5608032226562,948.4554016113282,0.007804278939274711,0.009901744582175163,0
2021-07-30,921.8238525390624,936.6115854453042,919.9215431668896,932.1050565925412,11350608,929.1837280273437,947.0366333007812,-0.008742179316964305,0.010161903265551914,1
2021-08-02,938.6724243164062,941.7975357253354,924.4734496016514,930.429323008648,10925104,928.789697265625,945.7560089111328,0.01827743091148748,0.010908319497126638,1
2021-08-03,945.579345703125,947.0513322851772,934.913163448722,946.5984271599676,11817299,931.7563110351563,944.3417694091797,0.0073581807750970896,0.011138113345582977,1
2021-08-04,952.8261108398438,957.468493410625,945.239695070289,948.5912889902256,13169800,937.7710815429688,943.8650756835938,0.007663836112378419,0.011395383093256837,1
2021-08-05,966.6400756835938,975.9474827845528,953.0525024475676,957.604315821072,21252078,945.1083618164063,944.4131072998047,0.014497886536268378,0.011603614019475511,0
2021-08-06,946.1681518554688,972.392083052254,941.5030673967124,964.6924564242828,16620987,949.9772216796875,944.3327178955078,-0.02117843481054471,0.013375246202361817,0
2021-08-09,940.7783813476562,946.507831687124,935.9548011334764,942.5221349162108,7494143,950.3984130859375,944.4674591064453,-0.005696419285771692,0.01273584852019127,1
2021-08-10,945.7151489257812,957.0154935941664,939.2384442496344,942.9750161589805,11919198,950.4255737304687,944.5569061279297,0.005247535100724843,0.012243106140830406,1
2021-08-11,958.963134765625,960.1859966454768,943.6092248291548,949.7462363911606,9184963,951.652978515625,944.9554718017578,0.014008431455171166,0.012225787381373808,0
2021-08-12,955.8832397460938,962.994047792915,953.3921717385532,962.4052292074406,8137612,949.501611328125,945.5102935791016,-0.0032116928251720855,0.012333137303718123,1
2021-08-13,971.8032836914062,973.7282353115996,955.181228214771,958.9630848706248,12780901,954.6286376953125,946.9437744140625,0.016654799753096583,0.012301981305850602,1
2021-08-16,984.4171142578124,997.7782056289792,963.8772875225334,973.4791642916643,21935444,963.3563842773438,948.32744140625,0.01297981883585786,0.01178731277200525,0
2021-08-17,980.2275390625,989.7161436724384,972.7996796494008,982.310986419895,12658169,970.2588623046875,949.8062164306641,-0.004255894310077113,0.01207934599433194,1
2021-08-18,984.0321655273438,990.4409443539316,974.9511803260804,984.6436264377176,10075860,975.2726684570313,951.5918487548828,0.0038813707157039357,0.011999380109368987,0
2021-08-20,972.98095703125,983.7377088016336,967.8856094241048,970.6031001945056,9426282,978.6922119140625,952.2157470703125,-0.011230535833319455,0.012087832143416733,1
2021-08-23,979.3670654296876,984.6435509846982,965.7568499022404,984.6435509846982,9854395,980.2049682617187,953.4986389160156,0.006563446439818099,0.00938491733809004,1
2021-08-24,989.036865234375,992.7960796490014,976.3098177521404,980.5899239821464,11864472,981.1289184570312,955.9183532714844,0.00987351948622539,0.00897329089701894,1
2021-08-25,997.5969848632812,1005.4778098902966,987.4063495975512,989.8068486851396,13380559,984.6028076171875,959.260888671875,0.008655005621936773,0.009045982203625428,1
2021-08-26,1010.2108154296876,1016.7555077395328,998.6840464816696,1000.0428218830656,18589616,989.8385375976562,963.6338165283203,0.012644214805977105,0.008910875339963358,0
2021-08-27,1008.829345703125,1015.7817181947378,1003.6887734868196,1013.1773788430728,10480636,997.0082153320312,967.5776000976563,-0.0013675063714052582,0.008733488548315004,1
2021-08-30,1028.23681640625,1030.7732288164937,1013.0867479284576,1019.0652631807152,14027062,1006.7821655273438,972.8982482910156,0.01923761514847544,0.009131147343947772,0
2021-08-31,1022.7565307617188,1034.351165067264,1015.5550939662596,1031.2486961976206,26485463,1013.5260986328125,977.1024536132812,-0.005329789360864479,0.009342064995310446,1
2021-09-01,1026.8101806640625,1038.495504793424,1024.9532755584123,1029.482446811587,11145486,1019.3687377929688,981.1639953613281,0.003963455407441696,0.008899047068120282,1
2021-09-02,1039.1749267578125,1045.2440116453542,1021.32994830324,1021.32994830324,9956770,1025.1615600585938,985.4814361572265,0.01204190056408816,0.009186279056501117,1
2021-09-03,1081.79443359375,1084.7384068201698,1042.8435137983438,1046.2403322593964,30664428,1039.7545776367188,991.2391540527344,0.04101283214069529,0.012768305752604904,1
2021-09-06,1098.597900390625,1123.2366380009644,1092.4381261377828,1092.891091235902,33641710,1053.8267944335937,998.8606414794922,0.015532957348517229,0.012758174821186767,1
2021-09-07,1105.52734375,1113.272195169168,1092.4379602260194,1100.5904921516135,17349882,1070.38095703125,1007.0980895996094,0.006307533772739848,0.012862026328197166,0
2021-09-08,1101.201904296875,1111.460525484485,1090.01483063056,1110.5547152662286,14301651,1085.2593017578124,1014.872427368164,-0.003912557638287684,0.013730576225048502,0
2021-09-09,1098.597900390625,1104.1460938907833,1094.295151259694,1099.6395643758528,8963249,1097.143896484375,1021.8541656494141,-0.002364692520135714,0.014222508493865546,0
2021-09-13,1074.11767578125,1101.949452386577,1072.532477613042,1101.949452386577,16311160,1095.608544921875,1027.765887451172,-0.02228315255351443,0.017086431894660022,0
2021-09-14,1072.7135009765625,1084.2854942866495,1071.6037904973264,1075.6801166083585,8908356,1090.4316650390624,1032.8113983154296,-0.0013072820942697794,0.016602378740138764,1
2021-09-15,1077.1746826171875,1085.0780298856923,1072.7360805602518,1072.7360805602518,9071075,1084.7611328125,1037.4492767333984,0.0041587820387865015,0.01625416131620843,1
2021-09-16,1099.7752685546875,1103.6476943262978,1072.0567074838173,1078.6466838742622,13448882,1084.4758056640626,1043.4266632080078,0.02098135641527321,0.0169719630133186,0
2021-09-17,1082.722900390625,1112.2984866148895,1075.9517858407112,1107.837242193017,34882133,1081.3008056640624,1048.3611999511718,-0.015505320633798725,0.018252961167319733,1
2021-09-20,1084.4439697265625,1095.3139316833478,1073.415392150155,1074.3664868663025,11779819,1083.366064453125,1053.9343505859374,0.001589575075318539,0.012908385698790326,1
2021-09-21,1089.1318359375,1094.5215333838828,1079.7563812162018,1089.2676895218028,9915736,1086.6497314453125,1059.422589111328,0.004322829340938306,0.011886749799425963,1
2021-09-22,1100.817138671875,1106.0255780999046,1086.210482648724,1090.6264428510565,10995912,1091.37822265625,1065.0116027832032,0.010729006671921004,0.012257019921766317,1
2021-09-23,1127.7203369140625,1130.9360171926044,1107.6107744419755,1108.4713001643795,15748397,1096.967236328125,1071.517770385742,0.024439298133244858,0.014430154144058443,0
2021-09-24,1124.459228515625,1134.763134305946,1119.613065939266,1133.9026086017536,15192163,1105.314501953125,1077.230191040039,-0.002891770496363799,0.014450747980073356,1
2021-09-27,1143.3685302734375,1145.8370159244848,1121.1077134942575,1126.4068411721405,15373834,1117.0994140625,1083.9571502685546,0.01681635160998618,0.01212567776676626,1
2021-09-28,1154.0574951171875,1161.689135216267,1138.092065214608,1147.693941457503,18035258,1130.0845458984375,1090.2481842041016,0.009348661049114027,0.011844585811986106,0
2021-09-29,1144.9085693359375,1163.9989904714507,1141.3757775989957,1163.9989904714507,9719875,1138.90283203125,1096.3557861328125,-0.007927616968789741,0.012790808390381209,0
2021-09-30,1141.0133056640625,1147.965677369511,1132.4532137255203,1143.6176447212324,13590654,1141.56142578125,1102.0659423828124,-0.0034022486827348652,0.01195466232960555,1
2021-10-01,1143.0289306640625,1150.320936930379,1130.0302358504632,1133.1779894261922,8958928,1145.2753662109376,1107.258642578125,0.0017665219064442184,0.009941472612418857,1
2021-10-04,1157.72607421875,1166.1955973057436,1149.075293250508,1156.2993722307872,10918552,1148.146875,1111.055224609375,0.012858067858482869,0.010089156187329114,1
2021-10-05,1181.7532958984375,1183.0215020120208,1153.7402689056823,1157.25041807704,13533634,1153.68603515625,1115.2129943847656,0.020753805424915672,0.010975085127053627,0
2021-10-06,1159.402099609375,1186.62241515062,1155.4391042037028,1186.62241515062,10258881,1156.5847412109374,1117.9067321777343,-0.01891358912781349,0.01385584658764127,1
2021-10-07,1165.086181640625,1177.020571318369,1162.9574494692135,1175.3220421537414,6336665,1161.39931640625,1121.1009460449218,0.004902597669234066,0.01212408689010342,1
2021-10-08,1209.85693359375,1215.8128063604345,1169.207487984506,1170.9058970806193,15772493,1174.7649169921874,1126.6638977050782,0.03842698734104011,0.016142478050192265,0
2021-10-11,1201.4326171875,1231.9366542030143,1198.1263679197398,1223.5124154081875,14768666,1183.5062255859375,1133.0296447753906,-0.006963068254050908,0.016361521117798306,1
2021-10-12,1208.29443359375,1215.1788796176056,1196.2694750157295,1197.9680041586355,6682011,1188.814453125,1139.80869140625,0.005711361842591911,0.016296506014940964,1
2021-10-13,1220.591064453125,1231.7102112927382,1208.9736680853591,1213.3669853963502,9959762,1201.05224609375,1146.979510498047,0.010176849712699498,0.015730989870688345,1
2021-10-14,1223.0594482421875,1230.7817769408248,1217.080933017602,1223.036805981498,8623469,1212.6468994140625,1153.1437194824218,0.002022285645822297,0.015441232661559326,1
2021-10-18,1226.320556640625,1243.2596035729457,1205.8033136478314,1208.6567177514992,13594479,1215.9396240234375,1160.3236022949218,0.0026663531385366923,0.015409454979729427,1
2021-10-19,1237.3038330078125,1246.1357531841286,1226.501796349313,1233.6578296621897,8833409,1223.1138671875,1167.9665954589843,0.008956284967835071,0.015298258794066348,0
2021-10-20,1223.0594482421875,1242.2405578545067,1219.0285268378586,1242.2405578545067,12710570,1226.0668701171876,1174.6629760742187,-0.01151243888980591,0.015424286351241961,0
2021-10-21,1187.777099609375,1235.5599338327822,1179.0357499377028,1235.2882267218629,20831669,1219.5040771484375,1179.0109741210938,-0.02884761544790093,0.0172441592154688,1
2021-10-22,1189.9964599609375,1206.9809106504802,1182.795023158092,1186.6448064236538,11027475,1212.8914794921875,1182.1247802734374,0.0018684990241792931,0.017224925171407425,0
2021-10-25,1178.40185546875,1213.8201056097269,1163.9990998346134,1213.8201056097269,17198417,1203.3077392578125,1184.8219116210937,-0.009743394104355652,0.011894741729108491,1
2021-10-26,1205.2371826171875,1208.7926167498356,1179.013250231775,1185.33151952741,9750178,1196.8944091796875,1187.9153442382812,0.022772645022493432,0.014172290731785539,0
2021-10-27,1189.9964599609375,1212.3706072222662,1186.6221641632774,1201.1382490708493,9896298,1190.2818115234375,1189.7122924804687,-0.012645413596645394,0.014591548533836398,0
2021-10-28,1176.952392578125,1194.77472717133,1173.283867099268,1186.644837678606,9886181,1188.1168701171875,1191.3144836425781,-0.010961433770349749,0.014250635798120564,0
2021-10-29,1148.7132568359375,1175.843002928945,1133.0649360229452,1175.843002928945,14233025,1179.8602294921875,1191.699481201172,-0.023993439259110017,0.015446401543163969,1
2021-11-01,1149.4150390625,1157.6581394917466,1129.6224692481337,1148.7130092033958,15481114,1174.0628662109375,1192.0187866210938,0.0006109289871829571,0.01532936967393625,0
2021-11-02,1132.6572265625,1154.034998237925,1130.143575828135,1152.6762227813829,10569130,1159.546875,1190.7653442382812,-0.014579426865397704,0.014502781595552511,0
2021-11-03,1124.8668212890625,1141.353021347838,1114.6308430788376,1135.0347529223884,11989430,1146.520947265625,1187.9210205078125,-0.006877990172790893,0.014477058394682543,1
2021-11-04,1131.77392578125,1134.514118637374,1127.7656464746356,1129.1016597099565,1705656,1137.48525390625,1186.5396118164062,0.006140375341742388,0.01310618555317068,1
2021-11-08,1133.177978515625,1141.3531527093287,1112.5475239087214,1141.0813257713814,20337183,1134.3781982421874,1184.9442016601563,0.0012405770290262463,0.01307246225724038,1
2021-11-09,1142.123046875,1145.384011549245,1126.429444729638,1134.5593339553402,15682497,1132.9197998046875,1181.5575073242187,0.007893789439053833,0.013514274548613292,1
2021-11-10,1154.895263671875,1158.5639086571884,1133.947819541091,1139.8584075840783,10253470,1137.3674072265626,1179.2306396484375,0.011182872836531521,0.011383648872445605,1
2021-11-11,1157.0015869140625,1164.2255472479787,1148.396089091411,1150.4342522284085,10722478,1143.7943603515625,1176.665997314453,0.0018238218723753974,0.011106961417020339,1
2021-11-12,1174.4615478515625,1177.0206028987552,1158.111197547698,1160.783463915503,8712341,1152.331884765625,1174.359521484375,0.015090697484753557,0.011987848619036666,0
2021-11-15,1167.5318603515625,1178.583081524526,1163.9990683781705,1177.586582367733,4803269,1159.2026611328124,1171.5831420898437,-0.005900310242320406,0.008975772495774026,0
2021-11-16,1140.402099609375,1166.2636363626991,1130.0302662731583,1164.9275032865714,11337581,1158.8584716796875,1167.2872192382813,-0.023236848315229985,0.011958642272213079,0
2021-11-17,1115.9896240234375,1131.81907885733,1114.630848883986,1131.81907885733,10202029,1151.07734375,1161.2215087890625,-0.021406901648374332,0.01298826062536986,1
2021-11-18,1120.2017822265625,1127.3126501781812,1109.67145366535,1114.177982402732,8505625,1143.7173828125,1156.0786254882812,0.0037743703995554156,0.012926196597180127,0
2021-11-22,1070.584716796875,1109.196002657838,1064.8099816539602,1103.3533407297432,24124307,1122.9420166015625,1150.2190063476562,-0.044292971335098574,0.01867654458565647,1
2021-11-23,1080.5941162109375,1087.5691305828452,1045.7874503355,1056.6800550508478,25326999,1105.5544677734374,1144.7488891601563,0.009349469740246308,0.019165709542623845,0
2021-11-24,1064.9913330078125,1091.4869745646124,1061.4358986030795,1077.944744457766,16820296,1090.472314453125,1139.0783630371093,-0.014439078437550212,0.018850282802080346,1
2021-11-25,1129.101806640625,1133.2007753274067,1067.595592477073,1074.7743883449095,42401936,1093.0947509765624,1135.2715942382813,0.06019811771777328,0.02813390809622461,0
2021-11-26,1092.709716796875,1122.1493269988057,1087.6822964764374,1117.7107252384765,15763138,1087.596337890625,1130.4072570800781,-0.03223100842609228,0.029652639383427767,1
2021-11-29,1105.7991943359375,1132.2949564813318,1086.5954393266577,1104.712245845007,24325354,1094.6392333984375,1126.8495971679688,0.011978915660631584,0.029430264988848934,0
2021-11-30,1089.4486083984375,1121.3793456985663,1081.9528225027632,1117.8012696969345,32172299,1096.4101318359376,1123.8863647460937,-0.01478621617853404,0.029573446029051542,1
2021-12-01,1117.3486328125,1120.519028933976,1098.3713010103995,1101.9493776790864,10104610,1106.881591796875,1122.2830444335937,0.025609307496456735,0.03052228598473317,1
2021-12-02,1124.52734375,1130.5737867535804,1114.9028239659328,1118.5714698041102,12720411,1105.96669921875,1121.8765502929687,0.006424772650797772,0.029777848179791944,0
2021-12-03,1090.7396240234375,1131.6154976946157,1087.0030516324528,1131.5702131686844,19222481,1105.5726806640625,1120.1701904296874,-0.03004615220283524,0.031327998732031834,0
2021-12-06,1070.0638427734375,1098.3259382907745,1067.595476803198,1094.2497321105477,10332254,1098.4256103515625,1117.0846862792969,-0.01895574415251622,0.028438863891250277,1
2021-12-07,1078.7825927734375,1088.8146726752468,1068.8863664494722,1076.2010153934032,11235122,1096.2924072265625,1114.3649169921875,0.008147878333504277,0.028398938417381014,1
2021-12-08,1095.200927734375,1101.4058665244686,1089.8565147837464,1097.9184786382343,8744178,1091.8628662109375,1112.0188110351562,0.015219317655773112,0.02824968246795561,1
2021-12-09,1112.5703125,1120.926625884508,1098.326051956675,1102.85522364802,13213547,1089.4714599609374,1109.9025634765626,0.01585954168387782,0.020798984177421587,1
2021-12-10,1113.7025146484375,1116.8955527047665,1100.7489847314073,1105.2328712872277,8364414,1094.0640380859375,1107.7376098632812,0.0010176454788672906,0.01773261142359923,0
2021-12-13,1091.373779296875,1120.564329866256,1088.8147242582452,1120.292622697696,12901733,1098.326025390625,1103.5832214355469,-0.02004910203386856,0.018610093607671033,0
2021-12-14,1078.0125732421875,1089.7205393231309,1074.9553887174343,1077.944646457222,12991523,1098.172021484375,1099.1072570800782,-0.01224255732375712,0.01841949921411648,0
2021-12-15,1074.8648681640625,1089.2676234327396,1069.38448219365,1079.7563157042175,9366969,1094.1048095703125,1095.8303955078125,-0.0029199149956647963,0.015893256661487935,1
2021-12-16,1088.7691650390625,1094.023007574745,1072.8038571070083,1089.5844061394005,9761279,1089.344580078125,1094.4693725585937,0.012935855740405122,0.01647918059037716,0
2021-12-17,1060.03173828125,1090.6263454753455,1050.7694958949853,1086.1198166210097,21049821,1078.6104248046875,1091.460870361328,-0.026394416448027758,0.01584401747891036,0
2021-12-20,1031.4525146484375,1049.7956192892589,1017.751672013911,1049.7956192892589,14325846,1066.626171875,1089.5042602539063,-0.026960724477128606,0.016920109003977734,1
2021-12-21,1046.8065185546875,1062.5454064146618,1038.1784989493156,1046.8518030785813,12836561,1060.3849609375,1087.8148803710938,0.014885807817806684,0.017559285288395374,1
2021-12-22,1071.6490478515625,1074.276029474332,1051.6754577350616,1052.988828746117,17658543,1059.741796875,1088.1477661132812,0.023731729652557654,0.018702499512142177,0
2021-12-23,1071.2640380859375,1077.944583084397,1068.003073398001,1075.2270326442374,9072401,1056.240771484375,1085.255877685547,-0.000359268518361322,0.01765418928242482,1
2021-12-24,1074.6837158203125,1083.3796623765666,1058.718285237532,1073.4155095265614,7886494,1059.1711669921874,1084.3545776367187,0.0031921894255733108,0.017731097243138625,0
2021-12-27,1073.5286865234375,1077.0388360812635,1063.4966072069749,1069.588333994207,4017223,1067.5864013671876,1082.7410522460937,-0.0010747620717350692,0.016741241354442975,1
2021-12-28,1086.2784423828125,1089.1997736760372,1074.797017388756,1075.951892667275,6374613,1075.4807861328125,1082.5825439453124,0.011876492933471816,0.016762297726621397,1
2021-12-29,1088.1353759765625,1095.6085205634522,1078.8957755234703,1082.926817028114,15425312,1078.7780517578126,1081.1218811035155,0.0017094453146624389,0.01670918755966833,0
2021-12-30,1068.4786376953125,1089.2449463146104,1062.3642685656102,1087.0030029803645,29333171,1078.2209716796874,1078.3194458007813,-0.018064607322970994,0.01719052440348771,1
2021-12-31,1072.5777587890625,1079.7111505236876,1068.8864705630906,1074.774417912502,9477290,1077.7997802734376,1077.4113525390626,0.003836409029750687,0.014876694431069868,1
2022-01-03,1088.7467041015625,1090.603728995159,1070.4941656370395,1071.1509110384136,5421611,1080.8433837890625,1078.3454956054688,0.015074846723238666,0.011586074507412046,1
2022-01-04,1113.3175048828125,1114.6309956772857,1088.81462402871,1094.2044407783767,10847728,1086.2511962890626,1080.0722412109376,0.022567968002737526,0.01249777423484382,1
2022-01-05,1118.5260009765625,1121.8776545605729,1101.9265882823174,1115.0838981501056,11643813,1092.3293212890626,1081.2384948730469,0.004678356417559648,0.010884591138108692,0
2022-01-06,1094.4761962890625,1111.4606489189575,1091.0792578429505,1110.1924425923644,14447422,1097.5288330078124,1080.3337890625,-0.02150133717633973,0.013611345516604652,1
2022-01-07,1103.3079833984375,1113.294777565113,1092.2341211399646,1101.0207557139988,13112115,1103.6748779296875,1079.8140625,0.008069419087706198,0.013736478955322047,1
2022-01-10,1104.2138671875,1112.8193642531028,1094.2723568788356,1110.5547786779955,9246731,1106.768310546875,1080.4560668945312,0.0008210615736434779,0.013691337687650315,1
2022-01-11,1112.16259765625,1120.9491128479206,1102.8550708538112,1103.3080358803263,16205164,1106.5373291015626,1082.1635681152343,0.0071985425151341875,0.013428203903422422,1
2022-01-12,1141.851318359375,1143.595131948247,1116.4426269818646,1119.2960312179016,14800442,1111.202392578125,1085.512890625,0.026694586534100617,0.015449649115144489,1
2022-01-13,1148.28271484375,1150.8644117443653,1136.0992618786104,1141.9192812349345,11856712,1121.9636962890625,1088.4885681152343,0.0056324290045184355,0.013180182046481782,1
2022-01-14,1149.95849609375,1162.776052313962,1144.0026230998735,1148.146875628832,19930176,1131.293798828125,1092.9849060058593,0.0014593803671667516,0.013270855707593239,1
2022-01-17,1155.959716796875,1161.7344520199854,1149.0527486713804,1149.5057137125311,8036453,1141.64296875,1099.2102661132812,0.005218641127928025,0.01297290605350975,0
2022-01-18,1142.1685791015625,1160.5343313379433,1139.4283858183082,1157.0922278353653,6215029,1147.6441650390625,1103.978369140625,-0.011930465651110445,0.012686150060044268,0
2022-01-19,1142.0777587890625,1151.3172385374578,1136.370950826631,1145.882257497244,9755485,1147.689453125,1107.4998046875,-7.95156811015385e-05,0.012690181041039243,0
2022-01-20,1122.0816650390625,1136.8015335141931,1111.9136106984854,1132.3176461756468,16494486,1142.4492431640624,1110.0406860351563,-0.017508522161574835,0.011901342899958048,1
2022-01-21,1122.2626953125,1133.3139167394952,1110.5548482538704,1110.5548482538704,13338594,1136.9100830078125,1112.4196350097657,0.000161334312000605,0.011756251875333313,0
2022-01-24,1076.9935302734375,1134.4461715764585,1066.666981959244,1120.9717499530957,21868937,1121.116845703125,1112.5928771972656,-0.04033740516203921,0.017783726985137253,0
2022-01-25,1074.887451171875,1081.8623458947789,1043.9757327083191,1064.1532222498895,24510205,1107.6606201171876,1112.0233276367187,-0.0019555169482102785,0.01747050297699437,0
2022-01-27,1058.9674072265625,1067.119939925388,1046.7160258148951,1058.0163123551283,20020431,1091.0385498046876,1110.5649291992188,-0.014810893854938945,0.014183196916234389,0
2022-01-28,1057.9482421875,1076.087568078922,1054.5740661673967,1071.1508364816766,14667727,1078.211865234375,1110.0384094238282,-0.0009624139818729116,0.013652505813915262,1
2022-01-31,1080.933837890625,1089.9016105598887,1067.1650674426833,1068.9768076649402,12143683,1069.94609375,1110.4562133789063,0.02172657866097305,0.016444023728801733,0
2022-02-01,1077.3558349609375,1096.333045361315,1063.0436492942567,1090.6263567842825,13200509,1070.0185546875,1109.886669921875,-0.003310103545902221,0.016010209517839963,1
2022-02-02,1079.552490234375,1090.1733881906252,1075.725349000261,1090.1733881906252,10017691,1070.9515625,1108.198419189453,0.002038931987143444,0.016131560293318564,0
2022-02-03,1065.6026611328125,1087.659819731054,1063.0890104902376,1083.3797131393435,9572839,1072.27861328125,1105.5522521972657,-0.012921862741971823,0.01616291558073993,0
2022-02-04,1055.887451171875,1063.655064440526,1051.2677111603737,1060.280768575064,11061241,1071.866455078125,1103.6228149414062,-0.00911710369661567,0.015757227218182415,0
2022-02-07,1049.4560546875,1067.4368843783152,1043.9756693517943,1060.7336971993543,10714467,1065.5708984375,1100.9302185058593,-0.006090986759277328,0.015611209083395293,1
2022-02-08,1067.09716796875,1068.8862659765236,1046.240291320876,1055.5931024543218,12060849,1063.5191650390625,1099.0743835449218,0.01680976845333748,0.011896080889938114,1
2022-02-09,1079.52978515625,1081.2055520274612,1067.9804353407576,1073.936188431649,11486225,1063.5146240234376,1097.4427429199218,0.011650876378170638,0.012518616056419464,0
2022-02-10,1078.420166015625,1085.055306543387,1071.19608713209,1085.055306543387,12464491,1066.078125,1094.2711853027345,-0.001027872649631778,0.011349597296368046,0
2022-02-11,1076.314208984375,1079.982854527415,1061.6849113374171,1074.887506839841,15943370,1070.1634765625,1090.6727600097656,-0.0019528168126072831,0.011381429695706212,0
2022-02-14,1059.1712646484375,1066.599124811997,1047.5991516117767,1059.9412213800138,10719633,1072.1065185546875,1086.1333984375,-0.01592745333364487,0.010218602340811598,1
2022-02-15,1095.1329345703125,1097.8278430466569,1057.880422222606,1064.9006018983252,11212671,1077.713671875,1083.092059326172,0.03395264875677251,0.015241302320399197,0
2022-02-16,1092.868408203125,1101.949393688899,1085.1688404247225,1100.5906182455717,10392840,1080.381396484375,1080.62705078125,-0.0020678095742558966,0.015287652221100824,1
2022-02-17,1106.7047119140625,1111.867985430717,1091.5320027819646,1096.106457779991,12853252,1086.0383056640626,1078.8583984375,0.012660539555431782,0.014769309761608751,0
2022-02-18,1098.05419921875,1112.547522749666,1096.129247594958,1107.112541400613,6775458,1090.3863037109375,1077.6570251464843,-0.007816459623047334,0.014647269507289815,0
2022-02-21,1086.9576416015625,1103.987376793005,1080.028031731223,1092.4379072087868,11107193,1095.9435791015626,1075.8917724609375,-0.010105655645306522,0.015005795891955753,0
2022-02-22,1082.0208740234375,1085.146105195485,1063.066305633856,1065.6705251768456,13494914,1093.3211669921875,1076.1431396484375,-0.004541821492556997,0.014428051393272637,0
2022-02-23,1075.249755859375,1089.9696221846225,1072.5096827529123,1087.5012562225045,7310110,1089.7974365234375,1076.1612548828125,-0.006257844304689342,0.014134118980773753,0
2022-02-24,1021.669677734375,1059.7828395482902,1016.076199647464,1043.9759028873489,24846650,1072.7904296875,1074.296368408203,-0.04983035600150132,0.021112641817897945,1
2022-02-25,1034.44189453125,1045.3118571320392,1030.9543872983322,1032.698081014629,14570089,1060.06796875,1073.1210510253907,0.012501317280158686,0.02184100744325743,1
2022-02-28,1068.682373046875,1072.2151647642706,1015.8948766365417,1015.8948766365417,21297446,1056.4129150390625,1072.508477783203,0.03310043676367225,0.024179650225165498,1
2022-03-02,1086.34619140625,1087.4559017749605,1054.9363443782538,1057.314141139364,21471786,1057.277978515625,1072.9579956054688,0.01652859521675687,0.02209162251571087,0
2022-03-03,1077.1746826171875,1093.7288113845136,1073.4381104672327,1087.002981514595,10186748,1057.6629638671875,1072.8391052246093,-0.008442528598724297,0.022230767207403725,0
2022-03-04,1053.283203125,1070.8337101992126,1050.9280486616494,1065.7157207883167,10805667,1063.9856689453125,1072.2231323242188,-0.022179763299058353,0.02254155275942424,0
2022-03-07,1014.3323364257812,1047.1915288477956,1006.38358489105,1032.0639824642974,17983310,1059.9637573242187,1070.1453765869142,-0.036980430888534865,0.024765786155674156,0
2022-03-08,1012.498046875,1017.253760796074,987.3611211647836,1001.6280233273344,21289374,1048.7268920898437,1068.2974761962892,-0.0018083713640094645,0.02481223463039823,1
2022-03-09,1066.2139892578125,1072.05665089973,1011.8864606126764,1012.7244638561708,20414228,1044.7004516601562,1068.2533172607423,0.05305288493997873,0.031243396560039754,1
2022-03-10,1083.4927978515625,1089.267532756051,1068.8862634347242,1087.0029472759036,17980493,1045.9640747070312,1068.451467895508,0.016205760539474534,0.03163103318430664,1
2022-03-11,1086.6180419921875,1091.9852168591085,1076.1556390217638,1076.1556390217638,12257423,1052.6310424804688,1068.861361694336,0.002884416164853132,0.02608533025499914,1
2022-03-14,1095.5404052734375,1098.0541754406872,1075.2270625884605,1081.0697243173254,8340678,1068.87265625,1069.822671508789,0.008211131176224518,0.026010582342975926,0
2022-03-15,1070.4488525390625,1099.6620420875429,1060.2128731362302,1099.6620420875429,15925769,1080.4628173828125,1070.3865509033203,-0.02290335674850108,0.02556623144245918,1
2022-03-16,1088.520263671875,1090.5810688907009,1076.6311594559988,1078.8504605069668,11149828,1084.924072265625,1070.0559173583983,0.016882087443923943,0.025591154413933344,1
2022-03-17,1124.0064697265625,1131.1172183134404,1093.8420644373464,1101.8361008572806,21422098,1093.026806640625,1071.6128204345703,0.03260040923352481,0.02723727329571245,0
2022-03-21,1117.5296630859375,1125.0480919172617,1104.6668219311773,1106.9314074851866,11999466,1099.209130859375,1072.154067993164,-0.00576225032067712,0.025906250280537085,1
2022-03-22,1146.4031982421875,1148.124249688356,1111.2794206216663,1114.223273968924,22557065,1109.381689453125,1074.571517944336,0.025836929533054942,0.021504156649330988,1
2022-03-23,1150.049072265625,1161.6664689349448,1142.7119015169374,1142.7119015169374,15462187,1125.3017333984376,1077.726089477539,0.003180272027352826,0.021190403419540843,1
2022-03-24,1167.916748046875,1170.4078760728964,1136.824010448648,1136.824010448648,13168266,1141.1810302734375,1082.0208831787108,0.015536446410978177,0.0160005665701006,1
2022-03-25,1175.7069091796875,1184.8331776508987,1167.169339474114,1169.6604672992412,14222488,1151.5211181640625,1087.0437408447265,0.0066701339336388,0.015824282299567817,1
2022-03-28,1187.5281982421875,1191.0608703717303,1171.472198621402,1182.115739135411,9891424,1165.5208251953125,1095.3366668701171,0.010054622432003946,0.015712998211046346,1
2022-03-29,1187.7999267578125,1194.7974641560254,1180.9382429362058,1194.7974641560254,8684065,1173.8001708984375,1103.0045684814454,0.00022881857965750818,0.01596006679634137,1
2022-03-30,1210.627197265625,1217.4435974390792,1185.33171328685,1195.6582636427747,15811550,1185.9157958984374,1110.1018096923829,0.01921811072182944,0.011861896658003168,0
2022-03-31,1193.3253173828125,1209.1548925411073,1190.5399600350615,1207.0035184657995,13223718,1190.997509765625,1115.450765991211,-0.014291666271740167,0.014392494415753824,1
2022-04-01,1202.882080078125,1207.094259791017,1187.55087204633,1193.8916640782966,7922880,1196.4325439453125,1121.736135864258,0.008008514154608237,0.01185052619140722,1
2022-04-04,1206.4375,1211.555489970758,1196.45070474843,1202.7009276541294,7929162,1200.214404296875,1129.393850708008,0.0029557510089801564,0.011116039329444957,0
2022-04-05,1189.385009765625,1209.245506901818,1186.9619284827404,1200.7305793203725,13149870,1200.5314208984375,1138.146484375,-0.014134582383567351,0.011072020616689191,0
2022-04-06,1186.2147216796875,1193.2122590361132,1171.744039651222,1171.744039651222,12257215,1195.64892578125,1146.8323181152343,-0.0026654851540143243,0.011257774160693484,0
2022-04-07,1165.289794921875,1180.304009486112,1162.6401712692125,1175.3671581453982,15496499,1190.0418212890625,1151.7861083984376,-0.01764008351555668,0.012064216335599861,1
2022-04-08,1184.6748046875,1188.9096265891387,1159.4698932414146,1159.4698932414146,15152495,1186.4003662109376,1156.8452087402343,0.016635355299687182,0.013061403150219609,0
2022-04-11,1182.2064208984375,1195.0466201854251,1169.8869936426172,1177.5865608022991,9254209,1181.554150390625,1161.6246276855468,-0.0020835960883912596,0.012667685868906138,0
2022-04-12,1159.9454345703125,1178.7641486995603,1157.3863798447203,1171.698565177911,13217742,1175.6662353515626,1164.8448791503906,-0.018830033346636244,0.013936603120465414,0
2022-04-13,1155.68798828125,1174.2349955581562,1152.9025109003892,1166.0371790472568,10354235,1169.560888671875,1169.1068359375,-0.0036703849699961655,0.011715656037621397,0
2022-04-18,1152.1551513671875,1159.3792305452218,1142.1683569783831,1147.2410619855225,9974224,1166.9339599609375,1172.2885803222657,-0.0030569123759056627,0.011207648494537462,1
2022-04-19,1196.0654296875,1208.3848547587156,1155.4161069847771,1158.5638600771326,26141820,1169.2120849609375,1175.8915283203125,0.038111428194550934,0.01711343542733209,1
2022-04-20,1231.234619140625,1238.2775602010167,1199.824772027751,1203.4481327307994,25072240,1179.017724609375,1181.5767761230468,0.029404068189073707,0.019564422027877625,1
2022-04-21,1260.06298828125,1263.1880996959114,1237.3717275306717,1245.9319403276972,21708633,1199.0412353515626,1187.259765625,0.023414196362303796,0.019682502003671585,0
2022-04-22,1249.510009765625,1269.0760391912015,1242.8973909745034,1249.5552942902011,15054154,1217.8056396484376,1192.2328125,-0.008374961104142487,0.020040130448102253,0
2022-04-25,1220.61376953125,1249.3287095526507,1206.414795351199,1242.0821076628993,17063215,1231.49736328125,1194.8676635742188,-0.023126057421336887,0.020801288975536757,1
2022-04-26,1257.1416015625,1265.9055943331985,1226.3658564890222,1227.4075203143414,12227666,1243.71259765625,1198.9393981933595,0.029925790567869592,0.02202696356011946,1
2022-04-27,1258.3646240234375,1280.851985416539,1247.811532355269,1248.173928367214,19338945,1249.1385986328125,1202.481219482422,0.0009728597473963596,0.021920639851854617,1
2022-04-28,1277.16064453125,1291.269050141953,1261.874601680994,1272.6767577965609,25614076,1252.5581298828124,1206.9492553710938,0.014936863409045209,0.02011559131523183,0
2022-04-29,1263.7542724609375,1293.6015662528664,1257.8889681093667,1293.6015662528664,18214862,1255.406982421875,1209.6056091308594,-0.010497013142174438,0.020731948887818225,0
2022-05-02,1259.315673828125,1270.6612443033114,1249.1702630612974,1250.9593611931234,9467006,1263.14736328125,1212.905126953125,-0.00351223234574638,0.02076226592246792,0
2022-05-04,1220.0023193359375,1263.6410258882418,1212.1442565160846,1261.3764403153348,19247660,1255.7195068359374,1213.7611389160156,-0.031218030005678354,0.02156747391795725,0
2022-05-05,1196.1109619140625,1236.4659436174286,1192.0800401164388,1233.5219702392728,17210669,1243.2687744140626,1213.2448120117188,-0.01958304262477084,0.020221383720068205,0
2022-05-06,1186.9393310546875,1204.3087009820067,1174.6651887519583,1183.112189870724,19649948,1225.22451171875,1213.1225280761719,-0.007667876268517948,0.01803045312436755,0
2022-05-09,1140.583251953125,1176.2732081933118,1135.4652620079833,1166.2410086662385,18083752,1200.5903076171876,1210.8409545898437,-0.03905513777218217,0.020896942506435864,0
2022-05-10,1120.8133544921875,1144.3424996019623,1113.2722828322585,1130.0303130323607,19511677,1172.88984375,1208.6171325683595,-0.017333147253463244,0.0205353821564659,0
2022-05-11,1109.3316650390625,1125.4782304745668,1096.944313403933,1119.907276647325,16643899,1150.755712890625,1204.8499755859375,-0.010244069101342124,0.01555018786198254,0
2022-05-12,1086.7313232421875,1102.787203178042,1073.4155164726255,1099.458311385817,20490321,1128.87978515625,1200.076220703125,-0.02037293490227665,0.014977230513379807,1
2022-05-13,1099.050537109375,1122.3304948076038,1093.9551898739935,1098.7788299822744,19308778,1111.3020263671874,1197.031475830078,0.011336025385220383,0.014216024179063064,1
2022-05-16,1099.322509765625,1123.689419002713,1094.544153545097,1102.60611718799,13437911,1103.0498779296875,1194.213201904297,0.000247461465207266,0.014964925623086371,1
2022-05-17,1145.4974365234375,1150.36636198311,1101.4964484721288,1102.9005084688652,16551828,1107.9866943359375,1193.8803161621095,0.042003075846829496,0.02312066678709405,1
2022-05-18,1149.6641845703125,1163.9990123371506,1136.0313867118257,1150.2530031709175,17276788,1116.0531982421876,1191.56025390625,0.0036375009790690083,0.022032352596072235,0
2022-05-19,1123.16845703125,1137.956250241304,1116.918234266966,1125.0481241931686,14699118,1123.340625,1186.1569458007812,-0.0230464929626083,0.022300376626154684,1
2022-05-20,1188.660400390625,1197.6961004424857,1133.2006360812218,1137.956229855782,21793091,1141.26259765625,1182.58681640625,0.05830999165742501,0.030147758611993453,0
2022-05-23,1180.711669921875,1201.8402528023153,1174.416043471332,1191.8533389891315,15252755,1157.5404296875,1179.1468994140625,-0.006687133235142584,0.02699617521673111,1
2022-05-24,1184.7652587890625,1194.7973375363194,1176.5448004718992,1180.7569797022973,13527818,1165.393994140625,1177.354473876953,0.0034331742206423765,0.025970418556698325,0
2022-05-25,1183.0216064453125,1203.2670225299605,1178.2658929997126,1193.438723782862,12714544,1172.065478515625,1173.6484741210938,-0.0014717281172914598,0.025510025123000334,0
2022-05-26,1171.7440185546875,1193.3934954511844,1154.0348942869591,1188.637781781663,17882023,1181.7805908203125,1169.3174438476562,-0.0095328672183016,0.024437722832707214,0
2022-05-27,1166.308837890625,1179.918992967975,1150.4567396045152,1174.4387272800036,16521973,1177.3102783203126,1163.774853515625,-0.004638539286734855,0.02470323291559535,1
2022-05-30,1206.9356689453125,1211.1024440039564,1174.959644745959,1184.3802630005096,13853398,1182.555078125,1160.9339233398437,0.03483368189866831,0.026151952893439693,0
2022-05-31,1192.3743896484375,1213.2765527152142,1184.697464521731,1196.3373846577454,70620653,1184.076904296875,1157.5868591308595,-0.012064668955885205,0.024247517110156012,1
2022-06-01,1192.7593994140625,1202.587698682473,1184.9238588339676,1193.121675611818,9776989,1186.024462890625,1156.2247131347656,0.00032289335377155837,0.024279868311745556,1
2022-06-02,1233.88427734375,1237.5755649319342,1192.98576447725,1192.98576447725,22126569,1198.4525146484375,1158.11337890625,0.034478770781340984,0.023986957783680807,1
2022-06-03,1258.8853759765625,1276.0283243723425,1241.9009234208313,1242.8068535360608,23939791,1216.967822265625,1161.7106811523438,0.02026210973903786,0.017581887928772192,0
2022-06-06,1253.4730224609375,1274.5110388345445,1246.3395117355965,1259.1119042533817,11093152,1226.27529296875,1167.3551696777345,-0.004299321939002176,0.017407392552932225,1
2022-06-07,1255.828125,1264.139152836091,1246.4527910651425,1254.5372764842175,12358255,1238.9660400390626,1174.105908203125,0.001878861767953044,0.01744107815331588,0
2022-06-08,1233.7711181640625,1259.564728048269,1230.260968517713,1255.8281557796806,12479250,1247.1683837890625,1180.327880859375,-0.017563714649198148,0.01888710540888436,1
2022-06-09,1267.6041259765625,1269.528957983228,1227.4076388685442,1227.4076388685442,17278305,1253.912353515625,1189.3715209960938,0.027422434610761437,0.0194714287080384,0
2022-06-10,1229.33251953125,1263.5957731905055,1223.5577842447772,1255.4432409626409,18093057,1248.0017822265625,1195.8856201171875,-0.03019208099833859,0.02272801846500675,0
2022-06-13,1206.0750732421875,1210.558959942895,1184.9691305419672,1200.2325310142617,17620803,1238.5221923828126,1201.2232482910156,-0.018918759505305083,0.021335397700439858,0
2022-06-14,1190.3134765625,1210.1286894158018,1183.6782159302647,1200.2551062805885,14714312,1225.4192626953125,1203.4640502929688,-0.013068503801605735,0.021401422236553724,0
2022-06-15,1175.91064453125,1194.4802922065517,1170.520948203621,1185.535162159316,11195535,1213.84716796875,1204.7763732910157,-0.012100032734942978,0.021740548995791885,0
2022-06-16,1159.4698486328125,1204.331357067944,1156.752298028243,1188.0036507794862,17111475,1192.2203125,1206.5914428710937,-0.013981330958179439,0.017976655633411685,1
2022-06-17,1173.057373046875,1188.8415454022556,1157.7035234680366,1159.4698594973618,24457187,1180.965283203125,1205.8112915039062,0.011718738896129288,0.016747936110263144,0
2022-06-20,1151.7928466796875,1185.3314250139977,1141.8512172581657,1179.8510396489687,12066797,1170.108837890625,1204.3653503417968,-0.018127439335686946,0.017076050933201053,1
2022-06-21,1170.3853759765625,1174.5974362298005,1145.1125352557633,1159.470007341127,11720049,1166.1232177734375,1203.6463562011718,0.016142251057099655,0.018552026380083728,0
2022-06-22,1134.831298828125,1158.7000801408756,1132.7478510128988,1158.6095110793892,10617206,1157.9073486328125,1201.2368408203124,-0.030378094154475788,0.019775220638775116,0
2022-06-23,1116.4200439453125,1143.6178348788872,1107.3843432520748,1139.111305663959,19446323,1149.2973876953124,1198.4706420898438,-0.01622378136893543,0.015380264343836077,1
2022-06-24,1132.3175048828125,1137.2768791745684,1117.8014186070498,1123.2365200121849,14240234,1141.1494140625,1196.7710754394532,0.014239677103359716,0.016106251036557693,0
2022-06-27,1128.9659423828125,1152.6535844959913,1123.938521096388,1152.6535844959913,15474529,1136.584033203125,1192.8725891113281,-0.0029599140572739158,0.015697282583680312,1
2022-06-28,1144.8404541015625,1147.6712157735933,1124.1874785863165,1124.1874785863165,13572847,1131.475048828125,1190.4958923339843,0.014061107711756948,0.016740619889837823,1
2022-06-29,1168.59619140625,1176.2279518820312,1132.7477384681235,1135.555858296585,19205146,1138.22802734375,1189.2877319335937,0.020750260195277814,0.018091052597155505,1
2022-06-30,1175.616455078125,1184.7880089664673,1162.187437050855,1168.5282289340553,23112959,1150.0673095703125,1186.3743408203125,0.006007433297747555,0.017528565996377834,0
2022-07-01,1090.9434814453125,1173.9633211779058,1071.1510274067675,1166.218468693317,81997149,1141.7925048828124,1177.97724609375,-0.07202431819243771,0.02861472931183922,1
2022-07-04,1093.2078857421875,1106.0254419629423,1071.648979247077,1077.4689986763794,41857728,1134.6408935546874,1169.9639892578125,0.002075638505007582,0.028442820502449284,1
2022-07-05,1102.0626220703125,1116.397451638623,1094.7479726674217,1097.4202390673574,17647327,1126.0853271484375,1162.2757141113282,0.008099773559640422,0.027892265479266334,0
2022-07-06,1092.3699951171875,1106.0027924376789,1081.5679595799388,1096.106567126978,23943726,1110.840087890625,1155.2056579589844,-0.008794987470781446,0.026568564542909456,0
2022-07-07,1081.61328125,1102.0624779330788,1075.6800503518657,1098.7335863010785,23301033,1092.039453125,1145.9061157226563,-0.009847134135200775,0.026303841023584608,1
2022-07-08,1083.10791015625,1095.155510044553,1079.0995110804106,1095.155510044553,19010108,1090.4723388671875,1138.5948852539063,0.0013818514733128229,0.025683163845222862,1
2022-07-11,1097.82763671875,1100.046817658232,1073.4153285810387,1076.359301395055,13847467,1091.3962890625,1133.1825134277344,0.013590267806627532,0.02629260043584976,0
2022-07-12,1096.26513671875,1104.983845261713,1088.8146344584836,1088.8146344584836,10778989,1090.2367919921876,1128.4800964355468,-0.00142326531755943,0.025659195357356734,0
2022-07-13,1076.8348388671875,1102.402142980226,1074.7741536418605,1099.3676009909502,14224132,1087.1297607421875,1123.5263061523438,-0.017724086264131023,0.024385507618614417,1
2022-07-14,1085.712158203125,1102.3796184650855,1076.5632467388843,1081.5680252499114,16970315,1087.9495361328125,1119.8384216308593,0.008243900564432138,0.0245366684275468,1
2022-07-15,1087.8182373046875,1093.796752824721,1079.3487135847497,1093.796752824721,9603210,1088.8916015625,1115.57646484375,0.0019398134999686345,0.009534305063361436,1
2022-07-18,1097.0804443359375,1098.3258884954794,1083.5154537448525,1096.5142680086967,15160908,1088.7421630859376,1112.8408447265624,0.00851448037330127,0.009918191018545262,1
2022-07-19,1103.806396484375,1108.2902834767383,1087.1389350761635,1087.1389350761635,16439888,1090.2504150390625,1109.511895751953,0.006130773894624131,0.009766692515019484,1
2022-07-20,1133.653564453125,1151.5438277746334,1126.0672081991272,1150.4115948025603,23924246,1101.61416015625,1109.4530090332032,0.02704022015437957,0.012335507514962622,0
2022-07-21,1126.08984375,1132.2949020971544,1117.484465892399,1129.577351299841,16523230,1109.689697265625,1109.9364990234376,-0.006671985993158103,0.011981421022040119,1
2022-07-22,1133.6988525390625,1139.6773678755285,1130.030207237111,1132.2947927493988,10969995,1118.8658203125,1110.00556640625,0.006757017507345253,0.011966381604369745,0
2022-07-25,1096.242431640625,1117.5522733397709,1088.361726850526,1117.5522733397709,23110452,1118.6982177734376,1108.3693908691407,-0.033039127467183294,0.01636697621438026,1
2022-07-26,1096.74072265625,1106.886133119494,1092.143624721455,1096.5595845623452,11303288,1117.2850830078125,1105.964404296875,0.00045454454347226836,0.016359899248791023,0
2022-07-27,1095.6990966796875,1099.2317688342157,1087.908840568981,1096.0387306174955,8655086,1109.694189453125,1102.3195495605469,-0.0009497467861316888,0.015136112314040178,1
2022-07-28,1112.8646240234375,1117.7787135139506,1096.5142758027298,1103.3080323769393,12496073,1107.0491455078125,1099.1819580078125,0.015666278630480646,0.015657920984140053,1
2022-07-29,1136.574951171875,1140.0398166483674,1115.9898980948155,1120.8360615086551,15130683,1107.624365234375,1101.4635314941406,0.021305670641875052,0.016730238602489962,1
2022-08-01,1166.19580078125,1172.038463313215,1135.7370437974075,1140.968245399228,15700044,1121.6150390625,1105.1129272460937,0.026061501336831494,0.018062761107773634,1
2022-08-02,1170.6343994140625,1181.1194448466035,1160.1719962455124,1165.1314906618964,13917913,1136.3937744140626,1108.5415161132812,0.003806049232760955,0.018079782829928524,1
2022-08-03,1180.4625244140625,1182.11564904104,1162.8440902328596,1177.586478112168,14250977,1153.3464599609374,1112.946142578125,0.008395554585547194,0.016572391368082418,0
2022-08-04,1164.8594970703125,1185.6258045890304,1148.1468730281574,1182.115655170841,14467127,1163.7454345703125,1117.1084533691405,-0.01321772357957296,0.0171671821004135,0
2022-08-05,1147.69384765625,1167.984546831775,1144.5008098568317,1166.7164604960217,13942438,1165.9692138671876,1120.3377502441406,-0.014736240256644773,0.018040686457331388,1
2022-08-08,1162.7081298828125,1170.1359894573532,1146.3351396535795,1146.3351396535795,10165178,1165.2716796875,1123.5817749023438,0.013082131839622368,0.013618757080215649,1
2022-08-10,1169.6605224609375,1173.0120563323646,1158.1336946618562,1167.1241099957583,10724688,1165.076904296875,1127.2515441894532,0.005979482210058729,0.013480754128564846,1
2022-08-11,1173.5556640625,1182.0704726435374,1168.618812190309,1178.990645714219,8198226,1163.6955322265626,1132.0875854492188,0.003330147104022352,0.01328306237416044,1
2022-08-12,1192.5328369140625,1196.31469366612,1169.5247047340197,1173.193230375856,12650587,1169.2302001953126,1137.4286193847656,0.016170662741185282,0.013320668758141703,1
2022-08-16,1200.8212890625,1203.5388398516432,1189.9513255065965,1198.511418811862,6607378,1179.8556884765626,1143.0787719726563,0.00695029259729707,0.012347799504595854,1
2022-08-17,1207.09423828125,1212.4160085847718,1202.746205068067,1207.0263114935751,6595965,1188.73291015625,1148.5794616699218,0.0052238824177137655,0.01005274287003236,1
2022-08-18,1209.2833251953125,1212.7820913718715,1199.6955520359063,1208.6925853891362,7410035,1196.657470703125,1153.8533081054688,0.001813517822087718,0.0100657064103796,0
2022-08-19,1187.72216796875,1209.464997552082,1183.6779742626552,1204.148579928399,9460724,1199.490771484375,1156.55673828125,-0.017829698613499145,0.011848795586269494,0
2022-08-22,1184.427734375,1195.651309470641,1175.0672431781986,1189.1535324408326,9471680,1197.8697509765625,1159.4736328125,-0.002773740932514701,0.010911205301417178,1
2022-08-23,1202.6944580078125,1205.602604315162,1177.498175517267,1178.7023711633794,9678484,1198.244384765625,1162.9234130859375,0.01542240451035326,0.009985658148904182,0
2022-08-24,1199.4910888671875,1213.2366377896576,1197.491828079034,1199.650222045227,10369622,1196.7237548828125,1168.0858459472656,-0.0026634937238599887,0.009762462323987638,0
2022-08-25,1195.9921875,1210.0102083418858,1191.6981161929027,1203.671444195302,7871946,1194.06552734375,1173.0484191894532,-0.002916988212469218,0.009881848444989535,0
2022-08-26,1189.60791015625,1204.148643044039,1184.6096383933834,1196.4238336256965,10742038,1194.44267578125,1177.7438598632812,-0.00533805940412968,0.01015518486815391,0
2022-08-29,1180.3609619140625,1206.4205794013706,1171.4547933496003,1174.6128173581192,19838975,1193.6293212890625,1181.1186767578124,-0.0077731058807207765,0.009049705241264047,1
2022-08-30,1198.6729736328125,1201.990130578996,1170.795826558723,1187.790261371782,23139054,1192.8250244140625,1184.2235778808595,0.015513908295522905,0.010214618972223416,0
2022-09-01,1163.4345703125,1183.677893017874,1159.026918701398,1173.54493369258,19909939,1185.613720703125,1184.085516357422,-0.029397845864093886,0.013527643735671786,0
2022-09-02,1149.8482666015625,1170.2278880627014,1147.6671567250864,1163.4346809089884,12999345,1176.3849365234375,1183.046209716797,-0.011677754862732148,0.013600940879127657,1
2022-09-05,1167.7060546875,1173.022472536249,1150.0754462865928,1150.0754462865928,11327815,1172.0045654296875,1182.4083862304688,0.015530560513620673,0.014168464644220018,1
2022-09-06,1179.997314453125,1184.1550886922698,1168.705591439244,1169.1600343727337,10899618,1171.9318359375,1183.1652770996093,0.01052598786850889,0.014662420946591514,0
2022-09-07,1173.135986328125,1179.1112920563703,1167.7968526449283,1170.0688269822715,7488501,1166.8244384765626,1184.4373840332032,-0.005814698085291781,0.013637994334290762,1
2022-09-08,1174.7945556640625,1180.519984126391,1168.2513462113554,1176.0896159479148,7057077,1169.096435546875,1185.0417053222657,0.001413791201758885,0.01369012833064707,0
2022-09-09,1167.4788818359375,1185.9727033347192,1165.0704903678632,1185.9727033347192,8314850,1172.62255859375,1184.9326232910157,-0.006227194187148566,0.013754807804782748,1
2022-09-12,1180.5426025390625,1186.8814864106484,1168.04668408102,1168.04668408102,7435419,1175.1898681640625,1185.2819702148438,0.011189684804046696,0.014333277940037095,1
2022-09-13,1190.4031982421875,1194.9244314739492,1181.8833232158256,1189.608013111493,8888657,1177.271044921875,1185.17548828125,0.008352596239997734,0.01435265659594459,0
2022-09-14,1176.135009765625,1185.9726599528265,1169.046493026583,1170.0688394223357,8678219,1177.870849609375,1183.9411743164062,-0.011986013224453362,0.013876826831500886,0
2022-09-15,1164.47998046875,1183.041952132411,1161.7762789427293,1173.704175948456,10365600,1175.8079345703125,1181.8104614257813,-0.00990960153392384,0.010538798794802729,0
2022-09-16,1135.625732421875,1160.0722649582217,1131.899684568862,1155.8690579820689,20217708,1169.4373046875,1178.1275817871094,-0.024778655306087805,0.012752804888728325,1
2022-09-19,1137.1024169921875,1146.3038949822844,1127.5146444730449,1135.6256276709717,7580254,1160.749267578125,1175.5965942382813,0.0013003267961912979,0.011404872500364231,1
2022-09-20,1137.2841796875,1153.119972213298,1133.5808482063046,1146.1903481529216,8411448,1150.1254638671876,1173.2394165039063,0.00015984725086881646,0.010516425573506679,1
2022-09-21,1140.419677734375,1150.9843653188254,1133.7173348356014,1134.512519912323,9207309,1142.9823974609376,1170.1256774902345,0.002757004891896564,0.01066682413545829,0
2022-09-22,1129.673095703125,1137.352352488463,1123.3116153435435,1129.6276634257686,10308170,1136.0210205078124,1166.6347778320312,-0.009423357243887431,0.010744444350164396,0
2022-09-23,1108.498291015625,1134.1488981287762,1106.9533532004175,1129.1733426023927,9528051,1130.5955322265625,1162.2600830078125,-0.01874418782570053,0.011734765061445324,0
2022-09-26,1080.257568359375,1098.637929447728,1079.257938059937,1087.845960638479,12479523,1119.2265625,1156.7925659179687,-0.02547655949056571,0.011804648176782536,1
2022-09-27,1088.8455810546875,1102.363845481466,1072.4191704410875,1087.8231145473603,16154822,1109.5388427734374,1152.216796875,0.007949967625179744,0.011740250603524263,0
2022-09-28,1059.855224609375,1080.5529923156532,1057.4242371952328,1072.532873252523,16997059,1093.4259521484375,1145.2759094238281,-0.026624855672584546,0.013022219583856989,0
2022-09-29,1056.6063232421875,1075.7817488504493,1051.017191660742,1072.3738473223364,14671827,1078.81259765625,1139.9344970703125,-0.003065419966566618,0.013222114984902129,1
2022-09-30,1080.4393310546875,1091.458340177691,1050.108360317172,1050.108360317172,18613024,1073.2008056640625,1136.4640502929688,0.02255618510721069,0.015464930241796338,0
2022-10-03,1076.690673828125,1098.2516553264609,1073.7370949613044,1086.687337582096,11852723,1072.4874267578125,1131.91328125,-0.0034695675349981636,0.015326717969325675,1
2022-10-04,1096.547607421875,1098.7287171700252,1086.0737854797874,1089.5499554327275,8948850,1074.02783203125,1127.7407958984375,0.0184425611518948,0.017049082746758964,1
2022-10-06,1100.591552734375,1113.2691990866022,1098.7967377192742,1103.726980263936,13352162,1082.17509765625,1124.11357421875,0.003687888501264336,0.01708959484259971,1
2022-10-07,1105.2493896484375,1110.4976589700225,1097.206554532043,1097.206554532043,7714340,1091.9037109375,1120.6363159179687,0.004232121264687416,0.017101872984826235,0
2022-10-10,1093.1851806640625,1098.547030597458,1085.0969133921378,1092.8216022630288,6329527,1094.452880859375,1116.921630859375,-0.010915372672779755,0.016418333274995596,0
2022-10-11,1071.41943359375,1096.9110251312234,1068.32955827905,1096.9110251312234,9215177,1093.3986328125,1111.4654724121094,-0.019910393458764886,0.015579347675092971,1
2022-10-12,1079.3033447265625,1082.2342073300697,1064.6944639855951,1068.7386577474497,7417103,1089.9497802734375,1105.9104797363282,0.007358379814307092,0.015543885485611354,1
2022-10-13,1082.7340087890625,1087.8231445652352,1072.419200033899,1077.5538882747444,7328492,1086.378271484375,1101.2404296875,0.0031785911525819,0.01261769109703976,0
2022-10-14,1077.23583984375,1097.9790399185752,1076.5088032110611,1097.365583979867,9106089,1080.7755615234375,1096.87822265625,-0.00507804216056873,0.012726759088794556,1
2022-10-17,1094.5255126953125,1096.911067683068,1064.9216983657,1070.1018190034106,16729355,1081.0436279296875,1094.8232116699219,0.016050034924636636,0.011683104924771287,1
2022-10-18,1113.83740234375,1119.176536172448,1099.7056807153497,1100.5462980220425,12415820,1089.5272216796875,1093.6599609375,0.017644074463720072,0.012586689325795715,1
2022-10-19,1133.2174072265625,1148.6441893082867,1109.497912475689,1115.3142054707246,19247142,1100.3100341796876,1093.4566223144532,0.017399312361061625,0.012452397952907496,1
2022-10-20,1136.2618408203125,1144.6227018334394,1129.173323936751,1129.173323936751,8717053,1111.0156005859376,1093.24873046875,0.0026865397357431764,0.01245353600980853,0
2022-10-21,1123.0843505859375,1143.6231056125362,1120.9942254138175,1139.4880471639096,8243452,1120.185302734375,1092.9192932128906,-0.01159723028704518,0.013294500569237389,1
2022-10-24,1126.8331298828125,1137.1252236758137,1115.6778227953112,1117.8133802746593,3370033,1126.646826171875,1093.83603515625,0.0033379320929181056,0.012536338544010397,0
2022-10-25,1109.4298095703125,1135.5348605120162,1107.8167232856267,1135.5348605120162,12233241,1125.7653076171875,1095.2946472167969,-0.015444452111831208,0.011675236296383548,1
2022-10-27,1113.7918701171875,1121.6529753517275,1105.4537260220727,1116.90446154382,12513059,1121.8802001953125,1096.5419616699219,0.003931803985476545,0.011601207985161439,1
2022-10-28,1147.8717041015625,1151.893061521459,1117.5634478847232,1120.0852998000876,17609592,1124.2021728515624,1100.9427856445313,0.030598027242548786,0.014476670035071606,1
2022-10-31,1158.5272216796875,1163.6846262416873,1150.62068370947,1154.6194450652783,12419943,1131.2907470703126,1106.0388305664062,0.009282847150993367,0.01396404907095827,0
2022-11-01,1149.552978515625,1181.428769564145,1139.6244632866772,1181.428769564145,13963166,1135.834716796875,1109.4945129394532,-0.007746251444183727,0.014346438578752509,1
2022-11-02,1156.7322998046875,1158.7998289194838,1142.8051438822936,1150.666129478395,8981896,1145.29521484375,1113.4965942382812,0.00624531572118836,0.013667800088945943,1
2022-11-03,1161.049072265625,1163.048452941367,1147.3717940343818,1149.5529038103175,6693449,1154.7466552734375,1116.7216674804688,0.0037318681787188446,0.012821678221303702,1
2022-11-04,1178.1343994140625,1181.428720196316,1159.2088516372305,1160.4810755593053,12575815,1160.7991943359375,1120.598809814453,0.014715422075225248,0.013392401315380782,1
2022-11-07,1184.427734375,1186.1090891689405,1169.6145286927683,1177.3392175630618,11789748,1165.979296875,1124.5577270507813,0.005341780160283527,0.012265659426739536,0
2022-11-09,1183.246337890625,1191.4027533204437,1176.9074538352093,1186.109051967832,11254205,1172.71796875,1129.0607849121093,-0.000997440747196321,0.012422239199198905,0
2022-11-10,1168.932861328125,1179.8610058478407,1164.6160741722886,1176.8847111507705,5966242,1175.1580810546875,1133.936456298828,-0.01209678500929623,0.011842674026187702,1
2022-11-11,1195.878662109375,1197.787058206641,1175.9760787775724,1181.428793587036,12310132,1182.1239990234376,1139.7652221679687,0.0230516239834635,0.013076300042463497,0
2022-11-14,1190.0849609375,1200.5133505404451,1183.7687931045675,1195.4013783558953,9043112,1184.514111328125,1145.1327697753907,-0.004844723261184125,0.010602889925946575,0
2022-11-15,1184.7459716796875,1193.4248592098502,1176.8848651845096,1191.561895358841,7086433,1184.5777587890625,1150.5082763671876,-0.004486225297399504,0.010686479980015078,0
2022-11-16,1177.95263671875,1188.6763362500185,1172.954245151571,1185.972635134196,9716161,1183.5190185546876,1154.6796325683595,-0.0057340013161691905,0.0104936761846081,1
2022-11-17,1180.9970703125,1187.3358341262497,1172.340779737592,1174.5900378958909,6661451,1185.9318603515626,1158.037615966797,0.0025845127374819477,0.0104117518784431,0
2022-11-18,1180.3609619140625,1185.518366679259,1168.2967693410817,1184.495900066872,5303197,1182.8283203125,1160.394793701172,-0.0005386197937554682,0.010426163805984089,0
2022-11-21,1159.117919921875,1175.9759375856167,1155.5736016352212,1175.9759375856167,6390268,1176.634912109375,1161.53759765625,-0.017997072656266044,0.011004431416561853,1
2022-11-22,1165.547607421875,1167.1152613187112,1152.5746494360667,1156.4369938334312,6611488,1172.7952392578125,1163.6607604980468,0.005547052107030881,0.011018942302489731,0
2022-11-23,1161.9124755859375,1171.3866679891707,1159.7313656787817,1170.0688915510789,6413408,1169.58720703125,1165.414727783203,-0.003118818839136228,0.011027514559748774,1
2022-11-24,1171.931884765625,1178.702375351731,1157.8910283853108,1165.9792953074673,9389439,1167.774169921875,1168.5398315429688,0.008623204750973112,0.01081471068532646,1
2022-11-25,1189.4261474609375,1192.7431844497548,1173.295044904841,1176.430472976704,7349922,1169.58720703125,1172.3215454101562,0.014927712883937128,0.009082931173255112,1
2022-11-28,1230.299072265625,1236.4333911015242,1136.8980043426527,1185.472920181286,31527484,1183.8234375,1176.4429138183593,0.03436356674345764,0.014085648282443462,1
2022-11-29,1232.411865234375,1241.2498849313702,1224.141869160624,1228.6631016268889,11058913,1197.1962890625,1180.1371459960938,0.0017173003023234212,0.013833242557304075,1
2022-11-30,1241.113525390625,1247.5205575011094,1226.0503233100228,1232.548219965042,26164986,1213.0364990234375,1184.7151733398437,0.007060675413568029,0.013414398526715098,0
2022-12-01,1237.4556884765625,1251.860003139314,1234.1386516701657,1245.8619813701127,9485801,1226.141259765625,1188.7513427734375,-0.0029472218610390177,0.013651557176101762,0
2022-12-02,1236.93310546875,1248.6792715763747,1227.1408877532265,1240.5001400003844,11589592,1235.6426513671875,1192.5455444335937,-0.00042230442082002995,0.013646586042748206,0
2022-12-05,1218.893798828125,1234.4795955595694,1216.8718218980066,1232.3212015923184,14828536,1233.3615966796874,1194.583514404297,-0.014583898321476996,0.013043072558333741,1
2022-12-06,1222.4151611328125,1225.5050364637573,1209.146773966004,1211.0098577338963,8594245,1231.362255859375,1196.4828857421876,0.0028889820491933005,0.013060401599332682,0
2022-12-07,1204.375732421875,1224.5963402295367,1200.5815364526634,1220.0523915216042,8462111,1224.014697265625,1197.53935546875,-0.014757203022760623,0.014308441017145096,0
2022-12-08,1203.8077392578125,1210.9645247591304,1199.6500849785011,1208.6925503476532,7757008,1217.285107421875,1199.2830993652344,-0.00047160794490630487,0.014248747241405842,0
2022-12-09,1185.5638427734375,1208.6925984914808,1182.269401621288,1202.3309977712286,12655763,1207.0112548828124,1198.7673583984374,-0.015155157995265012,0.014570525220058077,1
2022-12-12,1187.38134765625,1191.8798642806923,1174.6128344148897,1174.8401159938364,9479842,1200.7087646484374,1198.632177734375,0.0015330299535458725,0.008227769670224044,1
2022-12-13,1192.7886962890625,1196.4237590933476,1184.473147579326,1187.381293975718,8333348,1194.7834716796874,1199.0343139648437,0.004554011770090405,0.00847339555326008,0
2022-12-14,1188.4720458984375,1199.1275984061572,1186.4272326920325,1198.5368585654778,7268947,1191.602734375,1199.560284423828,-0.0036189564874773428,0.007666900283406882,0
2022-12-15,1171.5909423828125,1188.2445139678211,1168.251189688057,1182.5646387349402,8688551,1185.159375,1199.0899780273437,-0.014204039189549045,0.008250689683170935,0
2022-12-16,1165.7974853515625,1189.9714223850988,1162.412300039899,1168.2513090093971,15837349,1181.206103515625,1198.3618041992188,-0.004944948634945212,0.008068006819767451,1
2022-12-19,1181.1107177734375,1183.2463953663826,1166.297391645052,1172.7952889779006,7729933,1179.9519775390625,1199.461444091797,0.013135413838413879,0.009396239001819276,1
2022-12-20,1191.3345947265625,1193.242990634255,1165.9792991040035,1174.1129983269077,7467588,1179.6611572265624,1200.7507934570312,0.008656154583372544,0.009964736095851167,0
2022-12-21,1174.3856201171875,1196.4237592798247,1170.5687080191292,1190.9710448813423,8527550,1176.8438720703125,1201.3744506835938,-0.014226880243719542,0.009893573935748128,0
2022-12-22,1171.34130859375,1183.5417989966502,1166.3202002479725,1180.5200715713056,7451122,1176.7939453125,1201.344921875,-0.0025922588554292414,0.009868573453863038,0
2022-12-23,1136.989013671875,1177.1122091165366,1132.467780452847,1164.7525851270543,10257115,1171.0322509765624,1198.7230651855468,-0.029327314481136568,0.012519687251129381,1
2022-12-26,1146.9173583984375,1155.0737739248264,1132.5357596211306,1142.6915558359974,5990242,1164.1935791015626,1194.5539794921874,0.008732137784251082,0.013074507282261439,1
2022-12-27,1156.300537109375,1158.1635005411677,1142.9185703008357,1149.6209117724798,5763271,1157.186767578125,1190.7484130859375,0.00818121605905442,0.013366245995357958,0
2022-12-28,1156.1871337890625,1158.6181211536698,1145.75874366298,1153.2562711921107,7459393,1153.5470703125,1186.5020935058594,-9.807426069008418e-05,0.013395084921865592,0
2022-12-29,1155.6646728515625,1158.2092411945275,1147.576404624278,1148.2580090394192,6930648,1150.4117431640625,1182.4125427246095,-0.0004518826773204365,0.012770613537269842,1
2022-12-30,1157.4365234375,1170.977503884203,1154.6647942823151,1156.4823255378851,7289476,1154.5012451171874,1178.4377136230469,0.0015331874613468965,0.012729054485608807,1
2023-01-02,1170.477783203125,1171.88642405352,1157.8910002870923,1158.708901395193,5316175,1159.213330078125,1176.016912841797,0.011267364992849416,0.012516265085157633,0
2023-01-03,1161.9124755859375,1169.160125804233,1157.7093889350726,1165.5476587645308,7658932,1160.3357177734374,1172.9917785644532,-0.007317787436979528,0.012185671997619767,0
2023-01-04,1144.418212890625,1163.7300547153022,1142.3506838068283,1161.8896870062515,9264891,1157.98193359375,1169.9939025878907,-0.015056437608598983,0.012277382532164219,0
2023-01-05,1142.3734130859375,1152.5292093307503,1137.806748253793,1146.6674842652508,13637099,1155.323681640625,1166.922186279297,-0.001786759229847168,0.01227944684319094,1
2023-01-06,1152.7564697265625,1157.777577935928,1144.3047436595773,1148.0989399434063,6349597,1154.3876708984376,1165.2818176269532,0.00908902161209868,0.008292508403620655,1
2023-01-09,1179.9747314453125,1182.3376907366148,1155.687332011369,1156.57338165,10722753,1156.287060546875,1164.9114868164063,0.023611458650244055,0.010729330271345448,0
2023-01-10,1162.52587890625,1184.155127696438,1156.891435377878,1184.155127696438,8047142,1156.4097412109375,1163.3983459472656,-0.014787479828224814,0.011870292271997944,0
2023-01-11,1147.8717041015625,1162.344167776754,1145.5768933771294,1159.8450319996036,11509553,1157.100439453125,1161.3683288574218,-0.012605461151948494,0.012589212774465706,0
2023-01-12,1123.0843505859375,1150.757054985232,1120.0853394706564,1147.2810049505638,17688773,1153.242626953125,1158.9429992675782,-0.021594184634968427,0.014221635470323511,0
2023-01-13,1121.2667236328125,1123.6749947373953,1106.2716693328798,1117.0862332620186,20618583,1146.944677734375,1156.7164611816406,-0.0016184242547558902,0.01415055176083716,0
2023-01-16,1110.5885009765625,1126.7421991055548,1102.8182596793808,1123.584175159578,13623855,1133.067431640625,1153.1903503417968,-0.009523356424645746,0.013310785259748263,1
2023-01-17,1126.356201171875,1128.2645974446718,1113.542254085864,1116.9047238004223,10751000,1125.83349609375,1149.9414306640624,0.014197608008229556,0.014599532667014782,0
2023-01-18,1124.492919921875,1131.9450149571076,1117.9724269094495,1123.947732620178,13448286,1121.1577392578124,1147.446795654297,-0.0016542557745600206,0.013972222725047459,0
2023-01-19,1123.288818359375,1127.4237562572607,1116.2910462380278,1123.674992689111,11940054,1121.1986328125,1145.044171142578,-0.0010707951478997613,0.01397337623592873,0
2023-01-20,1109.9295654296875,1124.6291897175156,1107.4758620574123,1124.6291897175156,14930286,1118.931201171875,1143.6911987304688,-0.011892981316416362,0.013764480129519231,0
2023-01-23,1104.3177490234375,1120.6305800710877,1101.9094778576764,1112.8150268033935,10954118,1117.67705078125,1141.5612182617188,-0.005056011283092077,0.009884022123906046,0
2023-01-24,1097.7972412109375,1110.3839043654414,1084.8014472016189,1108.7253859560433,16488755,1111.9652587890625,1138.636053466797,-0.00590455764952269,0.009452231247429216,0
2023-01-25,1082.620361328125,1097.2292417944516,1081.4617181061994,1096.2068953996695,12385018,1103.5907470703125,1134.95771484375,-0.013824847898207038,0.009558875136071609,0
2023-01-27,1062.081787109375,1084.8015319770325,1050.403768536496,1083.461159577074,25830975,1091.3493408203126,1130.2785705566407,-0.01897116935206533,0.009102220297816483,1
2023-01-30,1072.2603759765625,1077.7812395145372,1045.564583725004,1059.514577771571,21772103,1083.8155029296875,1126.0197631835938,0.009583620574918461,0.010253825032196776,0
2023-01-31,1069.5792236328125,1084.9378563899695,1063.7402148448057,1082.370452122445,22691594,1076.8677978515625,1120.974835205078,-0.0025004676138555837,0.010104232747992952,0
2023-02-01,1063.240478515625,1081.438989315294,1047.3819702702858,1081.438989315294,19347800,1069.9564453125,1116.0412353515626,-0.005926391404330045,0.007906515094107893,0
2023-02-02,1057.3560791015625,1066.9210156997124,1050.1084290116537,1053.2891691648742,13662663,1064.9035888671874,1111.6881286621094,-0.005534401231862107,0.007778900156995283,1
2023-02-03,1058.2874755859375,1067.3753725425988,1041.929212987467,1067.3753725425988,24699575,1064.1447265625,1107.4838317871095,0.0008808730594960235,0.007942142369978668,0
2023-02-06,1050.3128662109375,1054.6523697762398,1047.7455820077842,1051.9259524136774,14837879,1059.755224609375,1102.3616516113282,-0.007535390486015814,0.007693330292192454,0
2023-02-07,1047.791015625,1057.560517598404,1041.929290402716,1050.5628652677376,15135435,1055.3975830078125,1095.7524658203124,-0.002401047028049108,0.007755108016149539,1
2023-02-08,1068.7159423828125,1072.3284093286718,1048.290888887822,1051.017186057536,21160332,1056.49267578125,1091.0619689941407,0.019970515537710565,0.011095915771246107,1
2023-02-09,1070.5789794921875,1077.3040386110729,1060.559599329042,1069.3976200283605,13172763,1059.137255859375,1087.197332763672,0.0017432481686585621,0.01042171699175611,0
2023-02-10,1061.763671875,1070.0563840638993,1054.7886158361223,1070.0563840638993,10790445,1059.8324951171876,1084.131298828125,-0.008234149732109342,0.008799206524088058,0
2023-02-13,1055.72021484375,1067.8298390073717,1051.267130813873,1063.3767549774948,10352493,1060.91396484375,1080.8539733886719,-0.00569190413209153,0.008260978754528272,1
2023-02-14,1080.5985107421875,1082.325177803188,1055.8566674193971,1058.7193818882065,14321920,1067.4754638671875,1079.354473876953,0.02356523589170778,0.011424687512362353,1
2023-02-15,1105.0675048828125,1107.4531801088635,1078.2809718116707,1079.6440602664363,33503591,1074.7457763671875,1078.2900390625,0.022643927321183366,0.012947712894355404,0
2023-02-16,1104.2042236328125,1119.5401413378129,1101.9322491792432,1113.019527781497,17264487,1081.4708251953125,1077.2756042480469,-0.0007812022760469439,0.012644933278371176,1
2023-02-17,1108.8162841796875,1112.1334412904273,1095.3661670147735,1099.6375221146495,11809520,1090.88134765625,1076.5519775390626,0.00417681842558193,0.012585365081874791,0
2023-02-20,1097.093017578125,1113.155852121636,1095.1390690194628,1110.9974583087271,8836937,1099.155908203125,1075.9101501464843,-0.010572776364152547,0.012946171100266683,1
2023-02-21,1106.0445556640625,1111.8152960708703,1096.161352929149,1101.4551746278107,13311592,1104.2451171875,1075.9964904785156,0.008159324635661491,0.012755269055793097,0
2023-02-22,1080.9617919921875,1104.181409716533,1079.2124090771258,1102.34116225432,11024335,1099.423974609375,1075.154718017578,-0.022677896241544704,0.014402170007960164,0
2023-02-23,1075.7816162109375,1088.1639533747034,1072.987170955967,1080.552846029714,9851910,1093.739453125,1074.8127807617188,-0.0047921913795889726,0.014524212379650153,1
2023-02-24,1083.1429443359375,1088.800224148405,1076.0089953829322,1077.8265267799054,9434053,1088.60478515625,1075.8658386230468,0.006842771817320736,0.014288266133243901,0
2023-02-27,1075.9407958984375,1085.8467152410444,1068.6024012348664,1082.3705449963545,11199715,1084.3743408203125,1076.0498596191405,-0.006649305592730914,0.014349260025791124,0
2023-02-28,1055.356689453125,1075.55458156191,1051.3126158801915,1070.6016220746749,21994038,1074.236767578125,1075.3387329101563,-0.019131263099029794,0.013546441923451039,1
2023-03-01,1065.0579833984375,1065.7850199744744,1055.6746563210354,1065.1034156724895,11551145,1071.056005859375,1075.4296081542968,0.009192431376295662,0.011273982024833613,0
2023-03-02,1056.9471435546875,1068.57973034707,1054.925046511839,1061.9228195758385,9333535,1067.289111328125,1075.409161376953,-0.007615397443310634,0.011289682319260414,1
2023-03-03,1083.9154052734375,1087.5733043694927,1063.9902277008234,1067.443561368033,14643807,1067.443603515625,1076.6905578613282,0.025515241592925175,0.01460197738504972,1
2023-03-06,1094.5028076171875,1101.727741256493,1090.5495987349282,1090.5495987349282,10171916,1071.156005859375,1078.9000549316406,0.009767738600485298,0.01471811888365101,1
2023-03-08,1098.433349609375,1099.1831022898905,1083.7336057675889,1094.5027369272827,15782657,1079.771337890625,1081.4321716308593,0.0035911666601793346,0.014501240118418832,0
2023-03-09,1072.0330810546875,1098.2289976932168,1070.1474010143947,1097.8201071650074,16235128,1081.166357421875,1081.5980285644532,-0.024034474703518383,0.01473522802061859,0
2023-03-10,1055.4248046875,1065.1034417835135,1051.9486346812796,1063.967514713159,13334091,1080.8618896484375,1080.8403198242188,-0.015492317038246606,0.015434771048293371,0
2023-03-13,1038.0670166015625,1065.1035499544928,1033.7502288751575,1058.2876262665352,12771592,1071.6922119140625,1079.6554870605469,-0.016446257477411574,0.01573956243077714,0
2023-03-14,1034.181884765625,1047.359288248378,1031.0465769110588,1036.0221323528851,16027522,1059.62802734375,1078.5785705566407,-0.003742659937945758,0.015714692768023134,0
2023-03-15,1016.5057983398438,1044.3375136051593,1012.120862693993,1037.8851690827282,21728555,1043.2425170898437,1075.3739349365235,-0.017091854620705504,0.015506039710699542,0
2023-03-16,1011.4393310546876,1024.207844384365,1000.6701985245504,1019.2095726723304,18363159,1031.1237670898438,1070.6925262451173,-0.004984199099927089,0.014836505155483468,0
2023-03-17,1010.1670532226562,1023.2763079373278,1005.4413153341552,1020.0047033408912,34014213,1022.072216796875,1065.9906677246095,-0.0012578884298524162,0.014850723879754064,0
2023-03-20,1000.238525390625,1008.7584596340856,990.5826039210764,1006.4864851819102,19524589,1014.5065185546875,1060.5617797851562,-0.009828599933404125,0.010505473185928338,1
2023-03-21,1031.3416748046875,1033.2956228733449,1007.3950238049272,1008.281073209008,21400360,1013.9384765625,1057.2742126464843,0.031095732292370615,0.015486660358629546,1
2023-03-22,1034.477294921875,1041.2250703817986,1031.4782836063534,1038.2942074878824,10920094,1017.5327758789062,1053.695849609375,0.0030403310501161407,0.015450407620262797,0
2023-03-23,1021.3906860351562,1031.4327819622354,1019.232292255806,1030.5694484887376,16249370,1019.523046875,1050.7172943115233,-0.01265045540483034,0.014343402505695437,0
2023-03-24,1001.169921875,1022.3902191400674,998.7616507955308,1020.231825565924,12375945,1017.7236206054688,1046.9867095947266,-0.019797286617767584,0.014760649857099864,1
2023-03-27,1016.7330322265624,1024.2078438429432,999.7614322476102,1007.6224783212152,14054323,1021.0225219726562,1043.6662139892578,0.01554492400492391,0.01549288629506262,1
2023-03-28,1021.4815673828124,1025.3439120336418,1016.4831753805086,1020.1183586375284,12576424,1019.0505004882813,1040.9432525634766,0.0046703854460703464,0.015613715509850632,0
2023-03-29,1015.4381103515624,1020.0274916428302,1004.71434981678,1017.391938716083,18804065,1015.2426635742188,1038.9473236083984,-0.005916364253869211,0.014718244506968096,1
2023-03-31,1059.2191162109375,1064.8536804760474,1024.5260415402947,1024.6623383806666,28171201,1022.808349609375,1038.6553802490234,0.04311538577591634,0.01986951947720075,1
2023-04-03,1059.40087890625,1067.375566424132,1051.9260666767912,1065.5580347791372,10293043,1034.454541015625,1038.7780670166017,0.00017160065611609987,0.019826176135533446,0
2023-04-05,1056.856201171875,1066.9210129823457,1048.995215362799,1066.9210129823457,16262928,1042.4791748046875,1037.4251068115234,-0.002401997001363787,0.019344552678309063,1
2023-04-06,1063.9447021484375,1069.6474143387793,1053.3572991214214,1053.3572991214214,18435046,1050.9718017578125,1035.897201538086,0.006707157481502746,0.017204241257562734,0
2023-04-10,1056.4017333984375,1068.0116029231133,1054.902227914822,1067.829873819937,12961408,1059.1645263671876,1033.795620727539,-0.007089624803590211,0.017513304380174493,1
2023-04-11,1061.6273193359375,1063.7402807994256,1056.0383079017138,1060.559540630498,10542367,1059.6461669921875,1033.2753326416016,0.0049465897037950235,0.016717388480514024,1
2023-04-12,1066.3077392578125,1075.9181086673711,1058.7647789480902,1061.6273731304518,18179087,1061.0275390625,1033.8194793701173,0.004408722191515002,0.014494217797898395,1
2023-04-13,1070.3289794921875,1075.0092249147228,1064.194660902681,1069.1929322468409,12378208,1063.7220947265625,1035.4325775146485,0.0037711817014232096,0.01414421464591194,1
2023-04-17,1075.759033203125,1101.8867990924884,1067.3981721567704,1101.8867990924884,17929479,1066.0849609375,1037.5114349365235,0.005073256741598975,0.014142991002150464,0
2023-04-18,1063.4449462890625,1080.0985197030036,1056.9243329412964,1080.0985197030036,10405576,1067.493603515625,1039.8583923339843,-0.011446882186428642,0.014725539098590562,1
2023-04-19,1068.73876953125,1071.4196347028246,1059.7417355351329,1062.8543275704733,12273475,1068.9158935546875,1042.7233642578126,0.004977994639647765,0.006077379330924165,0
2023-04-20,1066.0347900390625,1071.91923046536,1059.6960269180329,1069.692688687604,7007330,1068.8613037109376,1045.5167510986328,-0.0025300658769714657,0.006173235247196445,1
2023-04-21,1067.37548828125,1072.8282030082607,1061.6500596936005,1068.1252410633845,7647317,1068.27060546875,1048.873599243164,0.0012576496139853344,0.006080533514668983,1
2023-04-24,1071.465087890625,1081.8706418346944,1066.9210188410907,1079.1897769115358,12936186,1067.41181640625,1050.8797698974608,0.0038314535552623763,0.005844448501283423,1
2023-04-25,1079.6668701171875,1081.7343994033272,1068.0571198634168,1075.1002048906516,9236126,1070.656201171875,1053.1392486572265,0.007654735855844974,0.005505331733703514,0
2023-04-26,1073.328125,1084.2336751201349,1069.6702254865136,1081.0073822687018,8617834,1071.574072265625,1055.7361206054688,-0.005871019378875131,0.005949358960027865,1
2023-04-27,1080.121337890625,1083.2793621459462,1074.191463763707,1079.1898559504257,9167125,1074.3913818359374,1059.68369140625,0.006329111044793612,0.006096740755597778,1
2023-04-28,1099.86474609375,1101.4098041424304,1082.256973708253,1082.3705544049471,15565210,1080.8892333984375,1063.8402770996095,0.018278879891107325,0.008134446267330368,1
2023-05-02,1109.2025146484375,1111.3609082117491,1103.3180737047812,1106.9986888116582,12981805,1088.43671875,1068.2263244628907,0.008489924409206928,0.008312421308230311,0
2023-05-03,1099.6829833984375,1110.9974233118685,1096.4795270846323,1110.9974233118685,7061872,1092.43994140625,1072.4385681152344,-0.008582320292536694,0.0077883642079859166,1
2023-05-04,1112.360595703125,1114.564421653396,1097.1838117593734,1100.1601065895743,8635233,1100.246435546875,1075.0956420898438,0.011528424551509264,0.008201845069298492,0
2023-05-05,1109.5206298828125,1118.4267984938415,1106.9079133744922,1109.1798878043744,8746585,1106.1262939453125,1077.601629638672,-0.0025530981871192404,0.00820389763037836,1
2023-05-08,1123.2205810546875,1128.5597141757223,1110.6110827431748,1113.2692311404735,9153782,1110.7974609375,1080.9198486328125,0.012347630862277859,0.008529636814060612,1
2023-05-09,1126.69677734375,1129.9912183396398,1119.290114376559,1124.6292481933926,6464721,1114.2963134765625,1084.0574523925782,0.0030948473947995936,0.008545410389807561,1
2023-05-10,1134.4443359375,1135.9211253467272,1127.446563252221,1131.445324841298,10872255,1121.248583984375,1087.9595825195313,0.006876347522725146,0.008522782906638344,0
2023-05-11,1127.0377197265625,1140.3059886325332,1125.333648666361,1135.512161983066,10557860,1124.1840087890625,1091.2301025390625,-0.0065288493902317946,0.008617968482069664,1
2023-05-12,1128.8778076171875,1130.2637323324757,1116.2228762779578,1122.2663301444138,6955341,1128.0554443359374,1094.3586059570312,0.0016326764032985608,0.008660996002079962,1
2023-05-15,1131.1043701171875,1138.056589765274,1123.7885720856236,1131.3998000896129,6833343,1129.6322021484375,1097.3973754882813,0.001972368032196359,0.007177910821693011,0
2023-05-16,1114.9962158203125,1135.8074445597897,1113.3375770795326,1133.2628763872494,8717229,1127.29208984375,1099.3592346191406,-0.014241085723332603,0.008636606441007688,0
2023-05-17,1108.4073486328125,1120.0852459817609,1103.7271032383842,1119.1764803056624,8798967,1122.0846923828126,1101.607354736328,-0.005909317981543594,0.008359310599594,0
2023-05-18,1106.02197265625,1116.4503639599598,1102.8865442699205,1113.0650580248443,10525531,1117.88154296875,1103.4715148925782,-0.002152075209087001,0.007486317133237888,1
2023-05-19,1109.6114501953125,1111.4291017814717,1099.1149119209986,1106.0218196807168,8050447,1114.028271484375,1105.6503479003907,0.0032453944205483864,0.007537971433235609,1
2023-05-22,1115.5413818359375,1120.5397737195674,1105.2494084549478,1106.4534840047638,7434906,1110.915673828125,1108.058642578125,0.005344151450114465,0.006523918049129143,0
2023-05-23,1115.3367919921875,1121.4483940779485,1113.9281511842048,1118.1086413363598,6092034,1110.9837890625,1110.2522277832031,-0.00018339960048208148,0.006394999485455689,0
2023-05-24,1108.8389892578125,1119.630957590089,1105.749113749558,1111.4063935962215,8112254,1111.0701171875,1111.7108337402344,-0.005825866035288563,0.0059003246014995726,0
2023-05-25,1108.7027587890625,1112.8151011277312,1097.84276158454,1105.9537453747698,11487863,1111.6062744140625,1113.4795654296875,-0.00012285865672989615,0.0057312403124821715,1
2023-05-26,1138.94287109375,1140.0787982471202,1113.6102893364032,1116.904610291511,12626260,1117.47255859375,1116.4206420898438,0.027275220580957216,0.010823991395839262,1
2023-05-29,1145.3497314453125,1149.6210865747194,1139.2608448772517,1145.5314605509366,10010304,1123.434228515625,1118.694891357422,0.0056252692862548415,0.010923872197608778,0
2023-05-30,1145.0543212890625,1153.1198717474913,1142.50963326853,1145.3496310598186,11342504,1129.377734375,1120.487481689453,-0.00025792135636792946,0.00951707655036117,0
2023-05-31,1122.3118896484375,1140.4650896335454,1118.2678159183406,1135.9892890678166,27107927,1132.072314453125,1121.6189270019531,-0.019861443442283466,0.011693837930710061,0
2023-06-01,1119.2900390625,1129.1278089205923,1116.904484137778,1126.9694153626442,14592692,1134.1897705078125,1121.965399169922,-0.0026925230088082897,0.011712842737550523,0
2023-06-02,1115.6322021484375,1128.1962696801756,1113.7238061790024,1122.8117036497752,15800644,1129.52763671875,1122.270977783203,-0.0032679973790584738,0.01177079433314399,1
2023-06-05,1125.651611328125,1128.605189788234,1117.1089018534483,1121.0849468212546,10908682,1125.5880126953125,1122.392529296875,0.008980925039984156,0.01198772973366626,1
2023-06-06,1126.60595703125,1130.400153216662,1118.722254852153,1128.4690410109154,7493309,1121.89833984375,1122.38798828125,0.000847816227970366,0.01198116830259262,1
2023-06-07,1135.148681640625,1135.9892989888378,1123.5388113588674,1130.0821412207565,10312545,1124.4656982421875,1122.4232055664063,0.007582708538028893,0.011873487253064316,1
2023-06-08,1135.8302001953125,1143.6458744813403,1131.8997070078417,1138.7156307485393,12071109,1127.77373046875,1122.8628295898438,0.0006003782286057024,0.011858531933716412,0
2023-06-09,1127.787353515625,1139.874261684162,1125.9924180855612,1139.1699412328312,5877018,1130.2047607421875,1122.8083068847657,-0.007081029081903667,0.008329472400634917,1
2023-06-12,1128.787109375,1131.0818000837537,1120.085385478967,1124.8566162073034,6391969,1130.8318603515625,1122.6924438476562,0.0008864755011293024,0.00804357080020714,1
2023-06-13,1145.46337890625,1146.6448585440896,1129.741286337972,1133.7173319025069,11248016,1134.6033447265625,1124.215802001953,0.014773617976983733,0.009549680780221944,1
2023-06-14,1159.549560546875,1160.9809175855808,1143.7138887627082,1145.5314201372407,13277380,1139.4835205078125,1126.7729125976562,0.012297365328322707,0.00721996784945697,1
2023-06-15,1159.8675537109375,1164.4115017392658,1152.1200297754235,1159.5266915036598,11813494,1144.2909912109376,1129.4651916503906,0.0002742385275127379,0.007004435356719642,1
2023-06-16,1171.1595458984375,1173.431520437393,1163.3438717544047,1163.3438717544047,24171579,1152.9654296875,1132.5425964355468,0.009735587612026864,0.00679378912084529,0
2023-06-19,1159.52685546875,1174.1584519189826,1155.3692013285906,1174.1584519189826,6798554,1159.11337890625,1134.7418701171875,-0.009932626575454018,0.00804566988407725,1
2023-06-20,1161.9351806640625,1165.070488566,1151.893084884151,1157.5957972211602,6921096,1162.4077392578124,1137.0717895507812,0.002076989578942534,0.008018506400052182,1
2023-06-21,1165.2069091796875,1167.728761153971,1157.800246036839,1161.889751966922,6961603,1163.539208984375,1139.890185546875,0.0028157582024113115,0.00786402134075312,0
2023-06-22,1152.1202392578125,1169.296404389101,1150.52986917785,1161.4354185434336,7619166,1161.98974609375,1142.0610595703124,-0.011231198355224348,0.009012014135482808,0
2023-06-23,1142.6915283203125,1151.165969570004,1141.441900396204,1149.1211566554268,6628570,1156.296142578125,1142.2484924316407,-0.008183790733139018,0.009134080567394566,0
2023-06-26,1133.9671630859375,1142.9869124040958,1130.8545713330911,1139.1700001634836,12641159,1151.1842041015625,1141.6793640136718,-0.007634925977966556,0.00956937606240322,1
2023-06-27,1134.376220703125,1140.305974461151,1129.92313620631,1134.4216529822015,9689466,1145.672412109375,1141.145458984375,0.0003607314484084245,0.00816252154333604,1
2023-06-28,1149.3939208984375,1153.1881169201986,1135.0122016455275,1141.896393407388,11354006,1142.509814453125,1142.499560546875,0.013238729727606646,0.008335765367607752,1
2023-06-30,1158.8226318359375,1161.7307784588777,1151.1888070463274,1157.0732487107562,11151555,1143.85029296875,1144.4761901855468,0.008203202371324547,0.008817556098425139,1
2023-07-03,1188.562744140625,1191.42545819076,1161.1399194836954,1162.3668312740965,12154387,1153.0245361328125,1148.1227172851563,0.025664076181848294,0.011737840865083273,0
2023-07-04,1176.31689453125,1192.7887391966194,1169.2736896643748,1192.7887391966194,8061643,1161.494482421875,1150.6559814453126,-0.010303073749993064,0.011778577435778446,0
2023-07-05,1174.3856201171875,1185.5183304828597,1170.432411192628,1185.5183304828597,10248062,1169.4963623046874,1153.0449645996093,-0.0016417977358321734,0.011817002107497514,1
2023-07-06,1199.03662109375,1201.6266214253385,1170.546016490242,1170.546016490242,19117987,1179.42490234375,1156.2393615722656,0.02099055076483536,0.013397287890548733,0
2023-07-07,1196.6964111328125,1210.9417123971473,1194.15172307179,1197.332583148068,13375267,1186.999658203125,1159.2826721191407,-0.0019517418565604405,0.012604079362365775,1
2023-07-10,1242.7947998046875,1252.3144236363512,1215.508392547687,1221.8244401255106,33240016,1197.8460693359375,1165.0330444335937,0.038521372875379045,0.015869817389020473,1
2023-07-11,1256.2677001953125,1258.6759714064597,1243.9536302912918,1250.9058502676546,20069348,1213.83623046875,1171.4070739746094,0.010840808468737029,0.014817467238390761,1
2023-07-12,1257.6536865234375,1273.2167658916628,1254.8818367760516,1256.994798295393,18733835,1230.48984375,1177.0165893554688,0.0011032571544340453,0.014763373802158083,0
2023-07-13,1246.4072265625,1271.8533855353082,1243.7945103332902,1264.9920307015198,14682934,1239.96396484375,1181.35947265625,-0.008942414021801515,0.015921463258573923,0
2023-07-14,1245.3621826171875,1254.5409440468316,1238.2735461254954,1249.5879849572364,15124144,1249.697119140625,1185.6342041015625,-0.0008384450306779812,0.01617896761050487,1
2023-07-17,1270.8084716796875,1279.1466167196916,1239.5914489485467,1248.225023984058,22220040,1255.299853515625,1190.616650390625,0.02043284228289588,0.015594834150497587,1
2023-07-18,1281.6002197265625,1289.3249082218797,1269.1270172578058,1280.0325658904894,25867313,1260.366357421875,1196.7203186035156,0.008492033447503822,0.014387561781256884,1
2023-07-19,1291.324462890625,1297.754212251756,1270.9448400838094,1285.9398963552078,39122156,1267.1005126953125,1203.1897827148437,0.007587579195435179,0.013939440566626769,0
2023-07-20,1289.7603759765625,1295.2248684894755,1270.142048583782,1270.142048583782,38717624,1275.771142578125,1209.4174560546876,-0.0012112268906927515,0.013693734759036093,0
2023-07-21,1249.8348388671875,1287.3236821662729,1242.3764929273923,1284.4191411539114,30249238,1276.665673828125,1214.3031860351562,-0.03095577895944024,0.018219190858947916,0
2023-07-24,1224.5548095703125,1238.117785416934,1215.644194653028,1221.4041174807796,23727866,1267.41494140625,1218.3963500976563,-0.020226695968715402,0.01526297329938073,0
2023-07-25,1223.767333984375,1233.3179681079685,1220.9119513502328,1227.8041962368873,12026020,1255.8483642578126,1222.8863586425782,-0.0006430709183313787,0.01466219774610612,1
2023-07-26,1243.65625,1253.8961800235134,1223.3733833366434,1223.3733833366434,12911012,1246.3147216796874,1228.350360107422,0.016252203718226443,0.015815410146297334,0
2023-07-27,1232.087158203125,1249.2931304965796,1226.0072859774648,1247.5209111436616,17226898,1234.780078125,1232.4850219726563,-0.009302483541473006,0.015835885041801053,1
2023-07-28,1244.4686279296875,1251.853175548335,1231.0287272255082,1236.690213733138,20827852,1233.7068359375,1236.7673217773438,0.010049183326137134,0.016220977548169938,1
2023-07-31,1255.00390625,1257.2930680054526,1239.594792375287,1244.468666067682,8551174,1239.7966552734374,1240.0893798828124,0.008465684135275486,0.014940855169176249,0
2023-08-01,1237.25634765625,1259.803857697837,1233.36720054875,1257.8346449464532,9536632,1242.4944580078125,1243.1363525390625,-0.014141436935268481,0.015032103524639408,0
2023-08-02,1224.0380859375,1236.665614699006,1212.8381883521488,1235.2871417271826,12748214,1238.5708251953124,1245.6189758300782,-0.010683527099125012,0.014652099496367433,0
2023-08-03,1218.8935546875,1231.2011357970357,1210.1060138900243,1218.5982448556042,10168350,1235.9321044921876,1246.6118225097657,-0.0042029176290374615,0.014591121304774458,1
2023-08-04,1235.45947265625,1238.6348041373592,1216.776590964359,1230.1672134573323,22885610,1234.1302734375,1248.5499755859375,0.013590947220159189,0.012638557402883,1
2023-08-07,1242.49951171875,1244.7393951840495,1233.2195480808575,1241.0963994857652,5982870,1231.62939453125,1248.5352111816405,0.0056983164711699175,0.010801005813742,0
2023-08-08,1235.0162353515625,1247.7176805176769,1230.5363488514104,1244.5423492739476,9844072,1231.1813720703126,1247.472637939453,-0.006022760006429206,0.011051142690433967,1
2023-08-09,1243.1640625,1245.034838767312,1221.453562693164,1233.145764124846,11486586,1235.0065673828126,1246.7481567382813,0.006597344160514718,0.009932861348681519,1
2023-08-10,1248.702392578125,1255.3731247892665,1234.9179033647526,1243.0409059369183,15470598,1240.9683349609375,1246.8629150390625,0.004455027494108421,0.009441084769838546,1
2023-08-11,1253.969970703125,1259.7300139419374,1236.837916549459,1246.733138146324,22179330,1244.6704345703124,1247.2933044433594,0.004218441604908252,0.009016748773117386,1
2023-08-14,1268.788330078125,1271.274485095857,1243.065489745762,1249.9577340453427,9575812,1249.9281982421876,1247.1922973632813,0.01181715648795878,0.009388079263859607,0
2023-08-16,1267.7545166015625,1271.5207081344915,1255.8654425931288,1255.8654425931288,10203112,1256.4758544921874,1246.5000122070312,-0.0008148037399577923,0.007788588339624737,0
2023-08-17,1249.465576171875,1269.2069834305885,1246.9302626576266,1263.7916479940673,13673744,1257.7361572265625,1244.4070678710937,-0.014426247503116163,0.008543945684115343,1
2023-08-18,1258.7208251953125,1268.960755625946,1234.9671961841154,1246.142454602955,18639978,1259.73984375,1242.8550903320313,0.0074073661571323335,0.008380933255487773,0
2023-08-21,1244.986328125,1262.5000997685252,1242.8371963360953,1254.8424457661688,9221746,1257.943115234375,1242.6126647949218,-0.010911472024133229,0.008601275736452422,0
2023-08-22,1244.68994140625,1253.8544488619668,1234.6115281978846,1243.4548358358238,7713044,1253.1234375,1243.6194213867188,-0.00023806423577066305,0.00842891398937921,1
2023-08-23,1246.0732421875,1256.2752862282496,1243.4795205761563,1247.061326610869,9517952,1248.7871826171875,1244.734716796875,0.001111361741774175,0.008139892199254973,0
2023-08-24,1225.1259765625,1254.8178429548684,1220.778380707161,1254.8178429548684,14140020,1243.9192626953125,1243.808203125,-0.016810621491419542,0.009566988626609221,0
2023-08-25,1219.46923828125,1237.5758385308063,1206.7476503203045,1213.3677682361918,22222400,1236.0689453125,1243.1773071289062,-0.004617270704782461,0.009376306739912086,0
2023-08-28,1207.315673828125,1227.2008731617648,1201.0660879981488,1221.272366528133,12580826,1228.534814453125,1241.3196594238282,-0.009966273909667867,0.009349080899380557,0
2023-08-29,1195.755126953125,1212.107851949824,1189.7277154191993,1211.4162410930337,16876644,1218.7478515625,1238.3572204589843,-0.009575413560518165,0.007693442109435434,0
2023-08-30,1194.6187744140625,1206.9451032694478,1193.1119215700844,1201.5106390304122,12168946,1208.4569580078125,1236.225341796875,-0.0009503221131553774,0.007683633505755789,0
2023-08-31,1189.1595458984375,1198.0523052778192,1185.6517981191516,1197.0642209023324,21638600,1201.263671875,1234.4814147949219,-0.004569849924133895,0.0070762210343935025,1
2023-09-01,1191.9508056640625,1198.3733539411996,1186.5163417372542,1188.937220765019,18112842,1195.7599853515626,1233.13427734375,0.002347254222742734,0.006227404367688963,0
2023-09-04,1190.987548828125,1197.3853714174263,1188.3197691016735,1191.950907028467,9347626,1192.4943603515626,1230.9106811523438,-0.0008081347244870418,0.0060543035642650275,1
2023-09-05,1197.3607177734375,1202.4739821466742,1191.852074903386,1195.582117616625,8675876,1192.815478515625,1228.653741455078,0.005351163369913703,0.00670503379989976,1
2023-09-06,1199.88037109375,1203.560961679848,1194.2236115362405,1196.125722417537,8200370,1193.8677978515625,1226.8969482421876,0.002104339388215415,0.006793423201882253,1
2023-09-07,1201.5106201171875,1204.5983838407617,1191.1357340059783,1196.421961377583,13652572,1196.3380126953125,1224.814276123047,0.001358676300331041,0.005140731593732992,1
2023-09-08,1209.51416015625,1213.3677136631895,1197.039593881822,1205.463038004146,23109288,1199.85068359375,1222.8548645019532,0.006661231207662377,0.0056937561282158,1
2023-09-11,1222.556884765625,1223.668479723262,1211.391482722607,1211.391482722607,13271074,1206.16455078125,1221.2842102050781,0.010783441020392859,0.005764514115418513,0
2023-09-12,1204.89501953125,1226.70693716321,1203.4622246012573,1226.70693716321,16255666,1207.6714111328124,1218.0895446777345,-0.0144466613001496,0.00688062071101726,1
2023-09-13,1210.9222412109375,1216.653058753229,1198.6699696902265,1205.4630504045967,12803338,1209.87978515625,1215.2479309082032,0.005002279519781272,0.006970889355533369,1
2023-09-14,1212.03369140625,1218.209218590467,1207.933117232777,1215.3437498538372,9209636,1211.9843994140624,1213.3763366699218,0.0009178543076400203,0.006659653873514147,1
2023-09-15,1214.28173828125,1219.296218648912,1210.156437431325,1219.296218648912,25468592,1212.9379150390625,1211.1543823242187,0.0018547725949695781,0.006658022720889903,0
2023-09-18,1203.709228515625,1210.8975674516837,1201.535490839137,1205.487828880595,7516300,1209.1683837890625,1209.09052734375,-0.00870680125733403,0.007435243127643185,0
2023-09-20,1176.882568359375,1199.3368826488254,1163.4693709910728,1197.0889665350091,57081884,1203.5658935546876,1205.7001586914062,-0.022286661529821283,0.01027057554359079,0
2023-09-21,1168.3111572265625,1180.8104504919372,1165.9397302621942,1173.3256379048928,12226182,1195.0436767578126,1201.8120544433593,-0.007283149027146663,0.010315596585908965,0
2023-09-22,1163.44482421875,1177.03098669753,1160.9993390957277,1173.8444381665738,19176786,1185.3259033203126,1198.7279968261719,-0.004165271364320988,0.010226714137072667,0
2023-09-25,1156.2811279296875,1166.2854832156668,1153.638074334712,1161.1968240581607,14254884,1173.72578125,1195.5685913085938,-0.00615731501824579,0.009644746020448423,1
2023-09-26,1157.2938232421875,1161.0979239595738,1153.8849803976211,1155.3423807263628,10087782,1164.4427001953125,1193.0674987792968,0.0008758210162205238,0.008324698380356408,1
2023-09-27,1170.3365478515625,1171.7693426359383,1155.3177128519037,1157.7879239120955,11722778,1163.13349609375,1191.7965698242188,0.011270020065289543,0.00916303226991917,0
2023-09-28,1153.1439208984375,1177.3025356797164,1148.648088734931,1177.3025356797164,14518346,1160.100048828125,1189.7228271484375,-0.014690327311990936,0.00939682447759379,1
2023-09-29,1158.529052734375,1170.435518964013,1153.1440405649926,1156.9481416896208,12342014,1159.11689453125,1188.1913024902344,0.004669956402095776,0.00972145182841063,0
2023-10-03,1145.2637939453125,1153.8849261975774,1144.201651539282,1151.0935156022144,8859056,1156.913427734375,1185.856951904297,-0.011450087296260403,0.009671218634063939,0
2023-10-04,1143.2877197265625,1145.683872665596,1133.8763122199225,1140.7434506187417,10286386,1154.11220703125,1183.4719604492188,-0.0017254314937719117,0.009689424456668516,0
2023-10-05,1143.2630615234375,1150.821810414835,1140.743398149127,1145.8073305142325,10953682,1148.697509765625,1180.7670776367188,-2.156780196227448e-05,0.007641581605360357,1
2023-10-06,1145.1898193359375,1148.5493304183171,1142.2502923697696,1144.7205033692,5431026,1147.106689453125,1178.0325500488282,0.0016853144979009915,0.007591918020458499,0
2023-10-09,1135.4324951171875,1142.200849187487,1133.826857954507,1140.2988590719287,7576878,1142.4873779296875,1174.7286437988282,-0.00852026804116024,0.007852228464999847,1
2023-10-10,1140.447021484375,1145.1404226117538,1138.1497733893898,1139.5331157395624,10236032,1141.5240234375,1171.2752868652344,0.0044164020219183975,0.008001514428301333,1
2023-10-11,1158.5537109375,1160.8509589721596,1142.7196339530417,1143.4359710357803,9814118,1144.5772216796875,1168.075128173828,0.01587683523392247,0.00969246632053367,1
2023-10-12,1160.7027587890625,1165.6185754357678,1155.144783740477,1157.9609209243824,12554450,1148.0651611328126,1165.8655151367188,0.0018549401993832593,0.00891878888156863,0
2023-10-13,1160.653564453125,1164.7046870675929,1150.6985400393603,1156.058947078756,10150316,1151.15791015625,1163.3520812988281,-4.2383233403220366e-05,0.0074669580566646045,0
2023-10-16,1158.0596923828125,1163.2471357038708,1154.0826283801794,1158.5290083696575,5929036,1155.683349609375,1160.6533813476562,-0.002234837465505679,0.007375110828618417,1
2023-10-17,1163.5928955078125,1165.791359182136,1156.701030917525,1163.9634271590728,7928180,1160.3125244140624,1158.1189392089843,0.004777994745344127,0.0062843971025873975,0
2023-10-18,1148.1541748046875,1169.3979912920374,1146.672048073012,1163.5929949263082,8918320,1158.2326171875,1155.3411865234375,-0.013268146241462997,0.007833527256042945,0
2023-10-19,1139.33544921875,1147.0672825471008,1136.7911799610206,1142.2256445327594,12032556,1153.9591552734375,1153.4638305664062,-0.0076807851937111815,0.008248471058096573,0
2023-10-20,1135.8525390625,1143.559525479833,1134.4691966955595,1136.2971288231192,8913312,1148.9989501953125,1151.8408996582032,-0.0030569663733699404,0.008257104428034926,0
2023-10-23,1118.116455078125,1139.38499918609,1114.1888431065277,1131.356812199955,7853962,1141.010302734375,1149.574481201172,-0.015614776896139881,0.009241416755647007,0
2023-10-25,1115.5225830078125,1127.0090643806484,1108.1366760976812,1111.6196977984057,11620688,1131.396240234375,1147.536553955078,-0.0023198585965996665,0.009004954089340393,0
2023-10-26,1099.9849853515625,1115.5473150342816,1096.9219477593886,1112.089019549233,15222534,1121.76240234375,1144.6711120605469,-0.013928537075740377,0.00709846698281398,1
2023-10-27,1119.40087890625,1123.204979852311,1104.6536704890177,1106.654565590137,11771084,1117.77548828125,1142.1243286132812,0.017651053253678883,0.009996685117601933,1
2023-10-30,1142.4725341796875,1148.6480613914696,1121.451015427628,1123.4519103673986,16813304,1119.0994873046875,1141.5907592773438,0.020610717490217256,0.012601069645977233,0
2023-10-31,1130.3192138671875,1150.1303563093795,1127.8490026208185,1150.1303563093795,12808438,1121.5400390625,1140.1802673339844,-0.01063773521805167,0.01293089392556617,1
2023-11-01,1135.0125732421875,1144.942870331504,1124.0448598372486,1130.9367248364767,10309190,1125.438037109375,1139.667706298828,0.004152242408533846,0.012894046753036136,1
2023-11-02,1146.2767333984375,1148.302354744411,1140.2247162104195,1143.1889695269997,10562104,1134.69638671875,1139.817156982422,0.009924260243279637,0.012809373334476373,0
2023-11-03,1146.0296630859375,1153.5638066087804,1144.078220526126,1149.7349795725816,8850156,1140.0221435546875,1139.9554870605468,-0.00021554159244552284,0.012532374687999288,1
2023-11-06,1155.564697265625,1156.0587394619763,1148.9445800808262,1152.2546386732256,10647304,1142.640576171875,1140.4742309570313,0.008320058796743801,0.012673422288638872,0
2023-11-07,1148.0552978515625,1155.614167696399,1145.955618484429,1153.1192304428853,6960204,1146.18779296875,1141.10537109375,-0.0064984673137140625,0.011561074780787222,1
2023-11-08,1154.0330810546875,1156.5527444212626,1147.0424324477003,1152.1063647972594,7884494,1149.99189453125,1141.7846740722657,0.00520687741636805,0.011441924515531832,0
2023-11-09,1141.50927734375,1154.0331752710283,1138.3720609954937,1154.0085696526105,14513610,1149.0384033203125,1140.9324523925782,-0.010852205120057579,0.010953434847113726,1
2023-11-10,1143.658203125,1144.3746607841822,1135.333664696756,1139.0389810755562,7734954,1148.564111328125,1140.080224609375,0.001882530281532624,0.009807546482274323,0
2023-11-13,1143.5101318359375,1148.4505538682092,1142.077337077115,1147.610585630105,3854810,1146.1531982421875,1139.2230529785156,-0.0001294716276750707,0.007368877177843966,1
2023-11-15,1164.185791015625,1166.9030232858888,1149.6362714370953,1156.0588204395372,12220648,1149.379296875,1139.5293579101562,0.018080870998923526,0.008255394821682435,1
2023-11-16,1166.285400390625,1172.9302438744137,1159.492320123304,1161.542667627995,13134910,1151.8297607421875,1139.6639831542968,0.0018035002584666504,0.00825197389232236,0
2023-11-17,1163.7412109375,1172.4857343750468,1162.012063114762,1162.4319266451018,7758634,1156.2761474609374,1140.4433349609376,-0.0021814467130196746,0.00796592928301171,0
2023-11-20,1160.67822265625,1165.1492085814864,1154.2802789468988,1160.282964728199,4490186,1159.6801513671876,1141.5104736328126,-0.002632018401051983,0.008061239310234938,1
2023-11-21,1175.2769775390625,1179.7728099438689,1166.0384122376151,1168.9038812090423,8214450,1166.0335205078125,1143.4816955566407,0.012577779610099649,0.008569625215976396,1
2023-11-22,1179.8717041015625,1182.9594682341328,1171.9670279221823,1173.3503703767312,8534814,1169.170703125,1146.5694580078125,0.003909484019776421,0.008077704228203336,1
2023-11-23,1183.4781494140625,1185.7013394254852,1179.8716170501546,1179.8716170501546,8531542,1172.6092529296875,1149.967236328125,0.0030566419212894047,0.00803402850982561,0
2023-11-24,1182.6876220703125,1186.9858858764198,1181.2796741129466,1181.5514214570694,6749486,1176.39853515625,1154.1023681640625,-0.0006679695304399047,0.006677016795274443,1
2023-11-28,1182.9346923828125,1185.5531403805655,1173.4738317237427,1182.6876712625676,13792174,1180.8498291015626,1157.2790588378907,0.00020890580732335629,0.006744645980281187,1
2023-11-29,1186.047119140625,1191.605094048659,1184.7379555197092,1189.6536514263266,12531306,1183.003857421875,1159.4577880859374,0.0026311061615269526,0.00663969281256468,0
2023-11-30,1174.5606689453125,1186.0471507278282,1170.8306260067593,1183.0828973645985,28439984,1181.941650390625,1161.6698608398438,-0.009684649125605738,0.005684609195829919,1
2023-12-01,1182.88525390625,1183.9226701483003,1174.6347733568996,1174.8323419889748,14342842,1181.8230712890625,1164.063494873047,0.007087403129556913,0.006013745106316454,1
2023-12-04,1195.680908203125,1210.403389884879,1185.009669053603,1210.403389884879,15590990,1184.421728515625,1166.5337036132812,0.01081732505720212,0.006529038340357319,1
2023-12-05,1204.351318359375,1205.8828973561333,1196.3971910542705,1204.9688710813314,12693624,1188.7050537109376,1169.4497863769532,0.007251441498116629,0.006373304261726402,1
2023-12-06,1215.8873291015625,1221.7416569101222,1202.9927791973269,1208.9707381739393,16422442,1194.673095703125,1172.46591796875,0.009578609303058094,0.0059677567832229885,0
2023-12-07,1213.886474609375,1215.813191043024,1206.4511149904754,1215.3438750518303,8142096,1202.5382568359375,1175.7574768066406,-0.0016455920250981748,0.006172059167955542,0
2023-12-08,1213.2442626953125,1223.594423771572,1207.9333084760417,1217.2460531905654,10204894,1208.61005859375,1178.718035888672,-0.0005290543452748375,0.0062630659321543216,1
2023-12-11,1215.022705078125,1219.098553135076,1211.5890153738967,1213.367615499601,7066138,1212.47841796875,1182.3937072753906,0.0014658568249574788,0.0061787428700455236,0
2023-12-12,1197.5831298828125,1217.7894094868202,1195.6562927549994,1215.3439244936176,9197124,1211.1247802734374,1185.0899536132813,-0.014353291607164809,0.008215996549097057,1
2023-12-13,1202.4739990234375,1204.647857091804,1188.813780320958,1196.570218805253,10031182,1208.4421142578126,1188.0381469726562,0.004083949596971781,0.008255647976873122,1
2023-12-14,1217.39404296875,1222.7297228698085,1206.7721356331074,1212.379562868232,16972354,1209.1436279296875,1190.6985595703125,0.01240778923904351,0.007906240730767048,1
2023-12-15,1232.931884765625,1235.1056224147617,1220.3090811813895,1224.2366929375116,15932152,1213.08115234375,1194.0308837890625,0.012763198478435323,0.008373051223615305,1
2023-12-18,1245.48046875,1252.3476075388428,1230.6344755328585,1232.9318442845902,14165188,1219.172705078125,1198.1178466796875,0.010177840430138918,0.008319028646174753,1
2023-12-19,1263.809326171875,1271.6150959828576,1247.5552663727806,1262.2777471951172,16820604,1232.4179443359376,1203.2744018554688,0.01471629453994594,0.008942769591714111,0
2023-12-20,1248.518798828125,1283.9417239360823,1244.9864450577063,1270.207325538083,17736722,1241.626904296875,1206.9364929199219,-0.01209876128234122,0.010211029068007811,1
2023-12-21,1266.0079345703125,1271.4176728398502,1244.121839762562,1248.44470925444,13765454,1251.3496826171875,1211.2433044433594,0.014007907416855092,0.010660958243774079,1
2023-12-22,1267.242919921875,1275.07341611771,1258.6465136069178,1264.5504141598008,16541784,1258.2118896484376,1215.43154296875,0.0009754957436201028,0.010596216719548567,1
2023-12-26,1273.66552734375,1280.5326657287192,1266.0819312708138,1268.7003790735205,7465664,1263.8489013671874,1219.9804382324219,0.005068173844893886,0.010545944356283886,1
2023-12-27,1278.0130615234375,1284.4602154795425,1271.2199815487345,1275.6169087042356,9204156,1266.6896484375,1224.734356689453,0.0034134033514703344,0.008201316489218548,1
2023-12-28,1287.2515869140625,1290.4381347546032,1278.0130225533287,1279.4704228166715,12302636,1274.4362060546875,1229.794580078125,0.007228819226317018,0.00815635459145549,0
2023-12-29,1277.074462890625,1291.4264140714613,1274.2831724837226,1289.9937398232034,10864584,1276.64951171875,1234.9202697753906,-0.007906087766289094,0.009098067714018736,1
2024-01-01,1279.6929931640625,1287.8941431135045,1271.244822078984,1274.9008072558752,4030540,1279.1395263671875,1239.7606567382813,0.002050413150937569,0.008681953052425305,1
2024-01-02,1290.2900390625,1291.920402508132,1271.1706293129728,1277.099135940161,7448800,1282.4644287109375,1244.49111328125,0.008280928281271693,0.008545887751880137,0
2024-01-03,1276.25927734375,1301.3071935056118,1273.2455715878027,1289.450180352941,9037536,1282.113671875,1248.0865112304687,-0.010874114574227378,0.008669119460242033,1
2024-01-04,1282.8546142578125,1289.376067708453,1274.184270249419,1278.581197527839,9612778,1281.23427734375,1251.4348754882812,0.00516770928223087,0.007392616807541031,1
2024-01-05,1288.3138427734375,1294.3165279752034,1283.521657474919,1285.9424160498672,8086406,1283.4821533203126,1255.1562438964843,0.004255531729745909,0.006304336555180482,0
2024-01-08,1278.26025390625,1300.2944657165135,1269.1698042070248,1289.450262535967,7734652,1283.19560546875,1258.4070434570312,-0.00780367992130282,0.006999594408498244,0
2024-01-09,1274.8758544921875,1287.8691880410895,1273.2454911635218,1284.509677070214,5403074,1280.1127685546876,1261.3997009277343,-0.002647660680773045,0.006912341796696523,1
2024-01-10,1309.2613525390625,1313.658280108081,1272.1834593214687,1273.146817539874,11102740,1286.71318359375,1266.9836120605469,0.02697164427870624,0.010979036175902599,1
2024-01-11,1343.6961669921875,1346.2651626289091,1312.6702888458758,1313.6583733689065,23725852,1298.881494140625,1274.0447204589843,0.026300947772074146,0.013306876126663456,1
2024-01-12,1354.3919677734375,1356.9609630954171,1329.714583957277,1343.6960023683716,15012164,1312.097119140625,1280.8946166992187,0.007959984588772118,0.012606724590611674,1
2024-01-15,1377.51318359375,1379.8104316098677,1349.723309451493,1358.616069177015,8610594,1331.947705078125,1288.123681640625,0.01707128834965177,0.012977730348898268,0
2024-01-16,1358.2454833984375,1379.662260463631,1354.169635353321,1373.412554424991,9069024,1348.621630859375,1293.7619323730469,-0.013987307290261763,0.014628308850722874,0
2024-01-17,1345.35107421875,1369.7568331827044,1338.8791932605309,1343.30084717423,12197382,1355.8395751953126,1297.8390197753906,-0.009493430559713412,0.0144649057162623,1
2024-01-18,1351.6500244140625,1354.663730119792,1335.1490629645289,1335.2972997496222,10279438,1357.4303466796875,1302.9955810546876,0.004682012239050959,0.014466511223458631,0
2024-01-19,1351.156005859375,1359.6041759840746,1342.8067406703178,1359.6041759840746,10422704,1356.783154296875,1307.2529846191405,-0.00036549294992371806,0.014578053966591094,0
2024-01-23,1312.7442626953125,1355.4048574857818,1306.791150318716,1355.4048574857818,20055420,1343.8293701171874,1309.5280517578126,-0.02842879948539434,0.017695815597815162,1
2024-01-24,1327.8619384765625,1333.4199132911328,1308.1497027138623,1319.314984194113,21919128,1337.7526611328126,1312.2378723144532,0.011516085966515988,0.01777742011022552,1
2024-01-25,1336.9522705078125,1347.895377764627,1319.290261603849,1326.9479158139593,11808872,1336.072900390625,1315.184832763672,0.006845841248886986,0.015962425781208652,1
2024-01-29,1430.7957763671875,1435.192704047216,1343.9678528779282,1348.241269998228,23893438,1351.90205078125,1322.362042236328,0.07019211375715795,0.02612306769934182,0
2024-01-30,1390.852294921875,1442.5784888178382,1387.690473107798,1442.5537625848374,14093978,1359.84130859375,1328.0509338378906,-0.027916969077676157,0.02828924556126102,1
2024-01-31,1409.6258544921875,1417.159997760743,1385.7883192326594,1387.2704457772934,15130226,1379.217626953125,1334.5475769042969,0.013497881578695692,0.02811394000011898,1
2024-02-01,1409.650634765625,1426.1515960154993,1401.1531330404457,1417.9011153905622,13349362,1395.5753662109375,1340.515606689453,1.757932671186957e-05,0.027535716403340422,1
2024-02-02,1440.3306884765625,1457.3258137867138,1416.0980132616144,1416.0980132616144,19652588,1416.2510498046875,1348.7191772460938,0.021764296027886765,0.02760095734203224,0
2024-02-05,1421.878173828125,1452.9781061073709,1414.4675408489986,1443.3442832345067,8814432,1414.467529296875,1355.6703552246095,-0.012811304234553789,0.02832184516101726,0
2024-02-06,1410.7869873046875,1424.6695010773788,1402.9069175392074,1424.6695010773788,9047984,1418.4544677734375,1361.794012451172,-0.007800377506025469,0.028587266632123062,1
2024-02-07,1424.9659423828125,1432.2283386037336,1412.2196294925052,1418.8151411125152,9296568,1421.5224853515624,1369.129296875,0.010050386915755327,0.026117432314650146,1
2024-02-08,1432.845947265625,1442.0845126481563,1410.515263064875,1432.7224367107362,14694634,1426.1615478515625,1377.0278015136719,0.0055299601544409605,0.02611012805311569,1
2024-02-09,1443.34423828125,1454.4354611714164,1433.660963243804,1436.6746688077617,12556798,1426.7642578125,1383.7319458007812,0.007326880489601395,0.026108337574229385,0
2024-02-12,1435.04443359375,1443.591388249664,1425.163589047209,1443.3443671360003,6674430,1429.397509765625,1388.2993591308593,-0.005750398600255946,0.014441545270609394,1
2024-02-13,1447.642333984375,1461.3767303535824,1436.674621997369,1438.1567484987418,7715594,1436.7685791015624,1392.9618774414062,0.008778752835601367,0.01060081184872254,1
2024-02-14,1463.7235107421875,1465.9714268487612,1440.1329959711338,1440.1329959711338,7117888,1444.5200927734375,1397.272393798828,0.011108528937221696,0.010389278154347937,0
2024-02-15,1453.0770263671875,1467.0337197836,1449.050630318146,1465.6751036103208,10006782,1448.56630859375,1402.0139709472655,-0.007273562456888927,0.010927780166349802,0
2024-02-16,1443.17138671875,1459.4007219371786,1441.170612214809,1458.8819534815811,9767498,1448.53173828125,1406.9049865722657,-0.006817009331709256,0.009083625179948549,1
2024-02-19,1456.4364013671875,1461.8708655513933,1436.2053974591388,1444.628841067812,6729828,1452.8101318359375,1412.144305419922,0.009191572650700364,0.008193815628761893,0
2024-02-20,1453.4969482421875,1457.9186020207894,1444.3818933388152,1457.449286031468,7117496,1453.9810546875,1417.2613525390625,-0.002018250245764741,0.00757172229161903,0
2024-02-21,1450.2115478515625,1470.7884795851646,1440.18258683898,1456.4365283424868,12720292,1451.278662109375,1424.134716796875,-0.0022603421318484473,0.0072961100442830865,1
2024-02-22,1464.0941162109375,1467.2559381666686,1440.6271108051608,1450.6561919754165,18493728,1453.482080078125,1430.9463256835938,0.009572788452789194,0.007631199531637316,1
2024-02-23,1475.82763671875,1479.7059164315408,1465.6750448712426,1471.7517883622584,14438584,1460.013330078125,1437.8900939941407,0.008014184592298523,0.007685548084571822,0
2024-02-26,1469.6026611328125,1476.7169415654328,1464.8352018923576,1475.753583346703,7513106,1462.64658203125,1439.8304382324218,-0.004217955695542952,0.0075217307378199665,0
2024-02-27,1467.9476318359375,1482.0771665679397,1460.4382144226488,1465.3539102526263,10826044,1465.53671875,1443.685205078125,-0.0011261746733632894,0.007236316431353174,0
2024-02-28,1438.2803955078125,1473.5056294891751,1432.8953836215212,1465.3292067243185,8647950,1463.15048828125,1445.1179321289062,-0.02021001000629752,0.009110548815012139,1
2024-02-29,1443.393798828125,1461.352161163495,1437.1935448412644,1447.5437052316252,23628976,1459.0104248046875,1446.8050903320313,0.0035552200643791387,0.009019478281184658,1
2024-03-01,1474.345458984375,1482.1266237591103,1445.0734581651325,1446.061542580972,12132926,1458.7139892578125,1448.5058288574219,0.021443669898941753,0.011062199981204607,1
2024-03-04,1489.4384765625,1494.4282305064353,1469.503825173054,1472.7150995331629,10024420,1462.68115234375,1451.8838439941405,0.010237097069856427,0.011140344637392875,0
2024-03-05,1482.3243408203125,1489.4386216961695,1468.3430414288637,1487.832984359659,7107668,1465.556494140625,1455.460711669922,-0.004776387782465696,0.011292216412096219,1
2024-03-06,1485.0908203125,1491.019326581213,1460.8827530485903,1475.6545662551582,7805676,1474.9185791015625,1458.4669555664063,0.0018663118563218006,0.011193253140240908,0
2024-03-07,1461.3028564453125,1485.1897258668157,1457.968071396935,1485.0662153094684,8315726,1478.500390625,1459.8898010253906,-0.016017851259885862,0.012255232923371901,0
2024-03-11,1449.1246337890625,1471.2577496463198,1446.0615961097308,1471.2577496463198,11277130,1473.4562255859375,1460.1788208007813,-0.008333811572690752,0.012138956402319994,1
2024-03-12,1457.844482421875,1470.269595576354,1447.568380480176,1449.1245651727334,9432678,1467.1374267578126,1461.3188232421876,0.006017321374223394,0.012338360654389187,0
2024-03-13,1415.10986328125,1465.4279903850718,1410.7622676768488,1462.142657909758,13522134,1453.69453125,1459.6921997070312,-0.029313565099640226,0.015301688788459507,0
2024-03-14,1414.4180908203125,1431.264978068201,1408.514310659922,1422.545060878272,18571102,1439.5599853515625,1457.2269287109375,-0.0004888471763835334,0.01414340699108722,0
2024-03-15,1401.3260498046875,1416.1473166057365,1396.0645483366263,1408.9589780840722,19223818,1427.5646240234375,1454.6393798828126,-0.00925613232791167,0.014206552938266535,1
2024-03-18,1422.3228759765625,1424.5460660460144,1399.6463855144648,1403.0799549430176,9169392,1422.2042724609375,1453.5969543457031,0.01498354089314291,0.013080761510806118,0
2024-03-19,1408.267333984375,1420.4701525728194,1400.3626585436627,1411.7256294896863,8275764,1412.2888427734374,1451.1885009765624,-0.009882103585331814,0.012252758525567797,1
2024-03-20,1426.546875,1427.7819805194806,1407.056934025752,1410.935092987457,8488806,1414.5762451171875,1449.840997314453,0.012980164045918174,0.013586553136994488,1
2024-03-21,1433.685791015625,1440.5283239841642,1427.460931435626,1435.2173701383908,13006936,1418.42978515625,1449.0147094726562,0.005004333289521323,0.013765601147831399,1
2024-03-22,1437.6875,1442.6031956703118,1430.1039041326171,1432.697625631682,19527608,1425.7020751953125,1447.6943786621093,0.002791203630148509,0.013124715638215531,0
2024-03-26,1424.3978271484375,1435.0939139473653,1421.853557874578,1427.7820647176966,11415906,1426.1170654296875,1445.1228881835937,-0.009243784098813213,0.013180015332067821,1
2024-03-27,1475.061767578125,1482.1265951381042,1429.7581221098912,1430.74620650665,16326644,1439.4759521484375,1445.3958435058594,0.03556867292553645,0.01764459085519553,0
2024-03-28,1468.145263671875,1488.005737098728,1461.0311038405712,1475.0865810929813,21854364,1447.7956298828126,1445.4057250976562,-0.004688958834317858,0.014295756069809134,0
2024-04-01,1467.0830078125,1476.1733358521226,1464.8350917273362,1474.6912092837645,5013880,1454.4750732421876,1446.8458557128906,-0.0007235359372533834,0.014303727363744216,1
2024-04-02,1469.2320556640625,1476.198098955644,1457.424495287533,1466.317254919796,8910166,1460.783984375,1448.1377685546875,0.0014648440750240077,0.013605009119643545,0
2024-04-03,1454.0650634765625,1466.7619246317818,1451.397283687729,1464.4152240453116,7008292,1466.717431640625,1447.1237487792969,-0.010323074649119857,0.01385686489385943,0
2024-04-04,1445.493408203125,1462.117879861305,1432.7223691832353,1462.117879861305,14490272,1460.803759765625,1444.926495361328,-0.005894959922180698,0.013520848050628066,0
2024-04-05,1442.7020263671875,1453.274601948929,1438.6509043996564,1443.467815909923,7442298,1455.7151123046874,1442.945379638672,-0.0019310927466680283,0.01307523760696366,1
2024-04-08,1468.2686767578125,1473.2090987059642,1443.5912932499484,1445.5427357963142,8357118,1455.95224609375,1442.1042724609374,0.017721365828398783,0.014066930036675048,0
2024-04-09,1446.2098388671875,1472.0482715276005,1445.0735176190665,1471.2577557160955,7071414,1451.347802734375,1441.3496215820312,-0.015023706655197921,0.015111589102788972,1
2024-04-10,1461.945068359375,1469.281643980642,1448.8776750369068,1448.8776750369068,9138330,1452.9238037109376,1441.9906433105468,0.010880322529483566,0.014980735953184455,0
2024-04-12,1449.668212890625,1468.76289779902,1445.6416961431237,1458.289226116748,15551012,1453.7587646484376,1441.5818298339843,-0.008397617485400688,0.009830477607614935,0
2024-04-15,1447.3707275390625,1464.4646364315845,1429.0911655763507,1443.591352839028,12902062,1454.6925048828125,1443.194873046875,-0.0015848352961960188,0.009774164057840538,1
2024-04-16,1448.28466796875,1453.645073932083,1433.636365403093,1436.0323976352518,9366184,1450.695703125,1444.888201904297,0.0006314487451610784,0.009793667231252483,0
2024-04-18,1446.876708984375,1468.2934876101954,1441.9610129858208,1446.0615875622616,19005692,1450.8290771484376,1447.1657348632812,-0.0009721562449112042,0.00974894291442149,1
2024-04-19,1452.607666015625,1456.4364932961696,1425.8306012864564,1439.4167626045175,15741778,1448.9615966796875,1448.6799743652343,0.003960915947892163,0.009349074599544021,1
2024-04-22,1462.2166748046875,1465.156201770705,1450.3103301575063,1454.9048261235944,10350362,1451.4712890625,1451.37744140625,0.006615006249704791,0.009318628877435543,0
2024-04-23,1441.9364013671875,1475.7042382593086,1438.2064787775075,1461.3770126451404,14605554,1450.384423828125,1452.1469177246095,-0.013869540531815439,0.010457993494260513,0
2024-04-24,1432.8953857421875,1451.051437133562,1432.2283805059903,1446.0615625184662,10462776,1447.3065673828125,1452.1073974609376,-0.006270051589257086,0.008510440789503823,1
2024-04-25,1442.5784912109375,1450.483166375014,1424.3236561270523,1425.311740522562,15943926,1446.446923828125,1452.3519470214844,0.0067577197645412035,0.007666977182189025,0
2024-04-26,1435.2420654296875,1447.5436681516292,1432.7224019248206,1446.5061312694434,9413848,1442.9738037109375,1452.8941589355468,-0.005085633694074887,0.006698699028363276,1
2024-04-29,1447.568359375,1450.4091019997668,1432.7223672737166,1432.7223672737166,7247974,1440.044140625,1451.5194885253907,0.008588303145659504,0.006993002686906818,1
2024-04-30,1449.5198974609375,1465.403306850403,1445.4440490785064,1450.5079819172845,11474262,1441.56083984375,1450.5882202148437,0.001348149172575308,0.006986376956046681,0
2024-05-02,1449.0751953125,1459.7217080112785,1446.6790424453916,1454.460206935621,14512646,1444.7968017578125,1449.6878295898437,-0.0003067927175173235,0.00698579760969613,0
2024-05-03,1416.9130859375,1457.3750954799905,1399.275802819383,1453.4722101911177,17226958,1439.663720703125,1447.0718811035156,-0.022194920925455608,0.009939216116650006,0
2024-05-06,1402.610595703125,1422.841600588335,1401.1037428015688,1418.3952205864964,7394208,1433.1374267578126,1444.4991577148437,-0.010094119657954703,0.00998908187074851,0
2024-05-07,1384.775634765625,1403.8209867220144,1375.4135586957902,1399.1028593353728,14517472,1420.5788818359374,1441.4632690429687,-0.012715546989404691,0.009690596005715809,1
2024-05-08,1401.647216796875,1415.8755361000522,1380.8479912935145,1380.8479912935145,9439002,1411.004345703125,1439.4105285644532,0.012183621380734033,0.010614045932981996,0
2024-05-09,1377.51318359375,1406.7851843569276,1373.437335386219,1396.163276906998,11009612,1396.691943359375,1434.87275390625,-0.017218336335927287,0.011538552923760909,1
2024-05-10,1390.65478515625,1393.1990543318575,1371.535254832905,1380.106935558881,10505096,1391.440283203125,1432.0950012207031,0.009540091317467692,0.011852672901545321,0
2024-05-13,1385.986083984375,1390.2101693574684,1367.5089520262873,1383.2195197456997,8456620,1388.115380859375,1428.297052001953,-0.003357196352184899,0.011841125598215067,1
2024-05-14,1403.1539306640625,1410.070521585227,1383.342910466477,1384.2815424166113,7188300,1391.7910400390624,1425.971337890625,0.012386738134003483,0.012320450181782794,0
2024-05-15,1399.3994140625,1412.9361236084007,1396.188139403763,1403.574046995701,5046534,1391.3414794921875,1423.572772216797,-0.0026757695784564994,0.012226457044471287,1
2024-05-16,1408.3660888671875,1410.4904944706304,1381.3667306256436,1401.6471872524828,14711774,1397.512060546875,1421.5768432617188,0.006407516477841657,0.012596713878547274,1
2024-05-17,1418.5928955078125,1420.0750222861304,1396.4104463053004,1406.093722836626,10916476,1403.0996826171875,1420.1626525878905,0.007261468961419659,0.010877362543122703,1
2024-05-21,1419.0128173828125,1424.6448506468714,1408.6132041549797,1408.6132041549797,11176128,1409.705029296875,1418.48291015625,0.00029601295504133596,0.010266899395265096,1
2024-05-22,1443.2454833984375,1451.2736690394956,1419.1609264752628,1419.1609264752628,10281604,1417.72333984375,1417.5343505859375,0.017077129761462695,0.01009794453572289,1
2024-05-23,1468.3428955078125,1474.4442444107417,1437.6628261266358,1441.1705740518107,14608260,1431.5120361328125,1418.8546752929688,0.01738956566853589,0.010673619560899862,0
2024-05-24,1462.6119384765625,1470.7636348065282,1458.5113640783345,1465.9467233388211,7094776,1442.3612060546875,1420.3405029296875,-0.0039030100181525196,0.008171212179726545,0
2024-05-27,1448.77880859375,1467.2066075031105,1444.134859977049,1462.587264504762,6629010,1448.398388671875,1420.6505187988282,-0.009457826453420637,0.009385828232053839,0
2024-05-28,1438.8485107421875,1460.8828419616084,1435.4396676765143,1450.5079553599196,7820162,1452.36552734375,1420.8308410644531,-0.006854253936252164,0.009754223563306689,0
2024-05-29,1423.607421875,1440.6271526936466,1421.310053120064,1429.264181324664,7383556,1448.4379150390625,1419.632794189453,-0.01059255978193685,0.01020119774494893,0
2024-05-30,1407.8720703125,1423.2368313836507,1403.178669288835,1418.395193572925,13206858,1436.34375,1417.5504028320313,-0.011053153643843294,0.010901680867951643,1
2024-05-31,1413.35595703125,1425.0647331073133,1405.3030450073677,1414.245257118902,31069832,1426.4925537109375,1415.7644409179688,0.003895159819125249,0.01078273467977079,1
2024-06-03,1492.32861328125,1496.453914146619,1441.6152266357983,1465.3292536675044,21527942,1435.2025146484375,1419.5352172851562,0.055875984996647254,0.02065592524287598,0
2024-06-04,1380.625732421875,1480.199967601411,1343.1032493273078,1480.199967601411,36709098,1423.557958984375,1418.4359741210938,-0.07485139657931561,0.03277801516163896,1
2024-06-05,1403.8209228515625,1414.0970248192752,1367.6076051704213,1405.0560283617258,17464890,1419.6006591796875,1419.3882385253905,0.016800491172215715,0.032760005318508735,1
2024-06-06,1414.5416259765625,1426.4974232883103,1404.4137607114592,1417.9011371144834,17855722,1420.9345703125,1420.032958984375,0.007636802494169315,0.0322507478550486,1
2024-06-07,1452.4345703125,1454.4601915157414,1409.5023527154926,1411.478521453965,18558696,1428.75029296875,1423.7790283203126,0.02678814369268001,0.033613305383593514,1
2024-06-10,1453.867431640625,1475.5558362929214,1450.5819785928986,1452.4346368701142,9251760,1421.058056640625,1426.9396606445312,0.000986523838947706,0.03345492704967823,0
2024-06-11,1439.3179931640625,1456.1154291491666,1437.3418242246385,1451.4960860069511,11774902,1432.7965087890625,1429.6062561035155,-0.010007403811325588,0.0335504691621244,1
2024-06-12,1445.8885498046875,1458.41256776401,1437.835758473946,1440.1330064471847,10081742,1441.2100341796875,1431.742987060547,0.004565048635417179,0.03333293232252647,1
2024-06-13,1447.790771484375,1454.7073627830548,1442.7021123343332,1454.4603416652449,9181160,1447.85986328125,1434.1625549316407,0.0013156074027589337,0.03302014627547102,1
2024-06-14,1459.9442138671875,1462.0438933040557,1439.8613252368543,1452.48412809224,8157998,1449.3617919921876,1436.7414611816407,0.008394474272240382,0.03305977943314209,1
2024-06-18,1463.3778076171875,1469.6768460329972,1453.8180422457062,1469.627393563817,7196766,1451.2638671875,1438.9807067871093,0.00235186640515872,0.02755789916832081,0
2024-06-19,1441.2694091796875,1469.7756214798555,1438.650961260282,1469.7756214798555,8725874,1451.654150390625,1440.0935363769531,-0.015107785783289307,0.011995094479918979,1
2024-06-20,1456.1400146484375,1465.181011544537,1432.8212456085912,1441.6152213906755,16113776,1453.704443359375,1440.738262939453,0.010317713936087491,0.011409679084963837,0
2024-06-21,1436.872314453125,1457.128045050937,1423.4096642387256,1456.0659025463858,31170360,1451.520751953125,1439.1647338867188,-0.013232038129220913,0.012473427234331692,0
2024-06-24,1424.2989501953125,1432.2283517054532,1420.3713387903338,1428.3007403004744,8878386,1444.39169921875,1437.2490844726562,-0.00875050909627828,0.009124530426809194,1
2024-06-25,1436.822998046875,1438.576872033328,1423.8296636688654,1425.8058325289194,7045386,1439.0807373046875,1436.6512939453125,0.008793131420791411,0.009715338335581032,1
2024-06-26,1495.9844970703125,1500.875466568816,1427.905458276952,1428.819484586685,22014882,1450.0237548828125,1439.5080932617188,0.04117521720062789,0.015982839197801243,1
2024-06-27,1512.312744140625,1519.1798830077462,1488.0552219900264,1495.7128766848623,28383030,1461.25830078125,1443.943359375,0.010914716764972576,0.01613397954878932,1
2024-06-28,1546.7474365234375,1562.1615299634889,1512.782033239127,1512.782033239127,28957336,1483.2333251953125,1450.8871276855468,0.02276955776259104,0.01704675385365621,0
2024-07-01,1541.5599365234375,1560.5805616644209,1537.138282854078,1543.9066370278445,7724306,1506.6855224609376,1457.2973266601562,-0.0033538119265674737,0.017324368567438162,1
2024-07-02,1546.5250244140625,1554.750778666898,1538.4473863262538,1550.798441129772,7749246,1528.625927734375,1460.007147216797,0.0032208205292505454,0.017308506333994677,0
2024-07-03,1533.927001953125,1556.2329594590622,1524.391963189475,1547.661278880494,9049620,1536.2144287109375,1467.6722106933594,-0.008146019147482364,0.01650088700957088,1
2024-07-04,1535.5079345703125,1548.822348177101,1532.321386398175,1538.447461634288,6837176,1540.853466796875,1474.2565612792969,0.0010306439714371507,0.016515410535387416,1
2024-07-05,1569.695556640625,1579.4528899457323,1529.5546284867023,1535.3101717849263,12269710,1545.4430908203126,1482.0142578125,0.022264699061864013,0.015857345299941573,1
2024-07-08,1581.8243408203125,1589.6302317071045,1563.6682899618515,1570.0661123316786,9500806,1553.4959716796875,1488.4837463378906,0.00772683857603873,0.014616419324384098,0
2024-07-09,1571.3260498046875,1581.429189356112,1561.6675000170792,1578.5637202787966,6960002,1558.4561767578125,1494.3566772460938,-0.006636824800774432,0.015613433825906534,0
2024-07-10,1565.3480224609375,1578.4648673124634,1544.5241914718106,1575.9946562525065,7134578,1564.740380859375,1500.6581787109376,-0.0038044474248314364,0.01120066816103015,0
2024-07-11,1561.815673828125,1585.1344421846698,1551.786592769845,1568.5840280306456,11940946,1570.0019287109376,1506.4545349121095,-0.00225658996090794,0.011149724103706378,1
2024-07-12,1577.6990966796875,1586.023756297877,1555.7389442164904,1565.619788574804,12924784,1571.60263671875,1512.949951171875,0.010169844699170483,0.009253446280827252,1
2024-07-15,1578.1932373046875,1586.7154660951303,1566.607970695329,1585.332123675554,5329688,1570.876416015625,1518.86240234375,0.00031320333898898767,0.00908794011065554,0
2024-07-16,1557.4681396484375,1580.9351457176842,1550.4280378276635,1574.5125966882065,9386838,1568.104833984375,1523.5669189453124,-0.013132167320425991,0.010310528464549168,1
2024-07-18,1567.7689208984375,1574.9078068261192,1539.2625884242743,1557.2210712967385,12298374,1568.589013671875,1529.89189453125,0.006613799016347954,0.009945052330698539,0
2024-07-19,1536.6195068359375,1571.0294984478237,1534.297532576701,1567.1018870092746,13140390,1563.5497802734376,1533.915869140625,-0.019868625820602004,0.012171567375180981,0
2024-07-22,1482.793701171875,1519.1798633102128,1481.4103587992008,1518.9328421942273,19674376,1544.568701171875,1536.2119384765624,-0.03502871428132237,0.0139534480714357,0
2024-07-23,1470.1707763671875,1487.8080584659276,1445.5674511277782,1483.1146576505776,18052044,1522.964208984375,1538.5055297851563,-0.00851293392648711,0.013153405914359947,1
2024-07-24,1477.8778076171875,1491.5134207568017,1458.8078508242754,1467.3053526491226,11913362,1507.046142578125,1540.5582702636718,0.005242269383863185,0.013734915864287826,0
2024-07-25,1474.6173095703125,1482.5960435405543,1459.474842467878,1463.353122317903,12519876,1488.4158203125,1539.4899108886718,-0.0022062027253335614,0.013772890987404326,1
2024-07-26,1491.044189453125,1494.4037007697482,1472.59166375446,1474.6172851615388,9859940,1479.3007568359376,1538.4264831542969,0.011139757940044293,0.01477787713902786,1
2024-07-29,1501.987060546875,1509.2989091727318,1493.7613062276428,1493.9341486268256,7538550,1483.1394287109374,1536.1884643554688,0.007339065583135795,0.014489367528123189,0
2024-07-30,1495.1199951171875,1506.8287716127938,1492.0075050067665,1498.9488223237445,8228208,1488.1292724609375,1533.8664672851562,-0.0045719870763648585,0.014379376957739854,0
2024-07-31,1487.4869384765625,1492.4519658681731,1483.262853735488,1486.0788700242824,10057346,1490.0510986328125,1530.9145629882812,-0.005105313731040506,0.014115111922890349,1
2024-08-01,1497.2445068359375,1499.9122867676688,1486.3755772216791,1493.983779705346,10764222,1494.5765380859375,1529.0804382324218,0.006559767421802309,0.014110396248328803,0
2024-08-02,1481.459716796875,1491.3405616106625,1475.4818780540024,1487.067144475012,10268248,1492.6596435546876,1526.37802734375,-0.010542559994038525,0.01326471491188877,0
2024-08-05,1430.079345703125,1466.2186085334113,1416.1721046606897,1462.3650548737628,17046704,1478.2781005859374,1519.397216796875,-0.0346822600109854,0.01317355541254682,1
2024-08-06,1438.7003173828125,1459.8946792000177,1434.0315221699125,1437.8110173129378,10236186,1466.9941650390624,1512.241015625,0.006028317034009634,0.013364079304451675,1
2024-08-07,1447.3707275390625,1454.954323788822,1444.0853950542364,1451.4960282823629,8174568,1458.9709228515626,1506.0432495117188,0.0060265574779483355,0.01341403303925515,0
2024-08-08,1431.8577880859375,1447.5436277380477,1428.6959662921352,1440.1577210643811,12387192,1445.8935791015624,1499.3687377929687,-0.010718013814954852,0.013695568626708359,1
2024-08-09,1456.73291015625,1458.9066476361847,1438.6509170052725,1442.603254689353,6249776,1440.9482177734376,1494.114599609375,0.01737262057537481,0.014520127192535,0
2024-08-12,1443.2208251953125,1455.4483700557605,1440.3800824499558,1452.484116756258,8184584,1443.576513671875,1487.3906860351562,-0.009275609047294853,0.01425169102275546,1
2024-08-13,1446.1851806640625,1452.5582774619256,1440.627205334839,1443.344437718015,6265064,1445.073486328125,1480.790283203125,0.0020539860685206968,0.01437004223401583,0
2024-08-14,1444.43115234375,1454.460233101401,1436.3782403810735,1446.1109681889411,6267466,1444.4855712890626,1475.1384338378907,-0.0012128656438776808,0.014366265737452739,1
2024-08-16,1460.58642578125,1462.7602840003062,1440.676620060605,1451.1502913945535,9416902,1450.231298828125,1469.7793090820312,0.01118452299459638,0.01477118030455688,1
2024-08-19,1475.65625,1485.47150978375,1467.823866090739,1469.8067419652286,13797742,1454.015966796875,1466.7311462402345,0.01031765320610134,0.014961555617394845,1
2024-08-20,1483.1416015625,1491.0484162933285,1477.2674041310693,1484.4057091952604,8411808,1462.0001220703125,1466.7485412597657,0.005072557760318563,0.008835274764829112,1
2024-08-21,1485.8433837890625,1494.964564922092,1477.2426107826689,1480.464784262564,7769996,1469.9317626953125,1467.5321716308595,0.001821661683359288,0.008811418044256395,0
2024-08-22,1485.2979736328125,1493.6012664349316,1477.8869991875908,1490.1312336221058,10445782,1478.105126953125,1467.9031799316406,-0.0003670710938989963,0.008820675356441354,1
2024-08-23,1487.1322021484375,1498.3849993365056,1485.5955458508122,1490.8749048344312,9249654,1483.4142822265626,1468.5289245605468,0.001234922923336823,0.00752661339619505,1
2024-08-26,1499.649169921875,1509.9601498448217,1490.1313888488291,1494.0723308917522,8816114,1488.2128662109376,1468.9591735839845,0.008416849393318548,0.0061399453580649665,0
2024-08-27,1487.6031494140625,1500.516654009415,1486.6117113802566,1497.5671500638723,6251156,1489.10517578125,1468.2399780273438,-0.008032559047420396,0.005872250430315869,0
2024-08-28,1485.4716796875,1494.568051187052,1480.2170096090344,1492.1142662167426,9610286,1489.0308349609375,1467.7575622558593,-0.0014328214668017925,0.006039044957399966,1
2024-08-29,1507.90283203125,1523.8401488737277,1481.2083164719252,1490.2303777286736,38335358,1493.551806640625,1468.7783569335938,0.015100356775882062,0.006992595156289362,0
2024-08-30,1496.6995849609375,1526.5418444404818,1490.4534771750382,1520.865886117465,41620730,1495.465283203125,1468.7511108398437,-0.00742968766443719,0.007429552143932346,1
2024-09-02,1503.2679443359375,1513.7276641806195,1493.725353098191,1497.9389648135596,11240852,1496.1890380859375,1469.8415222167969,0.0043885623013462105,0.006955143761198276,0
2024-09-03,1496.203857421875,1509.9600595401412,1494.5927706873033,1508.2250430567562,10923800,1497.9091796875,1473.1477478027343,-0.004699153561198988,0.007140317541047163,1
2024-09-04,1501.5823974609375,1504.50709100704,1486.661207884716,1487.850885016148,11983304,1501.1313232421876,1476.2918518066406,0.0035947909186186955,0.007187604100897384,0
2024-09-05,1480.192138671875,1512.7113538076746,1474.3179410781215,1506.0439573959177,16264168,1495.5891845703125,1477.9329223632812,-0.014245144871990911,0.008681968490019235,0
2024-09-06,1452.2830810546875,1484.182646260627,1449.110527949692,1479.721175380084,19394228,1486.7058837890625,1478.9541870117187,-0.01885502353919355,0.010432556419558571,0
2024-09-09,1449.928466796875,1457.3395627288749,1443.1371406451965,1453.943839140462,9010298,1476.03798828125,1478.61396484375,-0.0016213190723826099,0.009745017097784458,0
2024-09-10,1449.011474609375,1459.446383962114,1445.0952218200862,1447.995226435091,10768260,1466.59951171875,1478.903497314453,-0.000632439605469437,0.00962793490647305,0
2024-09-11,1439.072265625,1456.1745712275017,1435.1561339115874,1450.5234230036904,9760202,1454.0974853515625,1478.5478515625,-0.006859303158420094,0.009708480385922738,1
2024-09-12,1467.1298828125,1473.2767495080643,1433.495302957586,1444.5250498204912,22349376,1451.4850341796875,1479.6827880859375,0.01949701752838262,0.010676857944063407,0
2024-09-13,1460.016357421875,1470.451266381587,1456.918113729867,1463.7590600068495,8711328,1453.031689453125,1479.6542846679688,-0.004848599618861527,0.010580204791482146,0
2024-09-16,1458.7523193359375,1468.2206009201684,1452.2088525514882,1464.8993077290231,5481774,1454.7964599609375,1478.8090881347657,-0.000865769811079109,0.010331613824587263,1
2024-09-17,1459.6942138671875,1464.824832895271,1454.0677548146175,1461.3796100548857,5935328,1456.9330078125,1477.63671875,0.0006456850273792725,0.010369454263575247,0
2024-09-18,1450.9197998046875,1469.3110219373734,1448.0447266088618,1457.413766699014,8574714,1459.3025146484374,1475.8905395507813,-0.006011131632325806,0.010193900055803744,1
2024-09-19,1457.0916748046875,1463.858190669141,1443.0876132109174,1453.6959512825115,16955902,1457.294873046875,1474.480224609375,0.00425376716261705,0.009667975461632165,1
2024-09-20,1473.2025146484375,1482.1997658201983,1458.7770437683578,1461.3795684407844,30897320,1459.9321044921876,1473.783740234375,0.011056847089535138,0.008232798737352012,1
2024-09-23,1480.5887451171875,1488.64417898616,1476.2015834923338,1478.2340798324108,8832314,1464.2993896484375,1472.8307189941406,0.005013723772059109,0.00822410578017148,0
2024-09-24,1476.6229248046875,1487.6526722077606,1475.1357678514642,1475.7554165819738,17137444,1467.6851318359375,1472.2817077636719,-0.0026785427929117978,0.008325163035698689,1
2024-09-25,1481.15869140625,1483.6869066134093,1467.5264194610884,1471.1948125268714,7069002,1473.73291015625,1472.0660583496094,0.0030717162285438526,0.007732726209501765,1
2024-09-26,1485.12451171875,1491.122760061236,1475.309372285805,1477.8870868947113,18818998,1479.3394775390625,1470.9271423339844,0.00267751209611089,0.005108898407696249,1
2024-09-27,1513.10791015625,1520.345334807694,1479.225468721031,1486.1655345930462,20597478,1487.320556640625,1471.74755859375,0.01884245948180774,0.007086436634288941,0
2024-09-30,1463.9324951171875,1511.9181178232873,1461.7761901136828,1506.3908994638518,27008814,1483.989306640625,1469.7807861328124,-0.03249960872518631,0.013479064337244853,0
2024-10-01,1452.2830810546875,1475.2100841908111,1450.3002051077794,1467.9726595996829,16431642,1479.121337890625,1467.5847473144531,-0.007957616967555259,0.013736387686232676,0
2024-10-03,1394.928466796875,1436.9902726871703,1390.070396353704,1424.275007622252,37757294,1461.87529296875,1462.25205078125,-0.03949272356471989,0.01850316384340466,0
2024-10-04,1374.653564453125,1405.2145916660445,1369.9442340651565,1391.9046094477658,37072876,1439.781103515625,1456.9751220703124,-0.01453472549048096,0.018551593329101945,0
2024-10-07,1358.98876953125,1384.5431070803495,1349.7188488374588,1381.568793209071,22181340,1408.957275390625,1452.3104064941406,-0.011395449244047784,0.017641274569517355,1
2024-10-08,1385.3857421875,1389.004514771482,1353.411869524131,1361.2194430814652,17020808,1393.2479248046875,1449.083270263672,0.01942398145450097,0.019321451933155237,0
2024-10-09,1362.8306884765625,1388.979866453412,1360.74869282372,1385.5594536683957,14310610,1375.3574462890624,1444.7742309570312,-0.016280702929224233,0.01950403526904742,0
2024-10-10,1359.31103515625,1374.132983939481,1357.699948504806,1368.209166456891,22358646,1368.2339599609375,1440.7861694335938,-0.0025826049780599547,0.019233455327773458,1
2024-10-11,1360.35205078125,1371.4314188021033,1357.1050671377104,1358.2700551936466,7980122,1365.3736572265625,1435.4472778320312,0.0007658406340240731,0.019120509094296332,1
2024-10-14,1360.7734375,1368.2587216327886,1356.5350159311083,1367.6390728953818,12221432,1365.7305908203125,1430.4851318359374,0.0003097629900348231,0.016942270132177393,0
2024-10-15,1332.5174560546875,1359.9554295521657,1329.2208521541709,1346.8933067731043,33762794,1355.15693359375,1424.173388671875,-0.020764648005787145,0.015596293198586611,1
2024-10-16,1342.4814453125,1352.3215164873243,1326.1723376036346,1328.527003000744,20034438,1351.0870849609375,1418.3127502441407,0.0074775675264426855,0.016477403567586233,1
2024-10-17,1344.811279296875,1356.7332239102464,1340.4737382347969,1354.0067695283683,15543660,1348.1871337890625,1413.00732421875,0.0017354682945600608,0.012258446437908695,1
2024-10-18,1347.66162109375,1356.70849216764,1329.840427555484,1340.5976258716714,12082452,1345.6490478515625,1407.535821533203,0.0021195106263276475,0.011725182871835972,1
2024-10-21,1357.4769287109375,1362.2358797577067,1346.1002013000875,1355.4197431686716,14067408,1344.98974609375,1401.7495422363281,0.007283213726322124,0.011534067320100464,0
2024-10-22,1331.84814453125,1364.2186177698431,1328.749900940748,1357.4767913068545,15831960,1344.8558837890625,1394.3125122070312,-0.018879719896252367,0.010676145879005814,0
2024-10-23,1327.064453125,1345.8521531156357,1323.5696102860716,1326.048205061888,17214742,1341.7724853515624,1386.8345886230468,-0.003591769396453004,0.009752873959315126,1
2024-10-24,1328.3287353515625,1332.1952468902052,1311.796457612685,1323.8424540123256,22155934,1338.4759765625,1379.1930908203126,0.000952690898761821,0.00981794556842204,0
2024-10-25,1316.4808349609375,1332.8395608533488,1310.6809472586556,1331.996862815434,18597496,1332.2398193359375,1370.7609069824218,-0.008919403815719762,0.009963017083642854,1
2024-10-28,1322.9251708984375,1341.4155124030335,1310.7800563182918,1325.552505604476,10824350,1325.3294677734375,1361.2517700195312,0.004895123245520772,0.010245431202982965,1
2024-10-29,1328.52685546875,1331.6994085045892,1308.995576227512,1316.728719636798,12008361,1324.6652099609375,1354.4814880371093,0.004234317022260736,0.008215418128998685,1
2024-10-30,1332.3935546875,1338.4413022928309,1314.0023313459362,1323.569732267355,11984423,1325.7310302734375,1348.48701171875,0.0029105164135998507,0.007855990877870204,0
2024-10-31,1320.64501953125,1331.501217083263,1314.7955112005386,1328.526903121052,9331650,1324.194287109375,1344.7728393554687,-0.008817616322833066,0.008190291620798922,1
2024-11-01,1327.1884765625,1330.4601492824747,1321.5868277686543,1321.636448077728,2127335,1326.3358154296875,1342.3995849609375,0.004954743276563756,0.008387040734468871,0
2024-11-04,1291.0009765625,1328.52687951389,1274.0969107675833,1326.3952636738204,19796890,1319.9509765625,1339.0001953125,-0.027266285564600312,0.011058554175789199,1
2024-11-05,1294.1240234375,1298.337634786513,1275.1379622128013,1281.9292880644173,16267479,1313.07041015625,1334.437109375,0.0024190894752966763,0.010086535439107031,1
2024-11-06,1314.0023193359375,1316.9271340293028,1289.0676296160968,1298.7837703539942,21625209,1309.3921630859375,1331.9956909179687,0.015360425692149793,0.011593896103270676,0
2024-11-07,1294.4710693359375,1312.66393271805,1291.4471349781516,1312.66393271805,9611974,1304.157373046875,1328.7536926269531,-0.014863938756113138,0.01236228154087711,0
2024-11-08,1272.7584228515625,1290.505185727704,1264.0833410989228,1286.5394340693545,19814406,1293.2713623046875,1324.3740112304688,-0.016773373309542983,0.013045390291663472,0
2024-11-11,1261.802978515625,1274.9891511168566,1256.151830843746,1267.9994654475693,9056552,1287.4317626953125,1319.42548828125,-0.008607638448302146,0.012800006626512475,1
2024-11-12,1263.33984375,1278.2610337323058,1256.6476373969983,1264.6287615317467,10671091,1281.2749267578124,1315.9666076660155,0.0012179914460044294,0.012601517753093587,0
2024-11-13,1241.3299560546875,1264.5295076822267,1238.8017408266169,1259.374078659472,14633633,1266.7404541015626,1310.909033203125,-0.017421984911027644,0.01283114174510593,1
2024-11-14,1256.746826171875,1261.7040163358736,1240.38809863068,1242.866693712679,12612633,1259.19560546875,1306.505810546875,0.012419639147505102,0.014179816837106405,0
2024-11-18,1249.9554443359375,1262.0014401044657,1233.24973843027,1256.7467703539512,13620611,1254.635009765625,1301.6205017089844,-0.0054039379248916886,0.013755489470103544,0
2024-11-19,1231.0189208984375,1270.5276979121372,1224.5745744010292,1249.9553610165642,14183746,1248.4781982421875,1295.2976013183593,-0.015149758756049403,0.012097228509649362,0
2024-11-21,1212.5286865234375,1233.299264427905,1206.827917964558,1231.0190296194417,19433843,1238.315966796875,1289.3316284179687,-0.015020268219358646,0.01221649719936328,1
2024-11-22,1254.5655517578125,1257.985964127004,1211.983221035894,1218.8737871048172,20471957,1240.9630859375,1285.7066833496094,0.034668759346967004,0.016733096646035357,1
2024-11-25,1275.9805908203125,1293.2811339485756,1271.4694999174592,1278.9549045518283,28923341,1244.8098388671874,1283.0892761230468,0.01706968522489305,0.01756073557762468,1
2024-11-26,1284.606201171875,1286.737817131633,1273.2046638791437,1283.8626226527838,9247557,1251.739990234375,1281.4955444335938,0.006759985546502145,0.01681789809097453,0
2024-11-27,1282.1275634765625,1292.6864023015985,1274.9892583407009,1282.4250432843671,9572746,1261.96171875,1279.4556640625,-0.0019294922389845315,0.01652163404803134,0
2024-11-28,1259.91943359375,1285.4984608667178,1258.184417128475,1278.905374093644,15027412,1271.4398681640625,1276.02529296875,-0.01732131069906484,0.01758998397199713,1
2024-11-29,1281.1361083984375,1288.3736540571424,1264.3312830599236,1269.040613461441,13202307,1276.7539794921875,1273.462420654297,0.016839707555085237,0.017180209057814404,1
2024-12-02,1297.941162109375,1300.1222774340952,1266.1160245478172,1276.9722229086012,11024152,1281.14609375,1272.3272277832032,0.013117305492189812,0.017222751722393716,1
2024-12-03,1311.9698486328125,1315.4398813546288,1295.8093621182986,1305.7237413234882,16869482,1286.6188232421875,1271.5662963867187,0.010808414844197145,0.01706815542232065,0
2024-12-04,1297.74267578125,1317.0262168141671,1292.884726573221,1314.6467414933138,19608540,1289.741845703125,1271.9033813476562,-0.010844130958031162,0.01655026821876491,1
2024-12-05,1310.7305908203125,1318.5628538088615,1294.966703202915,1303.096445986659,16858723,1299.9040771484374,1272.733709716797,0.010008081942164404,0.014929700132867929,0
2024-12-06,1300.3204345703125,1312.5646685095264,1298.783657405313,1312.5646685095264,9037514,1303.7409423828126,1272.0496154785155,-0.007942254741674204,0.012294590961442897,0
2024-12-09,1284.0609130859375,1303.7409326166044,1282.0284168341586,1291.8436769577456,14650002,1300.964892578125,1271.5291076660155,-0.012504242071492144,0.012266543922878589,0
2024-12-10,1273.8489990234375,1283.812998621138,1269.238788448007,1278.2113501165884,16043729,1293.34072265625,1271.5836364746094,-0.007952826815636138,0.01234094742636514,0
2024-12-11,1267.2559814453125,1278.9549980546296,1265.1244866020038,1273.9978081396894,11724373,1287.2433837890626,1271.8562866210937,-0.005175666490439101,0.012417233054393878,0
2024-12-12,1252.0870361328125,1267.25596445406,1249.8066803924569,1259.1262215126185,20906813,1275.5146728515624,1271.2936462402345,-0.011969914156727657,0.01173699780024969,1
2024-12-13,1261.951904296875,1264.281759521455,1228.986588963027,1249.2119494931856,28630222,1267.840966796875,1272.3247436523438,0.007878739959269243,0.010542078894801807,0
2024-12-16,1257.44091796875,1270.0321327010022,1255.7059013940218,1264.0835044447913,9486781,1262.5169677734375,1272.3594482421875,-0.0035746103419356245,0.009215982845446806,0
2024-12-17,1234.6376953125,1253.078416496042,1232.1591005022085,1250.2528426173371,17462791,1254.67470703125,1271.5935607910155,-0.018134627504476253,0.00889245245087736,1
2024-12-18,1242.5196533203125,1249.162239402372,1230.027558928225,1230.027558928225,12670179,1249.72744140625,1272.1685974121094,0.006384025076941802,0.009502207430278192,0
2024-12-19,1219.914794921875,1234.2411461229626,1218.4772582835096,1228.3916379278016,14244653,1243.2929931640624,1272.5379028320312,-0.01819275722362368,0.008953462980378886,0
2024-12-20,1194.980224609375,1228.8873545167637,1191.2127119418244,1213.5200660980383,20312896,1229.8986572265626,1269.5586364746093,-0.020439599893611327,0.009903071491834538,1
2024-12-23,1211.834716796875,1216.6926661807136,1202.8125341694108,1204.5971709809228,10052824,1220.7774169921875,1266.3513427734374,0.014104410968817094,0.012017320891408381,1
2024-12-24,1212.28076171875,1222.9883400626134,1210.5457452942906,1211.834663048231,6734917,1216.3060302734375,1262.7350708007812,0.00036807405803163107,0.01213208676713677,0
2024-12-26,1206.1339111328125,1217.1883476811242,1203.8535553911518,1213.767935093776,10016178,1209.0288818359375,1258.9353881835937,-0.005070484313569934,0.012131842911592536,1
2024-12-27,1210.595458984375,1217.3867853075249,1206.5800865394056,1207.86900439277,7000397,1207.1650146484376,1256.469189453125,0.003699048513918557,0.012124061425028997,0
2024-12-30,1200.333984375,1212.7269598518426,1197.756269680847,1205.9852538075309,8818766,1208.2357666015625,1252.4290832519532,-0.008476386172787898,0.011537813197791742,1
2024-12-31,1205.043212890625,1208.6619856280877,1195.8229125326573,1197.6570485426987,6405475,1206.8774658203124,1247.7841857910157,0.0039232651719653955,0.01187462727418989,1
2025-01-01,1210.7935791015625,1215.800389087432,1201.2261788160188,1204.4483521073844,5892590,1206.580029296875,1242.7253723144531,0.004771917014613658,0.011066243248258405,1
2025-01-02,1231.167724609375,1233.7949384205442,1209.554328364606,1210.793625832193,15486276,1211.5867919921875,1239.3966247558594,0.016827100720942623,0.012352146642768156,1
2025-01-03,1240.437744140625,1251.244443122699,1224.921714407087,1233.2498182568115,15521102,1217.5552490234375,1235.881982421875,0.00752945301111696,0.010936104747354122,0
2025-01-06,1207.5714111328125,1251.1946805005002,1204.5970973122885,1243.213556672038,14816766,1219.002734375,1231.24453125,-0.026495753747466266,0.012373103660430483,1
2025-01-07,1230.2257080078125,1233.844480589015,1210.7935491517349,1211.5371275851955,10070505,1224.0392333984375,1228.5527709960938,0.01876021299125341,0.012988352932308388,1
2025-01-08,1254.664794921875,1260.167324257905,1234.6872949225542,1238.3060678446636,19346579,1232.8134765625,1227.5935607910155,0.019865530979382928,0.014193153581871669,0
2025-01-09,1244.0067138671875,1258.878282472892,1237.364128300027,1256.1518282285128,12794704,1235.3812744140625,1226.4310974121095,-0.008494763778998937,0.014462548343853085,0
2025-01-10,1231.266845703125,1245.9896754309789,1225.4173374439545,1243.114481097643,8120332,1233.5470947265626,1225.390087890625,-0.010240996308177985,0.01506731053794574,0
2025-01-13,1229.234375,1234.5881643828388,1215.899582365329,1219.4687349455062,13764861,1237.8796875,1223.7542114257812,-0.0016507150421680716,0.014700341991706311,0
2025-01-14,1228.143798828125,1242.6187691440975,1216.742262047884,1233.4479678208604,13095266,1237.4633056640625,1222.28935546875,-0.0008871995398558319,0.014726532685375712,1
2025-01-15,1241.478515625,1246.2374660533972,1231.2171573529768,1234.2905907014622,9578856,1234.8260498046875,1222.631396484375,0.010857618472363662,0.014977485720055474,1
2025-01-16,1255.6065673828125,1264.0834104275011,1240.586378973141,1248.1212833322295,14117603,1237.1460205078124,1223.2857421875,0.011380021144143493,0.014494113003071222,1
2025-01-17,1291.19921875,1314.6467509950228,1273.997794139219,1310.9288585996749,29366277,1249.1324951171875,1226.8499633789063,0.028346977701285025,0.016694542330544213,1
2025-01-20,1294.272705078125,1304.7324245206253,1289.1172758229052,1304.7324245206253,14040244,1262.1401611328124,1231.8145874023437,0.0023803347179069956,0.012863805649596735,0
2025-01-21,1262.7945556640625,1301.7581181984158,1259.324522599558,1299.2795231523412,14562976,1269.0703125,1234.3625793457031,-0.024321110451110406,0.015452933231822489,1
2025-01-22,1266.1654052734375,1271.9157939003728,1257.83730213362,1267.3552034506358,10273590,1274.0076904296875,1237.0568115234375,0.00266935709712679,0.01424282889802354,0
2025-01-23,1252.83056640625,1266.4132176584087,1250.7980702365203,1259.126173066555,8720682,1273.452490234375,1239.3916442871093,-0.01053167209564354,0.014407381206546494,0
2025-01-24,1235.6292724609375,1262.100619607451,1232.8531975505623,1255.1605533566642,14235970,1262.3385009765625,1240.6433349609374,-0.013729944340881262,0.01474280966556824,0
2025-01-27,1218.82421875,1229.8291557820492,1209.5542981292017,1228.4907387555406,9536019,1247.2488037109374,1241.5678466796876,-0.013600401095603454,0.015401687728423047,1
2025-01-28,1223.8311767578125,1234.0925365684338,1208.0672872533737,1227.400329601704,10568025,1239.4561279296875,1242.5072448730468,0.004108023069107958,0.015477332109367609,1
2025-01-29,1224.921630859375,1232.109556252925,1217.53546627882,1225.4173498520336,5928156,1231.207373046875,1243.2136474609374,0.0008910167695281856,0.014996435547514397,1
2025-01-30,1242.3214111328125,1246.237542749693,1221.8481926097395,1224.971246456504,9269259,1229.1055419921875,1243.7713317871094,0.01420481101409754,0.01528441908628251,1
2025-01-31,1254.2681884765625,1256.1519448799122,1238.306060895825,1245.09738698474,6584612,1232.8333251953125,1244.4628540039062,0.0096164947627011,0.01211274147872475,0
2025-02-01,1253.7724609375,1259.6715896071485,1230.374548522757,1254.2681799336815,7118453,1239.8229736328126,1246.7729064941407,-0.00039523248984307813,0.012011427041018466,0
2025-02-03,1235.232666015625,1245.2461659154887,1226.9541826685895,1240.2889757645512,9252345,1242.103271484375,1247.0232543945312,-0.014787208604033264,0.010412621906266422,1
2025-02-04,1274.196044921875,1277.7653184740125,1235.9265630557768,1237.3642207434832,16691069,1251.958154296875,1247.9998168945312,0.03154335209732628,0.014924869152813929,0
2025-02-05,1267.2559814453125,1279.4507170461238,1265.7688244708304,1271.667953084696,10112028,1256.945068359375,1249.1622802734375,-0.005446621423933262,0.014581135173392719,1
2025-02-06,1270.577392578125,1276.9721191435924,1259.473214579181,1262.7945076095025,9956001,1260.2069091796875,1251.1278076171875,0.0026209472919784815,0.013599608304664824,0
2025-02-07,1255.8544921875,1272.7089385364054,1251.1947819010977,1265.2236540965398,8764283,1260.6233154296874,1252.4588134765625,-0.01158756678390982,0.013341097218860282,0
2025-02-10,1242.916259765625,1255.656213725916,1234.8856362555491,1253.673337746878,6970972,1262.1600341796875,1253.1974365234375,-0.010302333990412138,0.013980287258779034,0
2025-02-11,1224.2772216796875,1253.7230036544372,1219.567891058193,1253.7230036544372,8859714,1252.17626953125,1252.3373718261719,-0.014996213895739241,0.014943834017362977,0
2025-02-12,1206.1339111328125,1216.39526992,1183.1324776076383,1209.0089844264594,21131654,1239.95185546875,1249.8637390136719,-0.014819609664862288,0.014705240302740381,0
2025-02-13,1205.687744140625,1217.4858807075602,1201.622872489872,1206.629682868639,8511216,1226.97392578125,1245.5881652832031,-0.0003699149721845263,0.014090396590677038,1
2025-02-14,1206.827880859375,1213.5200872227356,1195.1288642881832,1208.56289732395,10298145,1217.168603515625,1241.2159240722656,0.0009456318389988727,0.014133282995394469,1
2025-02-17,1214.412353515625,1216.99006794739,1194.1869953911455,1200.7304615718228,8166683,1211.467822265625,1238.7968139648438,0.006284634931411404,0.01386823950330871,1
2025-02-18,1214.908203125,1219.3696743222742,1205.6877809072391,1214.362863790828,6673250,1209.5940185546874,1236.233953857422,0.0004083041546305566,0.00773713859871052,1
2025-02-19,1216.9405517578125,1222.1952216847485,1207.125412159616,1209.058667892558,6217338,1211.7553466796876,1234.439453125,0.0016728413122777397,0.007987009788428215,1
2025-02-20,1222.4429931640625,1228.738599945727,1211.5371757068,1213.4704313005311,7795582,1215.106396484375,1233.7801391601563,0.004521536732671194,0.008182663330830666,0
2025-02-21,1217.634521484375,1229.3830367840983,1211.6858938870323,1218.1797397323817,6904025,1217.267724609375,1233.720654296875,-0.003933493591583903,0.007720740228429109,0
2025-02-24,1204.1510009765625,1212.7764626626977,1200.135628901039,1206.1338768607443,7172498,1215.2154541015625,1232.7366455078125,-0.011073536656446947,0.0078045294223001525,0
2025-02-25,1193.6912841796875,1210.5457292220915,1191.2126893205104,1200.6313497853837,11552182,1210.9720703125,1231.1751281738282,-0.008686383010429899,0.0069470742800193655,1
2025-02-27,1196.7647705078125,1204.597154814102,1190.370043898487,1202.416039651657,11509215,1206.9369140625,1228.8972961425782,0.002574774875932162,0.005560321445335565,0
2025-02-28,1189.82470703125,1206.9270123506617,1183.0830013175257,1191.7084634163882,23007298,1200.4132568359375,1225.6751220703125,-0.005799020532345489,0.005778179621476433,0
2025-03-03,1161.2216796875,1196.1202465389174,1146.1022512006402,1193.6912720117396,17944938,1189.1306884765625,1221.0475830078126,-0.024039698599903736,0.009126806017888883,0
2025-03-04,1151.9517822265625,1163.948157257321,1149.6219272411693,1152.2491409974891,11377373,1178.6908447265625,1216.8835388183593,-0.007982883563999676,0.00846514341355039,1
2025-03-05,1165.5345458984375,1172.8712116641736,1147.0938223968292,1151.0595745918054,8664095,1173.0594970703125,1211.4504638671874,0.01179108698944109,0.00994419728103009,1
2025-03-06,1199.243408203125,1203.5561393973803,1175.002796955133,1186.75131332057,14468014,1173.555224609375,1208.0498352050781,0.02892137553821139,0.014424417425742613,1
2025-03-07,1239.0992431640625,1244.0564330934674,1201.622838887705,1205.5885908312289,16474965,1183.4101318359376,1206.475927734375,0.03323414970498373,0.018113548532014606,0
2025-03-10,1227.7967529296875,1247.2289120927182,1224.8224391488625,1234.3402190424754,11931051,1196.725146484375,1205.0730407714843,-0.009121537517458145,0.0183591182347185,1
2025-03-11,1236.62060546875,1238.801720552263,1219.2208210077197,1229.3830600118497,10089838,1213.6589111328126,1204.7582580566407,0.0071867371517375656,0.01792992578950557,1
2025-03-12,1246.287109375,1252.1861167007874,1233.3487958636415,1247.2289270068015,11977555,1229.809423828125,1205.8587524414063,0.007816871127249048,0.01750897222794761,0
2025-03-13,1237.215576171875,1253.326444606414,1233.2002036288975,1249.2615727756531,9505270,1237.403857421875,1207.4128356933593,-0.0072788470127675975,0.017899653276742353,0
2025-03-17,1228.2427978515625,1246.6340190017777,1222.5420300210542,1231.5145912773855,16640917,1235.232568359375,1208.5405883789062,-0.007252396828106189,0.017988979081063457,0
2025-03-18,1228.2427978515625,1228.2427978515625,1228.2427978515625,1228.2427978515625,0,1235.32177734375,1209.6113342285157,0.0,0.015336046822085747,1
2025-03-19,1236.471923828125,1242.5196714129374,1228.1934407470596,1230.4241762433128,16162399,1235.292041015625,1210.7143127441407,0.006699917956740187,0.014560392794420802,1
2025-03-20,1258.2835693359375,1262.10058145345,1239.347127629136,1241.1316434245866,15971477,1237.6913330078125,1212.8830810546874,0.01764022707469448,0.014879319930434391,1
2025-03-21,1265.4217529296875,1270.0319634187874,1259.2252659887297,1264.0833359554676,21780769,1243.332568359375,1215.3071411132812,0.005672953035154915,0.012893566974764126,1
2025-03-24,1290.9512939453125,1294.8179260458828,1273.254151243817,1279.9463572168718,20299319,1255.874267578125,1218.7325561523437,0.020174729062875096,0.010133862969283626,0
2025-03-25,1274.4439697265625,1296.50346593687,1271.6183955406093,1296.50346593687,13713899,1265.114501953125,1221.5730285644531,-0.012786945794292182,0.010716901747939581,0
2025-03-26,1262.150146484375,1282.722484204843,1257.8869148358597,1279.9464094999762,12074747,1270.250146484375,1224.4729858398437,-0.009646421132837424,0.01142240412447743,1
2025-03-27,1267.2559814453125,1273.9978081396894,1260.4151561828105,1267.2064821612498,15028056,1272.04462890625,1228.151220703125,0.004045346724523613,0.011274116870046973,0
2025-03-28,1264.1824951171875,1284.655712816062,1258.1347478785124,1269.0405652360091,18147129,1271.79677734375,1231.5221069335937,-0.002425308203808707,0.010942950519875148,0
2025-04-01,1241.8751220703125,1266.9585500115554,1238.603449529153,1253.7723771839194,12099648,1261.98154296875,1234.1246276855468,-0.017645690501992828,0.01234543943351872,0
2025-04-02,1240.437744140625,1244.8000957785905,1233.2498182568115,1236.8685913550723,10142590,1255.1802978515625,1238.085430908203,-0.0011574254964470398,0.01236307040251352,0
2025-04-03,1238.0086669921875,1241.08222182284,1222.4927580494818,1222.4927580494818,7434366,1250.352001953125,1242.3882751464844,-0.0019582418867142293,0.012226404803398557,0
2025-04-04,1194.38525390625,1234.7863505024063,1182.9342181609516,1230.473619610667,17908652,1235.7778564453124,1243.830810546875,-0.03523675903814394,0.0149683067843744,0
2025-04-07,1155.7191162109375,1161.2216449878497,1105.304523000697,1122.5059464290011,22156106,1214.0851806640626,1241.6545959472655,-0.032373254415905106,0.016665833663974578,1
2025-04-08,1172.0780029296875,1186.3547349162204,1153.3399207865864,1161.9653833278503,19555040,1200.1257568359374,1238.303533935547,0.014154725390701506,0.015571678526050053,1
2025-04-09,1175.2010498046875,1179.613021672609,1157.9996241138483,1159.4867811653644,10223104,1187.07841796875,1235.6737487792968,0.0026645384242292014,0.01597110002712064,1
2025-04-11,1208.5133056640625,1212.1816988912135,1184.917153801556,1184.917153801556,11224242,1181.179345703125,1234.2683837890625,0.02834600587270697,0.019625551591729264,1
2025-04-15,1229.4822998046875,1240.288998738938,1226.5079856590305,1240.288998738938,13378535,1188.1987548828124,1233.4281433105468,0.01735106601006997,0.020666982306601134,0
2025-04-16,1228.689208984375,1230.2754856402491,1218.477348782242,1223.5336585713449,8248464,1202.7927734375,1233.0018249511718,-0.0006450607873236258,0.020678501117546516,1
2025-04-17,1263.5877685546875,1269.238916912585,1217.0893007676923,1229.5813957339365,15398401,1221.0947265625,1234.7690734863281,0.028403081361119353,0.022049889779718817,1
2025-04-21,1284.4078369140625,1289.7616259352503,1256.151855939882,1259.126169726638,10429964,1242.936083984375,1237.577325439453,0.016476946736505127,0.022474395459422522,0
2025-04-22,1280.144775390625,1292.7361113748846,1275.2868257139828,1288.8694787336528,13051707,1257.2623779296875,1239.760968017578,-0.003319087131763432,0.022516666849851333,1
2025-04-23,1288.869384765625,1294.8180126953123,1274.3944143417475,1285.8950708007812,10480888,1269.139794921875,1241.2902587890626,0.006815330221019433,0.017918657566608553,1
2025-04-24,1290.4556884765625,1293.3308829080645,1279.2525115884996,1281.3345072026398,10468940,1281.4930908203125,1242.5419555664062,0.0012307715038371025,0.011580111297163648,0
2025-04-25,1289.2659912109375,1313.85358083958,1277.071255478384,1292.3394247863746,14431012,1286.6287353515625,1242.4576904296875,-0.0009219202768825374,0.012114260555975092,1
2025-04-28,1357.0804443359375,1362.8307123815491,1308.8964585313056,1328.526980231352,31104496,1301.1632568359375,1246.5895141601563,0.05259927244439733,0.017852093996197978,1
2025-04-29,1387.7156982421875,1398.8198762816546,1358.2700385179512,1359.2614765022709,32538970,1322.67744140625,1252.8677917480468,0.022574383142954124,0.01744824285408518,1
2025-04-30,1392.9703369140625,1400.3070020394923,1357.2785702742715,1389.9960230274132,25480745,1343.4976318359375,1259.1535095214845,0.0037865383223170124,0.017689257024440335,1
2025-05-02,1407.6436767578125,1414.4845019236116,1397.0352178747166,1401.8932881277126,13007841,1366.9352294921875,1266.3265686035156,0.010533849468939094,0.017095459152201453,1
2025-05-05,1419.0452880859375,1427.1750314493302,1414.6829365878357,1418.747808269532,12685649,1392.8910888671876,1275.185076904297,0.008099785134819015,0.016360657839114747,0
2025-05-06,1408.7342529296875,1419.7391903256466,1398.5223933042987,1418.7477523435757,14084117,1403.2218505859375,1283.59990234375,-0.007266177649733696,0.017300360880385317,0
2025-05-07,1393.9617919921875,1412.20427492599,1390.6899982666434,1408.7342420156256,13440169,1404.4710693359375,1291.39755859375,-0.010486336160832499,0.018019948530720153,1
2025-05-08,1394.9532470703125,1408.635139694706,1386.030305191398,1392.0780527042998,16106175,1404.8676513671876,1301.425958251953,0.0007112498232164643,0.018193304482862598,0
2025-05-09,1365.4083251953125,1382.8577303043132,1362.731491083779,1373.637308764333,13668904,1396.4205810546875,1311.910418701172,-0.021179865301615197,0.020380400027575036,1
2025-05-12,1424.2005615234375,1426.6791563050656,1388.013077711669,1388.013077711669,10674081,1397.4516357421876,1324.5165466308595,0.04305835495745569,0.023294862600241408,0
2025-05-13,1403.57861328125,1435.304626683893,1400.3069407641844,1421.226256646525,11407896,1396.4205078125,1335.9354248046875,-0.014479665855579138,0.019006045091073565,1
2025-05-14,1412.204345703125,1417.6572548355591,1403.3805230837922,1407.8419941921477,5570160,1400.0690185546875,1346.1199768066406,0.006145528537022882,0.017852484186772846,1
2025-05-15,1441.7491455078125,1448.8875719918406,1400.6044669576877,1412.7992032271827,20177211,1409.4281982421876,1356.7333190917968,0.020921051471469054,0.018848949039487233,1
2025-05-16,1443.9302978515625,1448.4908883531898,1434.9082364412498,1440.757623701411,9036695,1425.1325927734374,1367.4953735351562,0.0015128514905287105,0.018695781567042904,0
2025-05-19,1428.4638671875,1442.1456384779733,1425.886031660542,1439.667043567546,6195791,1425.98525390625,1375.7391784667968,-0.010711341598050206,0.019035782539338117,0
2025-05-20,1412.4024658203125,1432.6278240113834,1409.6265122020177,1425.88599760598,11270560,1427.7500244140624,1382.1389099121093,-0.011243827538186757,0.01926377444585098,1
2025-05-21,1416.9630126953125,1423.9030780659657,1405.9580760983038,1411.708464386899,6136364,1428.7017578125,1388.9798217773437,0.003228928712150969,0.01888513951363441,0
2025-05-22,1397.332763671875,1411.6094953044076,1384.9397884743898,1409.031659643212,12134466,1419.8184814453125,1394.4029907226563,-0.013853748367148477,0.01952881057961606,1
2025-05-23,1414.5838623046875,1421.5239286750705,1394.5567410207764,1394.5567410207764,6474883,1413.9491943359376,1400.6093994140624,0.012345734016484755,0.018260516217825398,1
2025-05-26,1422.5152587890625,1428.6621258406371,1412.898237790455,1419.7391840414937,4842944,1412.75947265625,1407.2718627929687,0.0056068761250060994,0.01208645959704213,0
2025-05-27,1409.9239501953125,1424.696400543767,1401.794207036506,1413.8897021801247,12640414,1412.26376953125,1409.9140380859376,-0.008851440092437768,0.011454528610690257,0
2025-05-28,1400.8028564453125,1410.4197571984832,1398.621620102477,1407.9411620533203,5944611,1409.03173828125,1410.5683959960938,-0.006469209739104365,0.011459564669377559,1
2025-05-29,1405.660888671875,1407.842003929875,1396.5395861721686,1400.0096192804465,13771917,1410.69736328125,1411.2029235839843,0.003468034209246351,0.008816284520226009,1
2025-05-30,1408.7342529296875,1418.3511529457182,1397.630074915406,1405.8590585766528,13788484,1409.52744140625,1411.2574523925782,0.0021864194149390226,0.008852818815579453,0
2025-06-02,1401.5958251953125,1405.3633379328091,1383.650821945961,1400.0095486308933,8098668,1405.3435546875,1410.3849792480469,-0.0050672635520357945,0.008436253346335756,0
2025-06-03,1393.466064453125,1414.286261787537,1391.3840689247124,1410.1222707307113,11252626,1402.0519775390626,1409.6215698242188,-0.005800360272230853,0.007923904114816298,1
2025-06-04,1411.3118896484375,1413.493004678654,1394.0608455067168,1402.5871874772963,8126827,1404.1537841796876,1410.4890747070312,0.012806788518611167,0.00903576670416534,1
2025-06-05,1430.0501708984375,1442.244785474372,1411.4110884077943,1415.7734397380668,13716817,1409.031640625,1412.2439208984374,0.013277207814544667,0.008597427828690565,1
2025-06-06,1431.140625,1439.0721282906131,1424.6962785763767,1428.6620302216834,8182161,1413.5129150390626,1415.530535888672,0.0007625285628107825,0.007848826131563812,1
2025-06-09,1436.3953857421875,1445.0208477095389,1432.9253528317358,1444.5251287223314,7885125,1420.4728271484375,1416.1402770996094,0.0036717291441485944,0.007751128438762036,0
2025-06-10,1426.1834716796875,1441.4516401070769,1423.704876838395,1437.5850079496329,7913181,1427.01630859375,1417.2705200195312,-0.007109403277025583,0.007521328431435229,1
2025-06-11,1436.4945068359375,1456.0257865422643,1430.7441181682643,1433.4210733170682,8195700,1432.05283203125,1418.4850280761718,0.007229809741173154,0.007216172906005162,0
2025-06-12,1429.2569580078125,1444.5251270006308,1422.1186530105915,1441.055094094315,8828114,1431.894189453125,1417.860418701172,-0.005038340761961302,0.00758680058754941,0
2025-06-13,1415.67431640625,1423.2092208521976,1402.1907840779525,1411.8076840776937,9757276,1428.800927734375,1416.4476196289063,-0.00950328877215667,0.00836300671928629,1
2025-06-16,1425.489501953125,1430.050092219024,1412.204209506703,1414.6828043278583,8458093,1426.6197509765625,1416.2989013671875,0.006933222869926148,0.00833266063027191,0
2025-06-17,1418.9459228515625,1435.602128554236,1413.5922548276174,1435.602128554236,10366599,1425.1722412109375,1416.62607421875,-0.004590408482557651,0.008219292365577896,0
2025-06-18,1417.85546875,1430.4468040463896,1413.4931173168031,1417.7563491543892,6681735,1421.44443359375,1416.6706970214843,-0.0007684958841638334,0.007274186102115054,1
2025-06-19,1421.028076171875,1427.5715425014369,1413.4930508573852,1417.8554020854735,10007230,1419.7986572265625,1417.8554626464843,0.0022376098916994103,0.005807083690374744,1
2025-06-20,1453.6463623046875,1458.4053131642288,1415.8725983169522,1418.7477927518771,29010635,1427.39306640625,1419.8085876464843,0.0229540053991637,0.009474910591717215,0
2025-06-23,1444.326904296875,1451.266970188698,1429.6535737155343,1440.5593915455418,5989078,1431.160546875,1420.899169921875,-0.006411090241396078,0.009762272669521002,0
2025-06-24,1438.378173828125,1462.3709229333156,1430.7440292763747,1452.4565437947847,16402744,1435.0469970703125,1422.3218811035156,-0.004118687016805178,0.009543433364401088,1
2025-06-25,1454.737060546875,1459.7933702625824,1447.9952335758323,1451.4652666586912,7525851,1442.4233154296876,1425.0185913085938,0.011373147212886403,0.009931209950629943,1
2025-06-26,1482.4971923828125,1485.9672251547677,1452.55569413543,1456.5214458748071,14657893,1454.717138671875,1428.8604064941405,0.01908257690602988,0.011081503697648895,1
2025-06-27,1502.425048828125,1508.9685148979506,1484.0834473001275,1486.562042101208,11117052,1464.4728759765626,1433.5449462890624,0.013442087140335568,0.01039371848416816,0
2025-06-30,1487.7518310546875,1511.7447031481738,1483.191240482831,1500.838885203447,8409527,1473.157861328125,1437.8527465820312,-0.009766355922302017,0.01151101587110394,1
2025-07-01,1515.3138427734375,1518.2881567329412,1487.256099345396,1487.751818338647,10368523,1488.5449951171875,1443.945135498047,0.018525947099128137,0.011834153481792106,0
2025-07-02,1505.796142578125,1516.9002002088089,1495.7825215605471,1515.3139235508756,6361002,1498.7568115234376,1448.6693481445313,-0.006281009205256427,0.01233612032153612,0
2025-07-03,1504.8045654296875,1518.783816287235,1500.0456148706696,1507.7788792727886,11283291,1503.2182861328124,1452.4070678710937,-0.0006585068990413445,0.012470238056342607,1
2025-07-04,1514.223388671875,1516.900223008299,1504.2097675037892,1510.9515946827762,6603501,1505.5779541015625,1456.5612060546875,0.006259167109516239,0.010944888309227012,1
2025-07-07,1528.3016357421875,1531.5734294639212,1511.942909183805,1513.5291857359532,7251074,1513.6879150390625,1461.1565185546874,0.009297338276263556,0.010373919510906111,0
2025-07-08,1524.43505859375,1531.6726044702705,1517.0983931213486,1522.8487819842126,7171261,1515.512158203125,1466.0690979003907,-0.002529982994201152,0.010217566505972058,0
2025-07-09,1505.9942626953125,1537.7202774459709,1497.170440637757,1523.5426661942138,8870660,1515.5517822265624,1469.5440856933594,-0.012096806482165712,0.011436948287351346,0
2025-07-10,1504.209716796875,1511.645501953118,1494.5928164048603,1506.688311848956,10047129,1515.4328125,1473.2917236328126,-0.00118496195014961,0.010090707678361953,0
2025-07-11,1482.3980712890625,1502.0285923917668,1477.540121836759,1499.0542783474266,7234991,1509.0677490234375,1476.627911376953,-0.014500401948113417,0.010283542578380224,0
2025-07-14,1470.9964599609375,1487.156947197204,1466.4358695278945,1479.4236826617216,10311846,1497.6067138671874,1478.9032592773438,-0.007691329035668826,0.010113103846259831,1
2025-07-15,1472.6820068359375,1483.6869442622558,1469.7076928815193,1473.4750846086956,8132454,1487.256103515625,1481.5900634765626,0.0011458537942672375,0.007532285064596928,1
2025-07-16,1472.8802490234375,1478.234038357326,1458.9009976142222,1460.388154594461,10409983,1480.63330078125,1484.3413024902343,0.0001346130302264381,0.007478154425803613,0
2025-07-17,1463.759033203125,1476.845965908467,1461.2804382949057,1474.664850799291,11854613,1472.5431640625,1486.477850341797,-0.006192774888766461,0.0075572045177861305,0
2025-07-18,1463.3624267578125,1472.0871292027396,1456.521480639079,1472.0871292027396,10296318,1468.73603515625,1486.9636535644531,-0.00027095063894810867,0.006951436206897718,0
2025-07-21,1416.3682861328125,1463.362470991638,1410.9153771961903,1452.456653118394,22442744,1457.810400390625,1485.56572265625,-0.03211380842210021,0.010152122201923788,0
2025-07-22,1400.70361328125,1419.640054314783,1398.6214967228643,1415.178583447059,20396320,1443.4147216796875,1483.6819946289063,-0.011059745551301958,0.010043088159492692,1
2025-07-23,1412.4024658203125,1413.7905031420296,1402.2898472373463,1413.7905031420296,8354596,1431.3191650390625,1481.5652648925782,0.008352125623248163,0.0112162087227983,0
2025-07-24,1390.8883056640625,1410.8161839876018,1384.0473596954969,1407.0486714179167,14740507,1416.74501953125,1476.9848205566407,-0.015232315630201554,0.011377601782213403,0
2025-07-25,1379.7841796875,1389.0046012536309,1372.2492752918663,1386.9226057137396,11854722,1400.0293701171875,1470.8527770996093,-0.007983477847461673,0.011131512170641587,0
2025-07-28,1375.7193603515625,1395.746480796028,1373.1416457270684,1380.379191620021,7748361,1391.8995849609375,1465.251153564453,-0.002945981984557977,0.011203995982507544,1
2025-07-29,1404.966796875,1408.0402305383973,1371.1587845273314,1371.1587845273314,10750072,1392.7522216796874,1459.7338012695313,0.02125974044296597,0.014166256536627987,0
2025-07-30,1398.0267333984375,1411.1137879299629,1389.3021514025702,1405.9582375902166,7209849,1389.8770751953125,1454.3453308105468,-0.004939663693119933,0.014068151753779803,0
2025-07-31,1378.2969970703125,1390.5908519212596,1370.365493427784,1376.215001569177,17065827,1387.3588134765625,1448.019952392578,-0.01411256012262685,0.014355699209116219,1
2025-08-01,1381.76708984375,1393.8627060383,1372.4476694796913,1375.025384070285,10321171,1387.7553955078124,1441.3971374511718,0.002517666933043783,0.01450361713560127,1
2025-08-04,1399.4146728515625,1403.975263237478,1379.7841529413568,1383.155066191865,6312820,1392.4944580078125,1434.9527893066406,0.012771749405182442,0.012149889234751963,0
2025-08-05,1379.7841796875,1398.918980991344,1376.2150271869518,1398.918980991344,9315972,1387.4579345703125,1427.7202453613281,-0.014027645661354837,0.012451701522678597,1
2025-08-06,1380.8748779296875,1383.9483114870873,1371.456217044825,1379.9825595355662,5834312,1384.0275634765626,1421.4642761230468,0.0007904846701709545,0.01201325899422371,0
2025-08-07,1377.50390625,1381.7670168023217,1354.3042341107182,1375.818389126872,9976705,1383.8689453125,1415.1289855957032,-0.002441185464059914,0.01111790570997256,0
2025-08-08,1356.0888671875,1385.2370458989403,1353.312792536344,1373.1415514013454,8793606,1378.73330078125,1408.813525390625,-0.015546263763997925,0.011883324239783308,1
2025-08-11,1374.331298828125,1376.1159356273254,1349.5453489789295,1358.2700517359046,9997486,1373.7166259765625,1403.9802673339843,0.01345223906930193,0.012784530520363857,0
2025-08-12,1368.5810546875,1389.8969719255274,1363.4255044148415,1370.0682117041065,12244664,1371.4760009765625,1398.7752197265625,-0.004184030550368867,0.010383680294498598,1
2025-08-13,1370.7620849609375,1379.8833867126675,1365.7057756228248,1376.115874093997,7457021,1369.4534423828125,1393.6693115234375,0.00159364347911084,0.010423609199840858,0
2025-08-14,1367.4774169921875,1374.3455639562076,1363.794372575189,1370.961308962897,7126128,1367.44814453125,1388.8552307128907,-0.002396234915443829,0.009519994591130565,1
2025-08-18,1375.3409423828125,1388.4802648218374,1370.662621833986,1383.602791829514,11785109,1371.2985595703126,1384.4541564941405,0.005750387752597064,0.009696421725748191,1
2025-08-19,1413.564208984375,1414.460091190419,1382.7068811681168,1383.6027633741608,14384719,1379.1451416015625,1384.3139526367188,0.0277918481328272,0.012673778050947252,0
2025-08-20,1406.4969482421875,1418.342205158243,1403.510755146132,1406.4969482421875,8725641,1386.7283203125,1384.6036193847656,-0.004999603624136206,0.011767290711925496,1
2025-08-21,1418.24267578125,1425.3099750709036,1413.7633861810953,1418.441706715632,11021323,1396.2244384765625,1384.8956298828125,0.008351050852788644,0.011924131641177504,0
2025-08-22,1402.71435546875,1416.84907536351,1401.4204113959267,1413.464698965694,5818868,1403.271826171875,1385.4869323730468,-0.010948986783200665,0.012617984296237963,1
2025-08-25,1406.0987548828125,1412.9670232567023,1399.230486508923,1408.189065733516,5979407,1409.423388671875,1386.8026611328125,0.002412750251587381,0.01104057280723834,0
2025-08-26,1378.5262451171875,1403.5107021083377,1375.241384232256,1401.519906786198,12145259,1402.4157958984374,1386.9430053710937,-0.019609227068779322,0.012626190248128,1
2025-08-28,1379.521728515625,1385.7926612650012,1360.2109883890075,1383.50331940736,13161813,1397.020751953125,1385.670751953125,0.0007221359781603987,0.012524214052010233,0
2025-08-29,1350.9537353515625,1397.0406983353937,1343.7869203796088,1374.7437651325777,18758842,1383.5629638671876,1383.3171020507812,-0.02070862138199292,0.014247548680932176,0
2025-09-01,1347.6689453125,1356.9260708455383,1334.430107544873,1349.759256141992,11232238,1372.5538818359375,1381.7856994628905,-0.0024314600515965568,0.014247836745905735,1
2025-09-02,1360.2109375,1378.128095842481,1348.2661652716797,1348.5648331807902,11517006,1363.376318359375,1380.7078918457032,0.009306434069823899,0.014487572883183935,1
2025-09-03,1366.2828369140625,1370.1649121838109,1354.2385492379765,1363.396159328429,7847563,1360.92763671875,1379.0513000488281,0.004463939560155561,0.010723507488008589,0
2025-09-04,1353.0440673828125,1367.676364160165,1350.8541196588233,1365.4865379446771,13223177,1355.6321044921874,1377.7142944335938,-0.009689625876550978,0.010904980204803677,1
2025-09-05,1368.671875,1374.6442613636364,1353.0441792852228,1356.7271022727273,5777575,1359.175732421875,1377.1041442871094,0.011550109855192225,0.011339733404726798,1
2025-09-08,1372.15576171875,1379.6212446443146,1366.08385990766,1373.6488583038629,6986720,1364.073095703125,1376.836737060547,0.0025454506535760313,0.01115533769842102,0
2025-09-09,1369.8662109375,1374.843199236951,1362.4007284883237,1370.264394303157,9754452,1366.004150390625,1377.5256042480469,-0.001668579358936717,0.011044213662230414,1
2025-09-10,1370.66259765625,1382.1096709119122,1367.7759200987732,1377.5308659113482,7790815,1366.8801025390626,1377.3421691894532,0.0005813609478000359,0.00928483005969478,1
2025-09-11,1376.9337158203125,1379.1235422027223,1368.6718661340626,1369.667263854887,9766072,1371.6580322265625,1377.7598022460938,0.004575245705825681,0.00942164118547406,1
2025-09-12,1388.579833984375,1389.873899637371,1374.146566892781,1376.9337291414593,7403368,1375.6396240234376,1378.6506896972655,0.008458009292861446,0.006369511561638344,1
2025-09-15,1392.8599853515625,1394.3530818320328,1382.209157552439,1386.5889315301856,5396697,1379.78046875,1379.9198181152344,0.0030823948774383325,0.006102351951483594,1
2025-09-16,1398.8323974609375,1401.5199225726965,1391.7649767809332,1398.2350616507645,8686961,1385.5737060546876,1381.0943908691406,0.004287876866437168,0.005751655341360935,1
2025-09-17,1407.2933349609375,1409.6821922648512,1400.4250664409112,1400.5245819104894,7519417,1392.899853515625,1380.7808471679687,0.0060485713051525725,0.005823403560278909,1
2025-09-18,1408.4876708984375,1415.4554544293835,1404.2074124117412,1413.8628424954393,9332642,1399.21064453125,1380.8803833007812,0.0008486758999204369,0.0039184367202585125,0
2025-09-19,1400.9227294921875,1410.4785229891424,1397.1401696768169,1408.3882121473878,13461373,1401.6792236328124,1380.014385986328,-0.005370967430211482,0.003963892844963997,0
2025-09-22,1384.199951171875,1404.2074196840813,1381.6119415772491,1397.438788552637,7757970,1399.947216796875,1379.0886657714843,-0.01193697408733907,0.0060017875976621764,0
2025-09-23,1383.40380859375,1388.5798281670254,1370.4636381520502,1384.5982372618869,14014702,1396.8614990234375,1377.9539184570312,-0.0005751644315916682,0.0059597975773970505,0
2025-09-24,1376.635009765625,1389.5751797778832,1374.0470000648747,1378.9244730635044,5922759,1390.729833984375,1377.859356689453,-0.004892858315176718,0.006247003140462674,0
2025-09-25,1366.0838623046875,1378.128150477363,1362.6994857374575,1374.942926360271,11411143,1382.249072265625,1377.1874633789062,-0.007664448009885971,0.006541591471872004,1
2025-09-26,1371.2598876953125,1376.3363918134596,1359.7132983361803,1365.685684712474,9879109,1376.31650390625,1378.2027709960937,0.0037889514205171615,0.005949470045363145,0
2025-09-29,1366.48193359375,1382.6073268149732,1361.703976301572,1375.2413599514075,14231999,1372.772900390625,1379.1434204101563,-0.0034843534361621575,0.005779548625287321,0
2025-09-30,1357.722412109375,1370.762097190836,1356.5279835173724,1370.762097190836,14604684,1367.63662109375,1379.018994140625,-0.006410272444172027,0.005490819034525225,1
2025-10-01,1362.4007568359375,1372.255218175594,1356.4283707523282,1360.7086293823172,12045916,1364.7897705078126,1378.8248901367188,0.003445729911237372,0.00506093929713024,0
2025-10-03,1357.125244140625,1365.287456651113,1350.6551591113212,1356.926091696157,12842347,1362.998046875,1379.0289489746094,-0.0038722179717254335,0.0048546855247967756,1
2025-10-06,1368.671875,1371.0608538471567,1352.7455113636363,1353.740909090909,12396580,1362.4804443359376,1379.0289489746094,0.008508154209957652,0.006137494165287649,1
2025-10-07,1378.4267578125,1389.47564777439,1369.5676941462978,1369.667209612737,11244040,1364.8694091796874,1379.3424987792969,0.00712726183001311,0.005764193315413369,0
2025-10-08,1361.1068115234375,1382.6073771032557,1358.2201339506064,1378.426755451918,8525081,1365.5462890625,1378.9045288085938,-0.012565010212474692,0.006932567344470437,1
2025-10-09,1371.458984375,1373.6488106871857,1362.7989515764332,1367.676424553763,8826633,1367.3579345703124,1378.9443481445312,0.007605702038898432,0.007385215674118012,1
2025-10-10,1375.3409423828125,1381.6119964455866,1368.7713419175536,1371.45898859096,6373084,1371.00107421875,1378.8647094726562,0.0028305316105254885,0.006964320991866956,0
2025-10-13,1368.671875,1371.3594002602315,1361.505059967041,1370.5631549835205,7600682,1371.00107421875,1377.8693115234375,-0.0048490284679943985,0.007073113684915123,1
2025-10-14,1369.5677490234375,1381.612037149334,1363.7943936365562,1373.6488553790207,9768174,1369.2292724609374,1376.7046997070313,0.0006545571950453688,0.0069778388959759585,0
2025-10-15,1367.97509765625,1377.6304066718624,1366.382364141153,1376.6350089791804,10882743,1370.6029296875,1375.1618347167969,-0.001162886150263942,0.006609096777551127,1
2025-10-16,1391.8646240234375,1394.0544503152107,1368.671809484766,1368.7713249510273,12315932,1374.6840576171876,1374.390399169922,0.017463421964418302,0.008465083679932007,1
2025-10-17,1410.279541015625,1416.7496262080865,1392.6609284325848,1394.5522084059296,19335561,1381.67177734375,1374.4799926757812,0.013230393728203227,0.008827698017900966,1
2025-10-20,1460.04931640625,1467.0170999313525,1426.7034952504036,1433.3726108781725,24721978,1399.947265625,1377.4363220214843,0.035290716445324666,0.013310839982138757,0
2025-10-21,1458.4566650390625,1467.2162134241023,1453.2806455896807,1461.2438272093502,2066169,1417.725048828125,1381.1491577148438,-0.0010908202546936474,0.013524085106492417,0
2025-10-23,1441.7340087890625,1476.0752283864208,1437.9514490416038,1468.2115624957596,18707090,1432.4768310546874,1384.0656677246093,-0.0114659946029676,0.013362294812606052,1
2025-10-24,1444.9193115234375,1453.0816457634617,1434.3681199531734,1443.3266994671071,9700837,1443.0877685546875,1387.4798828125,0.002209355342217556,0.013392473708136543,1
2025-10-27,1477.2696533203125,1478.16553552233,1451.289798512833,1456.266786847925,14113867,1456.485791015625,1393.0391723632813,0.022389029988648,0.014381612881823018,1
2025-10-28,1480.056884765625,1485.1333888036677,1470.79963742504,1477.26972256393,17631577,1460.4873046875,1398.479022216797,0.0018867452120525652,0.013900802227883874,1
2025-10-29,1497.277099609375,1501.3583271895798,1481.2512217130793,1483.1425015536738,11884745,1468.2513916015625,1405.018780517578,0.01163483310742941,0.013693462626951666,0
2025-10-30,1481.6494140625,1496.1821955688697,1477.1701246011085,1493.0964871305005,9318663,1476.23447265625,1411.2151306152343,-0.010437403705000348,0.014735590950451379,0
2025-10-31,1479.5592041015625,1490.6080945575152,1475.4780977270138,1483.540795005222,8758053,1483.162451171875,1417.0730529785155,-0.0014107318108448341,0.01461282550978556,0
2025-11-03,1477.866943359375,1488.1195884585134,1472.4918928888085,1479.1610089962214,8452085,1483.2819091796875,1423.1101379394531,-0.0011437600722541408,0.01455386006700861,0
2025-11-04,1466.3203125,1485.9297198935935,1463.334119430687,1477.07065615293,10007806,1480.5345947265625,1427.9925598144532,-0.0078130381840249,0.010267290224299959,1
2025-11-06,1489.2144775390625,1494.689164899616,1469.406038969176,1477.1701896475463,16772678,1478.9220703125,1433.5319458007812,0.015613345081491259,0.011291799269657551,0
2025-11-07,1471.19775390625,1491.5038906434634,1469.1074431042953,1487.7213309001131,7821765,1476.83173828125,1439.0364929199218,-0.012098138921255441,0.011377912391778293,1
2025-11-10,1482.44580078125,1494.0919049344996,1468.7092643110286,1471.0982430243505,7068438,1477.4090576171875,1444.5858337402344,0.007645503023053557,0.011513673325297676,1
2025-11-11,1486.5269775390625,1491.9021495222175,1473.3876547459602,1490.1103850249956,7127506,1479.141064453125,1450.1451354980468,0.0027530023395538894,0.009213447588722399,1
2025-11-12,1504.5435791015625,1517.6827797499902,1493.0965058897411,1498.0734942427068,12384459,1486.7857177734375,1456.938720703125,0.01211992909292925,0.009906673879243932,0
2025-11-13,1503.9464111328125,1515.0948167835015,1499.865304859355,1508.0275174062697,7196443,1489.7321044921875,1463.6576538085938,-0.00039690971869799085,0.009274643770678081,1
2025-11-14,1511.9095458984375,1513.900341239272,1498.5711928131457,1498.5711928131457,7682823,1497.874462890625,1470.8543762207032,0.005294826136542197,0.008520000307835533,0
2025-11-17,1511.3123779296875,1516.6874283079178,1504.5436249599409,1513.900387650411,5871416,1503.6477783203125,1476.8267639160156,-0.0003949759893837612,0.00848003345767807,1
2025-11-18,1512.4072265625,1520.7685911952462,1503.5481631005248,1514.696568271851,11045042,1508.823828125,1481.9331481933593,0.0007244356949636099,0.00841957546863563,0
2025-11-19,1511.9095458984375,1515.2939222795571,1505.0412776708577,1510.4164493928115,5692366,1510.297021484375,1484.5261596679688,-0.0003290652512906167,0.007719889071384929,1
2025-11-20,1541.9705810546875,1543.7623455509597,1519.673647863964,1522.9585089376258,18171724,1517.90185546875,1488.70185546875,0.019882826481121718,0.008561443960937817,0
2025-11-21,1539.4820556640625,1550.6305827884978,1533.0119706260582,1533.9078528560988,9615271,1523.416357421875,1493.5892578125,-0.001613860485537244,0.006921144336963102,0
2025-11-24,1528.831298828125,1542.8663816107544,1524.7501927010492,1542.8663816107544,18433951,1526.9201416015626,1497.7848571777345,-0.006918402716518335,0.007691210522425482,1
2025-11-25,1532.61376953125,1552.4222077972818,1518.0809876078647,1528.8313312270848,15033482,1530.9614501953124,1500.5520629882812,0.0024740929270772316,0.007693163209331568,1
2025-11-26,1562.6748046875,1564.366932099549,1533.4100892950655,1535.2018536795324,14054299,1541.114501953125,1504.682958984375,0.019614227507197768,0.008935835821937056,0
2025-11-27,1556.2047119140625,1568.2489991897637,1548.8387449947777,1567.7513003642512,9794643,1543.961328125,1507.6293395996095,-0.004140396168178739,0.009207058791087143,1
2025-11-28,1560.285888671875,1574.0224254817672,1555.806599039324,1560.7835875199362,8959508,1548.1220947265624,1511.5611633300782,0.002622519213936192,0.00918662485580286,0
2025-12-01,1558.892333984375,1570.2398922139623,1556.403839701944,1567.7513979315313,8920233,1554.1343017578124,1515.5278198242188,-0.0008931406081523763,0.009209560165752287,0
2025-12-02,1539.1834716796875,1560.2858537619331,1534.9032130787248,1553.9152843475838,11389150,1555.4482421875,1518.5936462402344,-0.012642863060538412,0.010481737854181468,0
2025-12-03,1531.718017578125,1545.255401892265,1525.9446623591427,1538.0884656023031,6090883,1549.256884765625,1521.8635314941407,-0.004850269145247221,0.010679685126778136,0
2025-12-04,1528.53271484375,1553.3181423785347,1510.6155558800758,1528.9308982335338,11867930,1543.7224853515625,1523.829443359375,-0.002079562098127874,0.008476865414757393,1
2025-12-05,1533.5096435546875,1538.685784402705,1513.6016899280953,1523.356635808528,10183266,1538.367236328125,1526.9450378417969,0.003256017134998901,0.00856704983443445,1
2025-12-08,1535.898681640625,1543.861863398969,1527.9354998822807,1532.1161217020071,11301491,1533.768505859375,1529.6176818847657,0.001557889183141814,0.008259394699435053,0
2025-12-09,1522.3612060546875,1535.4008911036892,1513.1039592099478,1533.211064854301,11503971,1530.404052734375,1531.4093933105469,-0.008814042063944538,0.008717075081209965,1
2025-12-10,1529.8267822265625,1540.3779737710463,1524.3520947592017,1526.9401045329791,7991629,1530.0258056640625,1532.6735534667969,0.004903945359473916,0.005605932564481949,1
2025-12-11,1537.889404296875,1542.866392660295,1516.98605317051,1529.826707449835,4706197,1531.8971435546875,1534.370703125,0.005270284298839245,0.006002689115986764,1
2025-12-12,1549.3365478515625,1552.62140892391,1538.9843872841,1543.6628294631555,5106655,1535.0625244140624,1536.2420532226563,0.007443411420030577,0.006512759852391212,0
2025-12-15,1549.037841796875,1551.4268205626304,1539.3825327747268,1544.060853330096,5774543,1537.6903564453125,1538.1283264160156,-0.00019279610688960336,0.006514036365997972,0
2025-12-16,1535.201904296875,1544.5585453663573,1531.7180123854912,1537.8894294536826,11731856,1540.25849609375,1539.2680603027343,-0.008931955777110256,0.005821585435725583,1
2025-12-17,1537.292236328125,1542.8664391614582,1532.2157323461342,1542.8664391614582,7116649,1541.7515869140625,1540.5371948242187,0.0013616007284771303,0.00560273334013007,0
2025-12-18,1537.292236328125,1544.3595357154854,1528.1345045583196,1528.1345045583196,6580829,1541.6321533203125,1540.3032775878905,0.0,0.005539640668715337,1
2025-12-19,1557.8968505859375,1566.9549449740823,1543.8617679066683,1547.2461442463334,13937275,1543.3442138671876,1541.2240173339844,0.013403186310904314,0.006856098628790716,1
2025-12-22,1568.1495361328125,1570.2398469681211,1558.0960438231807,1566.2582562309594,10184852,1547.166552734375,1543.1899291992188,0.00658110679344337,0.0070343573132436105,0
2025-12-23,1563.4710693359375,1573.6241984599117,1560.8830596994949,1573.6241984599117,7506564,1552.8203857421875,1544.7327941894532,-0.002983431547231463,0.006223933684053462,0
2025-12-24,1551.0286865234375,1568.448146711295,1546.4498812900458,1565.4619535362338,8815745,1555.56767578125,1544.15048828125,-0.00795817911602592,0.006995713285821924,1
2025-12-26,1552.0240478515625,1553.8158123179846,1547.1466963201517,1547.5447581940157,2311495,1558.5140380859375,1543.941455078125,0.0006417426942348925,0.006863002933829961,0
2025-12-29,1538.4866943359375,1550.9291658570105,1536.495898892566,1547.7439417510202,5972105,1554.6320068359375,1542.851495361328,-0.008722386443924313,0.007061060317968953,0
2025-12-30,1532.71337890625,1546.449793829553,1530.7225835687998,1539.8801935176689,8815884,1547.544775390625,1541.542547607422,-0.0037525936694431383,0.007123221896273502,1
2025-12-31,1563.172607421875,1569.7422080874378,1533.9078900841737,1533.9078900841737,5771830,1547.4850830078126,1542.7420043945312,0.019872749161595316,0.009119736993465018,0
