Price,Close,High,Low,Open,Volume
Ticker,RELIANCE.NS,RELIANCE.NS,RELIANCE.NS,RELIANCE.NS,RELIANCE.NS
Date,,,,,
2015-01-01,189.1253662109375,189.99868207601952,188.22010080582226,188.78457111724998,2963643
2015-01-02,188.62481689453125,190.86135588187943,188.3585707167246,189.16797331601128,7331366
2015-01-05,186.5586700439453,189.76437321861002,186.1859112154954,188.50764873537275,10103941
2015-01-06,178.091796875,185.95161054510965,177.218481085265,185.3126055808231,18627980
2015-01-07,181.96849060058594,182.92700534664982,178.28354370530525,178.30484340105085,20720312
2015-01-08,179.35916137695312,183.80027478453943,178.9544530414743,183.20385501712227,19872227
2015-01-09,183.24649047851562,183.60859950458453,179.9875519001595,180.71175573354262,13392787
2015-01-12,181.116455078125,183.3955933743806,179.26333908900085,183.28909490697473,10100113
2015-01-13,179.59349060058594,182.10692561278077,179.0290344848976,181.69156735665987,9948711
2015-01-14,177.84686279296875,180.4135468931564,177.04809586798652,179.56153073567586,11380041
2015-01-15,184.0878448486328,185.54691648630015,178.92252706998613,178.92252706998613,16927085
2015-01-16,185.2487335205078,186.37764577308207,181.4892236693579,183.1825920482193,19136963
2015-01-19,187.36810302734375,188.72066202305834,182.9163390480819,185.35522508539012,13339962
2015-01-20,192.3523712158203,192.88487777380465,187.1976889657768,187.76215928286896,13361320
2015-01-21,193.14048767089844,194.13095192898646,190.00934718363794,192.76774300724009,17084297
2015-01-22,188.24142456054688,193.23634510111373,187.33615910809786,192.79968714574107,23721627
2015-01-23,188.91236877441406,191.2340922189943,186.8036422628214,189.57267348542948,18080494
2015-01-27,189.37033081054688,190.9998000421227,187.54915011606235,190.19038324040642,17939876
2015-01-28,193.16177368164062,193.79014307908727,188.74195929972706,188.74195929972706,19298126
2015-01-29,197.96499633789062,199.05130914446687,193.17242311034371,193.215022497366,36117653
2015-01-30,194.95101928710938,198.3590700405331,193.6197456846964,198.0928096325485,21746801
2015-02-02,193.41737365722656,195.9414582996459,192.91681666722144,195.12139170498207,19302710
2015-02-03,199.7116241455078,200.40387838973308,194.5143426249075,194.5143426249075,17092333
2015-02-04,197.8372039794922,201.03224341239962,197.21949863079746,200.03112935050476,14072894
2015-02-05,196.75088500976562,200.20152066477243,195.45156105170454,199.37081840060588,12365643
2015-02-06,193.81146240234375,198.0928149910071,192.34174074177508,196.83610450633915,9045844
2015-02-09,190.9998321533203,195.53679566319278,189.99871793914062,191.95834697274825,8839692
2015-02-10,187.86866760253906,192.66122687571948,183.4595028337096,191.27671828360914,13651008
2015-02-11,191.85182189941406,192.71448796110394,188.08166223629144,188.72066728777244,9781008
2015-02-12,193.65164184570312,194.67405536801786,188.98688192748602,193.40669541913348,8709626
2015-02-13,195.43026733398438,196.1331714588112,193.63038630553888,194.68474960215633,7393680
2015-02-16,192.29913330078125,196.85739596168185,191.70271340822947,195.68587009015613,12266698
2015-02-18,192.05416870117188,193.40674195129375,190.5098982015268,191.7027095249581,9835036
2015-02-19,192.1393585205078,193.32153416038068,189.05081766521658,193.18307193453714,9550637
2015-02-20,185.97293090820312,190.85070299548755,185.58952219951283,190.6909410725933,18717199
2015-02-23,181.36141967773438,186.75039865082314,180.4348545538407,185.3019768066479,14104463
2015-02-24,179.23138427734375,182.50098692120213,178.28353365136033,181.95783049156356,19946218
2015-02-25,179.59349060058594,182.437085092006,179.14618280312914,180.7969659805008,15274116
2015-02-26,179.34852600097656,181.0525440230303,178.19829997280607,180.22182759469933,21459750
2015-02-27,182.23471069335938,183.39558660147352,179.90233746829074,180.53069262153386,18659378
2015-03-02,184.0878448486328,186.48413142281302,182.23471466876626,185.09960871120293,14579511
2015-03-03,191.87315368652344,193.07661506029154,184.75885549633483,185.0996506641236,20636925
2015-03-04,189.11471557617188,193.75819089585264,187.45329684510713,192.9807236541101,14476047
2015-03-05,188.4970245361328,191.43646774219923,187.04860262798033,190.1051941558906,10716702
2015-03-09,185.23806762695312,189.9454422799333,184.0665559966888,188.5289699451565,14065391
2015-03-10,183.00157165527344,186.54807086489956,182.20280455146963,185.08899891153905,15234060
2015-03-11,182.31993103027344,185.22741029401843,181.56376347163638,183.38494414542797,11635873
2015-03-12,183.99200439453125,184.7588218197999,182.24537260294952,182.75659369896488,11782380
2015-03-13,181.07388305664062,185.22743766322327,180.41357824017916,185.09963948302223,12936157
2015-03-16,179.36985778808594,181.89394284407442,178.98644904342495,181.3720860761698,13839990
2015-03-17,182.51162719726562,183.16128206555757,179.13552625773318,181.16970385507284,19070082
2015-03-18,185.02508544921875,185.79190294682004,182.05369252883625,182.54359975820495,9269885
2015-03-19,182.36253356933594,186.73973442015077,181.92587562519967,186.49478794005842,13934612
2015-03-20,181.92588806152344,183.42755924187512,180.7543621595169,182.7352907046087,10405717
2015-03-23,179.33787536621094,184.0345854163035,178.51780878752285,182.43706586163785,13251683
2015-03-24,180.6158905029297,181.9684636386346,179.36983004892656,179.36983004892656,9238431
2015-03-25,179.96624755859375,180.94606192000595,179.1355310551669,180.83956345001644,10264941
2015-03-26,176.64340209960938,180.89281917340102,175.53578953448115,179.1568371752872,20621346
2015-03-27,172.89453125,177.85750159828535,170.7112417593363,177.62319077108478,23326922
2015-03-30,172.6921844482422,174.17255580025198,169.64624297036656,173.938259172148,17330588
2015-03-31,175.94052124023438,177.41024302959397,174.236488558727,174.236488558727,20235395
2015-04-01,178.08114624023438,178.70950135597803,173.19272487103203,175.70615955275932,14588531
2015-04-06,175.6529541015625,178.49654892780455,174.96069973902047,178.07054077441094,12334096
2015-04-07,177.39955139160156,178.0918056186698,175.95112964102105,175.95112964102105,21275454
2015-04-08,184.43934631347656,185.20614966186074,177.41024689596256,177.53804508423374,24821205
2015-04-09,190.65896606445312,191.4896824525266,182.92696493556613,184.35408689151828,27276420
2015-04-10,192.62924194335938,193.57710662025926,189.38095378797405,190.62701413569496,25323219
2015-04-13,196.49526977539062,196.97452708581855,191.4364505090701,193.1511184488768,20177342
2015-04-15,196.74021911621094,200.13760526043478,193.23632029456007,196.17574884773205,22231264
2015-04-16,197.74134826660156,199.7968255520395,195.74977006128037,196.92128163426204,20177302
2015-04-17,197.421875,201.13877170915472,196.5166094274783,199.1684928344039,23958678
2015-04-20,188.64610290527344,199.67965652585826,187.12313222242497,199.64770698683893,37628162
2015-04-21,186.6864776611328,190.7441971583434,185.8344757198747,189.60462092323263,17707007
2015-04-22,187.38938903808594,188.8804101535762,184.67359296053945,187.84734664074568,14761313
2015-04-23,186.81430053710938,189.44488387194738,185.11026812132016,188.2627224030284,13337818
2015-04-24,187.2083282470703,188.39050382970512,185.0250529044277,186.80363409209505,12709854
2015-04-27,186.4415283203125,189.04016192770885,185.62146171252098,187.45329216271597,11042925
2015-04-28,184.2902069091797,187.86865490589847,182.87373465201406,186.31373464262947,14687371
2015-04-29,181.05255126953125,185.42976613438847,180.49874503472927,183.60858551429183,16387960
2015-04-30,183.68313598632812,184.43930352903834,180.61589486678614,181.0525527941781,34802149
2015-05-04,189.7750244140625,190.40337955077277,183.28908331542618,184.50319420457845,15078502
2015-05-05,190.03065490722656,192.08613244297527,188.52898368535145,190.36081441345635,17846755
2015-05-06,187.4959259033203,191.01047537978988,185.73864405570748,189.5727032004947,22438208
2015-05-07,185.47239685058594,187.112516139119,183.1826083805917,186.37766239032217,16735535
2015-05-08,191.89642333984375,192.76995821202658,185.72778790218808,187.86308256939228,17104443
2015-05-11,193.24447631835938,193.99937253637208,190.53759940455888,192.57583791046122,14214007
2015-05-12,187.36700439453125,193.01799224612841,186.6013241708603,193.01799224612841,16650201
2015-05-13,190.90428161621094,191.66997630196153,184.8866219879941,188.36996337123963,16701434
2015-05-14,189.41603088378906,191.14153262634503,187.71211159101858,191.0983821246725,12329713
2015-05-15,188.49937438964844,191.3033077381425,187.6689899301933,190.21409223822505,8331715
2015-05-18,192.29544067382812,192.82387231128982,188.12190770062074,188.70425946456854,9847540
2015-05-19,193.15821838378906,195.14253690631463,191.22781999525608,192.23076328331737,14513036
2015-05-20,196.02684020996094,196.490567757141,193.6219302602409,194.20429649932248,8708891
2015-05-21,193.41700744628906,197.43956405172872,192.84543970957185,196.54446115929147,10759523
2015-05-22,194.94839477539062,195.3258500817103,193.47094002587502,193.47094002587502,8349048
2015-05-25,192.93173217773438,195.84350569138246,192.4680046449134,194.11800387682104,6617337
2015-05-26,190.79644775390625,193.25527789507234,190.3866403307286,193.0395829575526,9510249
2015-05-27,190.9474334716797,192.15528774633188,189.8474338700129,191.0984098567985,8078236
2015-05-28,188.8983917236328,192.87781265868432,188.0787769193217,191.0660386272173,26538868
2015-05-29,189.1572265625,191.19546518996947,188.31604368840487,189.78271450579922,29277517
2015-06-01,194.60330200195312,195.17488420406747,189.372905153844,189.8042806131137,19594976
2015-06-02,193.82681274414062,198.17289006121345,192.27386992940453,195.35818750858442,20178960
2015-06-03,193.3307647705078,196.37194674588662,191.6376293522947,193.90233259451733,15546279
2015-06-04,196.85723876953125,197.61213503722428,192.51114642376737,195.02389663700615,15931395
2015-06-05,195.7895965576172,197.77391511708967,195.07782197986302,196.2533241164874,13066337
2015-06-08,190.97975158691406,196.27486652870832,190.4728879862644,195.5846600951228,10846953
2015-06-09,190.60231018066406,192.1013185295186,189.23269574065046,190.5699437060814,9153355
2015-06-10,195.3690185546875,196.25333762530144,190.8827334330689,191.09841398790115,13509379
2015-06-11,189.18955993652344,196.1670260564273,188.4346493502279,195.4121154701317,14676438
2015-06-12,191.92877197265625,192.5434758206847,189.42680608088114,189.58858086039226,21543824
2015-06-15,194.4954833984375,195.1964739970354,191.96116489113157,193.01802840499525,12858570
2015-06-16,194.96994018554688,195.19641910219718,192.65131728291166,193.90229294420092,13929305
2015-06-17,200.84744262695312,203.25235255860255,192.8238964356236,195.2072383139802,26232634
2015-06-18,211.14646911621094,211.80430911799473,201.12782073185448,201.1386047581477,49366799
2015-06-19,214.96412658691406,217.06706927613607,211.91216080142698,211.91216080142698,45710935
2015-06-22,213.896484375,217.56315413711965,212.7749024354501,215.02883594305328,19394187
2015-06-23,214.60826110839844,216.2690444964772,213.7455101337003,214.10139743039582,16007498
2015-06-24,213.7239227294922,217.07785568160645,212.80725170160477,214.60824167859994,18603004
2015-06-25,216.66806030273438,217.6278674888944,212.4513906180649,212.88276609028398,27175118
2015-06-26,215.83767700195312,218.7278682049939,214.6945269551365,215.66511817339415,20966796
2015-06-29,213.713134765625,214.36020512509336,209.6474417573692,213.07686283011645,20168946
2015-06-30,215.70823669433594,216.30137252426832,213.09843040389427,213.508237791198,23184864
2015-07-01,216.90528869628906,217.94058390533098,215.9023455626611,215.9023455626611,14824266
2015-07-02,218.02687072753906,219.9464849224223,217.21803999215396,217.6278473727771,15931202
2015-07-03,217.23960876464844,218.6631433767422,216.34450581940408,217.78960848329174,13831096
2015-07-06,219.04058837890625,219.7631324779175,214.65136046419684,214.84548731911013,12237733
2015-07-07,216.38766479492188,219.2670718116633,215.68667428837102,218.0592320681065,11294999
2015-07-08,214.9533233642578,217.56312944696734,213.88567607578105,214.79154858868128,15190654
2015-07-09,212.96902465820312,215.90236616300606,212.05235363821487,214.82392035261478,16245867
2015-07-10,216.07492065429688,216.5494322256614,213.58373850410788,213.76706695749212,16110573
2015-07-13,217.1964874267578,218.38277354976591,214.64060112592944,216.07491986142963,9860248
2015-07-14,215.212158203125,218.16706773981207,214.6513744484258,217.60628398511287,9942927
2015-07-15,218.09158325195312,218.792559357728,215.58961716665516,215.6327532717552,13532911
2015-07-16,220.79844665527344,221.68276560890183,218.0915840607122,218.2749125080673,14854295
2015-07-17,220.3670654296875,222.405303941404,219.5690331053919,221.13276007378454,10195142
2015-07-20,221.02490234375,222.14646975826778,219.54744770039386,221.68274227762913,6348354
2015-07-21,217.36903381347656,221.8229664329722,216.27981831821407,221.72591019242597,7923338
2015-07-22,226.55728149414062,227.32296173340805,216.67882577991844,216.76509798739664,17309440
2015-07-23,225.4573211669922,230.3210472884564,224.57300209112563,227.2259449208244,18642915
2015-07-24,221.08961486816406,226.3954994366621,220.2376480508804,226.03962659224322,13099664
2015-07-27,216.84059143066406,222.13570667000926,216.06412714662065,221.05727525456635,20118553
2015-07-28,217.8974609375,219.28862905994157,215.70823171305562,217.47686953387185,13382878
2015-07-29,214.8239288330078,218.42590889815096,213.98276036088097,217.73570240042204,14790821
2015-07-30,215.71902465820312,217.41217436851056,214.02588934579455,215.7082406319693,11701228
2015-07-31,216.08570861816406,217.39061906266758,213.52982226138747,215.68668522621672,16634259
2015-08-03,216.21510314941406,218.67393310756034,215.55726315463897,215.90236639024334,9887787
2015-08-04,213.0984649658203,216.90534195749052,211.37297732635534,216.42004630921898,12006872
2015-08-05,213.0445098876953,215.8592270656382,212.25724719262516,213.1523501478697,14345010
2015-08-06,211.14646911621094,213.96118636612832,210.83373235370829,213.7454914423655,8708037
2015-08-07,212.31118774414062,214.39256241615172,210.7582303619759,211.15725373384046,8608888
2015-08-10,208.97882080078125,213.27097841911095,208.02979769771665,212.34353776638306,9288894
2015-08-11,208.3533172607422,210.00331634222698,206.62781560348682,209.43174859757792,8762464
2015-08-12,203.37098693847656,208.35335147523278,202.8641232630559,207.83570377263084,9650325
2015-08-13,201.3111572265625,205.75430550029404,200.45919038047677,204.2552826991285,9340350
2015-08-14,208.5582275390625,209.64744297335707,201.51605690968213,202.79939921210263,12739366
2015-08-17,205.05331420898438,208.35332692288597,204.05037100351115,208.35332692288597,10857430
2015-08-18,203.6298065185547,206.19647701410463,203.22001347977385,206.19647701410463,6630334
2015-08-19,205.89450073242188,207.274884869613,202.62684003742564,203.6082152087451,8877298
2015-08-20,197.63368225097656,207.04841013731846,197.08368254879417,207.04841013731846,19008087
2015-08-21,195.83274841308594,196.68471541034026,193.47097432082074,196.2749079535128,20050521
2015-08-24,178.92286682128906,189.80426548060146,176.4316849009928,189.80426548060146,35635706
2015-08-25,182.93463134765625,185.63072403270024,177.55325879855377,181.36012047613085,49504268
2015-08-26,184.06700134277344,188.68269380966993,181.17679613903437,182.85914730045522,18955515
2015-08-27,187.46408081054688,190.07388730409656,184.85427431699722,186.95721714946367,26997546
2015-08-28,188.16505432128906,190.4513254037068,186.80622386417951,188.7258380659934,10770215
2015-08-31,184.6062469482422,188.26213294854446,184.15330340866046,188.26213294854446,20708942
2015-09-01,181.1444549560547,184.17485267267404,180.1199436824047,184.17485267267404,21645696
2015-09-02,183.2366180419922,184.86504921357766,181.7375951865303,183.33367427908487,19652369
2015-09-03,184.1640625,185.6523012434321,182.12582404681015,184.20719860289094,11659978
2015-09-04,180.29249572753906,183.26897343967389,177.96307400563813,183.26897343967389,16199949
2015-09-07,179.71014404296875,182.0395657667677,178.5238723269235,180.79935952008472,10234633
2015-09-08,183.0316925048828,183.96993151753745,177.96305654976982,180.314046094147,12900468
2015-09-09,188.5209503173828,189.52389364500385,183.44152951593438,185.7062472224497,17340694
2015-09-10,187.00035095214844,187.7552616199805,184.51995281168513,185.7062389471499,11074406
2015-09-11,185.6954345703125,188.9630807028417,184.6709233461719,188.0787618110009,10634833
2015-09-14,186.3209228515625,186.71994619609512,183.74346874732453,185.8679793791063,7964072
2015-09-15,187.00035095214844,187.6474213525472,184.5415208651718,185.92191948201648,11509788
2015-09-16,188.19740295410156,189.23269821735857,186.6121079821079,188.10034672277712,13424811
2015-09-18,193.1258544921875,194.01015903348315,189.18956976826752,189.46995444788118,34261453
2015-09-21,189.39447021484375,191.57290113194648,188.95231073602508,189.80427761457076,12732187
2015-09-22,182.8807373046875,190.86114745030764,182.14740908923733,189.80428403509734,15745524
2015-09-23,183.40916442871094,184.80034703564294,181.17681336006353,181.82386934551363,15221260
2015-09-24,180.60520935058594,182.9022641174557,180.0444256892399,182.9022641174557,29076982
2015-09-28,179.93658447265625,181.3709030048691,178.73952889057725,181.13365445263256,11624639
2015-09-29,181.3385772705078,183.3875999290503,178.17877106934904,179.01995394526207,15853471
2015-09-30,185.98658752441406,186.5258031547659,180.85324781247408,183.54934036213004,17292020
2015-10-01,186.5042724609375,188.49937501221308,185.18859239443228,188.49937501221308,8663393
2015-10-05,191.52976989746094,191.96114536088643,185.88956558881378,186.09447649283808,16015412
2015-10-06,193.69741821289062,194.2258498805165,191.04446145095,193.17977057117756,12330294
2015-10-07,197.094482421875,198.01115346518384,192.17683678354965,192.97486913810502,11515191
2015-10-08,191.7670135498047,197.33172911101852,191.15230969549748,197.33172911101852,10753149
2015-10-09,191.38955688476562,195.29348928942224,190.12779710854883,192.8346594919329,9327873
2015-10-12,192.3385772705078,194.46308785112484,191.529746575337,191.529746575337,6212395
2015-10-13,192.7376251220703,193.31997696159476,190.4297714194666,190.89349896532667,6162561
2015-10-14,194.7542724609375,195.19643190062985,192.8130902956141,193.21211363366797,8002587
2015-10-15,194.91603088378906,196.49054177146857,194.13956666419938,195.77878170368658,9048478
2015-10-16,197.3101348876953,197.3101348876953,194.91600954344378,195.08855392937326,15246935
2015-10-19,207.81410217285156,208.24546319047266,202.96114674563634,202.96114674563634,33505855
2015-10-20,206.34742736816406,208.50429000447116,205.54938070582372,208.13761874897176,18091895
2015-10-21,205.98077392578125,210.25136346681964,205.5493984816352,206.08861418734307,14404450
2015-10-23,206.12095642089844,209.87391252718837,202.99350259758887,207.91116226891455,12153422
2015-10-26,203.3601531982422,207.70623027306812,203.0258340394492,207.46898173307713,10938775
2015-10-27,202.64842224121094,204.52490050605314,202.18469468842926,202.48666183834513,11601798
2015-10-28,202.08761596679688,203.80233363803075,200.5670251553073,202.07683194113875,11958727
2015-10-29,202.96115112304688,203.8239019726922,201.65624082290574,201.88271975993925,13280382
2015-10-30,204.40625,206.17487337157814,202.76703493412072,203.19839595311697,13366359
2015-11-02,207.0160675048828,207.38273878903166,203.86704550616568,204.6866458850942,7222044
2015-11-03,208.6121826171875,209.31317322846024,207.3288544976777,207.76023001279142,11373522
2015-11-04,205.18275451660156,210.29454197220505,204.08275490639727,208.78473491559703,10033187
2015-11-05,202.01217651367188,205.11806303975717,201.23571208110133,204.68668751148397,10767454
2015-11-06,205.4199981689453,205.92686181592717,202.29254407444432,202.6268488983073,8367190
2015-11-09,207.32882690429688,208.13764328932635,199.17585810973736,201.34351942474248,17031699
2015-11-10,199.02487182617188,206.9513612716489,197.63368928389946,206.41214557585238,11486238
2015-11-13,201.24644470214844,202.4327163034476,197.2454560567677,197.36408033731803,13682323
2015-11-16,201.5160675048828,203.17685080895376,199.45626081535536,199.7258758805231,15346549
2015-11-17,200.10330200195312,202.5082117654588,199.76899719928755,202.32488332528735,8588142
2015-11-18,196.70628356933594,200.86903351119236,196.26412402867695,200.07098665285153,11249222
2015-11-19,201.6131134033203,202.4650802639852,197.83860346988237,198.19449073032067,12183206
2015-11-20,204.2229461669922,205.5062886372638,199.62882085631747,201.4513791011997,11304265
2015-11-23,205.71115112304688,206.6062540560812,204.0827200411242,204.90233479390955,10499517
2015-11-24,208.719970703125,209.56115346714228,205.12878951504746,205.5493808970561,14806176
2015-11-26,213.23863220214844,213.9504067479622,208.83863420067823,209.43177005692354,23805828
2015-11-27,211.16802978515625,214.06901914398404,210.10038242366318,213.31410853405853,10891864
2015-11-30,208.59059143066406,212.32197986398762,207.5552960683557,211.04942151562133,29919205
2015-12-01,208.3317413330078,211.11409177318114,207.32879821196565,207.92193398500936,12981379
2015-12-02,210.9307861328125,211.30824144657555,208.02979670634872,208.40725202011174,7573628
2015-12-03,210.76901245117188,213.30333060337222,210.1003884273676,210.2729328469561,11361395
2015-12-04,208.23471069335938,210.5533485036212,207.36119010252116,209.71216559610298,13443688
2015-12-07,205.34449768066406,209.86313412648315,204.84841808997868,208.23468861943664,14483909
2015-12-08,202.93959045410156,205.6788050642084,201.9042951560251,204.66507781826277,7532164
2015-12-09,197.5474395751953,203.48961132957604,196.88959951893887,201.92588419388113,9174419
2015-12-10,204.9778289794922,205.721941175931,198.43173798486978,198.97095368605838,18592203
2015-12-11,205.53860473632812,206.84351503321815,203.37095798984026,205.2797881208182,18155513
2015-12-14,206.00234985351562,207.81412390861303,204.0395994264599,204.3847026745497,10563900
2015-12-15,210.48863220214844,210.93079168455452,205.689596452289,206.41215502033035,15718833
2015-12-16,211.08177185058594,213.00138618504857,209.97098831032028,210.48863598719453,12097338
2015-12-17,217.77880859375,218.92195844925246,210.94154950044492,211.38370892791042,19369032
2015-12-18,213.9396209716797,217.62785879507004,213.5298135695476,216.50629125084478,16016139
2015-12-21,213.98275756835938,215.47099641242264,212.31119027461335,213.07687055059927,12331769
2015-12-22,212.9474639892578,216.24746249815573,212.2356894417627,214.13373570455065,11579277
2015-12-23,216.50628662109375,217.17491064318043,213.5298090034453,213.91804834442092,12919467
2015-12-24,215.80531311035156,217.23963190110007,214.88865641358592,216.52787171819853,11901877
2015-12-28,217.9298553466797,218.65239961272107,215.68670555757464,215.81611389216695,12885935
2015-12-29,219.00823974609375,219.7199998309059,217.22881793721646,217.92980839436726,14913870
2015-12-30,216.65725708007812,219.13765502715017,216.11804138705364,218.92197450909973,8151610
2015-12-31,218.83567810058594,219.93569188706,215.4925438331794,216.41999881504498,18483713
2016-01-01,218.9974822998047,219.7631626053424,217.45532326396145,217.80041212374195,5416562
2016-01-04,214.67294311523438,218.66314796400553,212.81803303045032,216.7651017747287,30170947
2016-01-05,216.79747009277344,217.8435495008794,215.0396305093221,215.75139068466748,14946239
2016-01-06,222.63177490234375,223.96903727610155,215.7729330211221,217.32587590779337,26759864
2016-01-07,218.54452514648438,221.72589926161513,217.42295762633168,220.22687642671337,19739943
2016-01-08,221.24061584472656,222.78277486917128,219.2886494044218,220.00042396825756,21313199
2016-01-11,226.8161163330078,228.80043485596795,218.05924180640085,219.12688925548707,29016443
2016-01-12,225.4896240234375,229.79256536172463,224.55138501337092,227.54943047624425,23373377
2016-01-13,232.26219177246094,235.04455687716177,225.8670771603823,227.13963542633581,71802356
2016-01-14,228.9837646484375,233.15731262584012,227.12886883415823,229.45827622834608,27823189
2016-01-15,231.49649047851562,234.99061559913002,229.83570732296806,230.73081025404883,28767318
2016-01-18,219.32098388671875,233.79356421462063,217.4337361564748,231.86316598278572,27254669
2016-01-19,225.09060668945312,226.42785467690007,218.72784433069734,221.94158478624166,21489315
2016-01-20,216.66806030273438,223.21415177822698,213.52982209966274,223.21415177822698,45114225
2016-01-21,212.27879333496094,221.24057719266384,210.66114640560986,219.47195391465115,31768619
2016-01-22,216.58175659179688,218.05921125018324,214.40332589168023,214.40332589168023,23682648
2016-01-25,216.53863525390625,219.7307933446895,215.6866684021363,217.84353119872503,13099564
2016-01-27,215.5464630126953,217.8435180085244,215.0288153969411,217.43372504438798,17251028
2016-01-28,219.33175659179688,220.3886342714085,215.06116736347508,215.9023501378587,23074633
2016-01-29,223.3219757080078,224.31413490215292,219.56903385070606,219.77393034601704,19177163
2016-02-01,222.2219696044922,224.70236751564363,221.19745836279253,224.30334416513048,9918809
2016-02-02,215.93470764160156,222.76118304286348,213.63763819130708,222.2219673630865,14771279
2016-02-03,211.6748809814453,214.39254174024484,210.29449694937637,213.09841551254542,15691478
2016-02-04,209.87391662597656,215.90235985186652,208.28862163207913,213.09842674303005,18203784
2016-02-05,209.41017150878906,211.8042826381615,207.3611491776557,211.17879479345598,20998404
2016-02-08,207.2856903076172,212.40824685964114,206.6170518707073,209.45333721959173,12078110
2016-02-09,206.5199737548828,208.95723546830487,204.90232676211878,205.52781462899057,19603494
2016-02-10,207.6307830810547,209.86314859196088,204.61116922508546,205.26902364796624,16883350
2016-02-11,199.41311645507812,208.3425493476131,197.46115011324795,207.67391092466315,17114833
2016-02-12,195.53074645996094,201.4297814286022,191.55132570175633,201.4297814286022,29319458
2016-02-15,204.20138549804688,205.19354486288168,198.00039666677995,198.00039666677995,19283523
2016-02-16,200.70724487304688,206.62783371931286,199.94155020598154,205.13959488850472,13024856
2016-02-17,205.463134765625,206.50921414181406,197.65526913941457,201.68861027174333,15442221
2016-02-18,202.7670440673828,208.93567969165795,201.88272514281232,207.69547351248744,14433087
2016-02-19,203.6837158203125,205.49548990804146,202.17390887983822,202.74549109405953,10235503
2016-02-22,207.55528259277344,208.84940891058716,203.62978193309357,203.62978193309357,12770834
2016-02-23,204.8268585205078,208.6121525640382,203.33861968682004,207.72783360534714,18989787
2016-02-24,205.47390747070312,206.7464513354168,203.1768379415559,203.80234024580352,15186204
2016-02-25,203.6298065185547,206.31511571270465,202.9288303437924,205.80825202999645,24826958
2016-02-26,204.9778289794922,206.789602950141,203.6729186318346,205.5493967588782,8349402
2016-02-29,208.49351501464844,214.52195815065502,201.66702518171687,205.1827183422465,31032353
2016-03-01,211.6533203125,212.46215103275813,208.06213898260236,208.07292300826185,16453192
2016-03-02,216.01019287109375,216.9268638335654,212.93665921896965,214.15528289516985,20105967
2016-03-03,218.45823669433594,219.56902010570505,215.14744011311868,217.84351845108708,15880459
2016-03-04,217.06707763671875,218.9219877961261,216.44158969851134,218.70629286708612,8987660
2016-03-08,221.5102081298828,222.35137653076552,217.3043085338768,217.3043085338768,13222993
2016-03-09,224.68080139160156,225.1553129264098,219.69843747506417,220.0004045964506,11854901
2016-03-10,218.22096252441406,225.5866674584375,217.62782676032924,224.7562687499806,20706353
2016-03-11,218.81411743164062,222.06020997768005,217.97294902265057,218.90040403580468,15319044
2016-03-14,219.94650268554688,221.38080703671636,218.47983185628152,219.80629594012996,11880095
2016-03-15,220.10826110839844,221.69355621746982,218.94355743599894,220.86315737076126,10487788
2016-03-16,220.3778533935547,221.25138831358444,216.86217445678315,220.21609300017838,11064129
2016-03-17,221.60494995117188,226.16355676483715,220.73248527640175,224.00422052678675,16832997
2016-03-18,224.0478515625,224.69128737072785,221.5395264388928,222.0957186880398,14030979
2016-03-21,226.25082397460938,227.16691052289335,223.07725195234684,224.21144741212345,12708074
2016-03-22,228.5519256591797,229.5116193452213,225.89090981331717,226.18537137790238,15333442
2016-03-23,224.48411560058594,228.34474555483132,223.00093120686188,228.34474555483132,16806372
2016-03-28,222.56466674804688,225.02937008513632,221.52862036688163,224.65857040008586,18070240
2016-03-29,226.02178955078125,227.27594480053187,222.52103991207736,223.30624648374575,15871250
2016-03-30,228.37745666503906,229.40259772546372,227.4286537278363,227.4286537278363,14453294
2016-03-31,227.9739227294922,230.32957171861716,225.24748859949202,227.05785076261697,30833349
2016-04-01,225.62918090820312,228.21384410198706,223.5679936199956,226.64341638525784,12381116
2016-04-04,225.7600555419922,227.31957787824732,223.63343549800857,226.83972373170675,8632568
2016-04-05,223.9933319091797,227.36320185262042,222.9572854900625,224.95304021152083,10259495
2016-04-06,225.47653198242188,226.1199678575967,223.04454471997164,225.11663770376123,6990781
2016-04-07,226.2399139404297,228.5846574914566,222.9354766382923,225.72734344881053,8789163
2016-04-08,226.04359436035156,229.99146712173717,224.92030447608988,225.94543080152783,13411752
2016-04-11,226.90513610839844,228.03934598241958,225.31289757910628,226.18536223296698,10308361
2016-04-12,228.45375061035156,230.64581766758099,226.41437433004717,226.9051338730083,11164859
2016-04-13,232.52163696289062,233.36138541765928,229.57709376826315,229.57709376826315,16038542
2016-04-18,232.23806762695312,232.68520541568859,230.19869124613882,232.46708196361936,19065716
2016-04-20,226.25082397460938,233.2087020913287,225.92364604736298,233.2087020913287,21687934
2016-04-21,227.09054565429688,229.45708530526102,225.74913232660333,227.14507287574713,11380697
2016-04-22,226.6107177734375,228.47559264289401,224.5059085418241,226.62162321898975,11705087
2016-04-25,221.80125427246094,227.81032904719183,220.79792423588157,227.81032904719183,61157544
2016-04-26,221.81214904785156,223.3280494745498,219.75096185011125,221.47408027700897,26429236
2016-04-27,222.3465576171875,223.7752146651629,221.60497275931127,222.01939425048067,14502641
2016-04-28,217.39535522460938,222.30293678628,216.1411853001772,221.1687413234945,61949033
2016-04-29,214.3417205810547,217.79884839429886,213.50197223777278,216.6864493795597,23479680
2016-05-02,215.26869201660156,216.45741446954142,213.31655940415578,213.53466827258342,10620873
2016-05-03,212.83676147460938,217.0136638867976,212.17151469042506,215.4977631713551,17571826
2016-05-04,213.33839416503906,214.55983308493052,212.2260096915654,212.4550240290427,13546285
2016-05-05,212.71678161621094,214.50531832136906,211.76797875725225,213.75282803737144,21665684
2016-05-06,211.34266662597656,213.05486533406588,210.91733967046187,212.22603687512182,14748329
2016-05-09,214.42898559570312,215.06151599757658,212.18240557249408,212.66225973667574,15347096
2016-05-10,214.30899047851562,214.77793912008826,213.31656597658338,214.42895035984688,7248302
2016-05-11,212.74949645996094,213.91640821624026,211.57166469847593,211.9642752856376,12339923
2016-05-12,216.54466247558594,216.85002945767675,212.67312806124787,212.88033149052046,12786216
2016-05-13,213.3493194580078,216.05394278081627,212.66226182165124,215.70495395980603,14648291
2016-05-16,212.8694610595703,214.29811809218634,211.81160373190966,213.09847541380296,9327335
2016-05-17,211.3862762451172,214.4289828748398,210.77555674209188,213.80735792640345,12157600
2016-05-18,211.69166564941406,212.11697806539394,210.2848193626851,210.677429998983,8228838
2016-05-19,207.4711151123047,211.98610077559522,206.24967604591072,211.942478991796,9134784
2016-05-20,203.76315307617188,208.19089498730926,203.14152812293528,207.64560815253944,18544619
2016-05-23,202.84706115722656,205.1808992313783,201.89825830427725,204.45020528255208,18365734
2016-05-24,205.1263885498047,205.9006897818998,202.42175056049433,202.42175056049433,12283217
2016-05-25,207.4711151123047,207.82010394270637,205.27906223636222,207.17666807165998,9240115
2016-05-26,206.52230834960938,207.73285650752342,205.92249427352957,207.209380551671,14190024
2016-05-27,212.59678649902344,213.07664060451046,206.93670079112437,207.00213345641728,13401594
2016-05-30,211.2881317138672,214.07999859829175,210.48109961633403,212.96761402277878,9633652
2016-05-31,208.9215850830078,212.22603715716104,208.62713803957345,211.35357235289493,23332727
2016-06-01,207.99456787109375,210.72101641439144,207.60197186070434,208.94337068288078,9042808
2016-06-02,208.5725860595703,208.76889863894385,206.1406134685043,208.1908954663583,10253825
2016-06-03,209.31414794921875,210.0230163409628,208.4853051182525,209.39048605417528,8643295
2016-06-06,208.25631713867188,210.04485378955368,207.76555755617267,209.60862143177584,8672842
2016-06-07,208.3108673095703,209.59773907476205,207.55836240551068,208.79072149998288,18954268
2016-06-08,208.1036376953125,208.95427694783493,207.02395498248453,208.95427694783493,12135516
2016-06-09,211.82249450683594,212.97850076339014,208.5616646261698,209.39050754219335,15643495
2016-06-10,213.03305053710938,214.7125474363058,211.20089195617842,212.44414190180987,16316760
2016-06-13,213.9927520751953,214.50532257329814,210.0557697727436,211.5498594850865,10214469
2016-06-14,212.9348907470703,214.93064547457692,211.4189901721885,213.96003172404053,10923848
2016-06-15,214.7561492919922,215.17055619541046,212.3895949645451,213.752819247914,11129082
2016-06-16,212.94578552246094,214.54892957930946,210.92822000547326,213.97092644806528,9372207
2016-06-17,212.6404266357422,213.45836414253748,211.59347478064808,213.0984698923467,10534878
2016-06-20,215.9776153564453,216.50109133387943,211.1354662051818,212.04063279948895,10758608
2016-06-21,215.30142211914062,216.8391334199327,213.6873727095157,216.82822797581372,13933068
2016-06-22,213.8618621826172,215.0396792805146,213.1202628543072,214.84338128420026,12788710
2016-06-23,213.85098266601562,214.1890514784339,211.57167174354558,213.74192821039682,9837526
2016-06-24,207.52560424804688,210.45925603008223,203.58863706279305,210.45925603008223,24985097
2016-06-27,208.44171142578125,209.04152546268156,205.137274220309,205.137274220309,9163399
2016-06-28,208.91065979003906,209.7285972863339,208.29994030907554,208.60530732956065,7604977
2016-06-29,210.8955078125,211.34264561564038,209.39051272876168,209.82674508694757,7523987
2016-06-30,211.3862762451172,213.20754386878923,210.92823297784642,212.0079011935535,12758283
2016-07-01,212.3241729736328,213.05485237378142,211.57166812272655,212.17149673837937,6610193
2016-07-04,215.21417236328125,216.71916739015768,212.77129454574796,212.77129454574796,7803505
2016-07-05,216.61013793945312,218.7476635564476,213.81827101440084,215.0833318473131,11359882
2016-07-07,215.4759521484375,218.2241974139048,215.09424696823115,216.47928232726036,12029091
2016-07-08,213.40383911132812,215.71585174843406,212.95670129528247,215.27963393766467,7140617
2016-07-11,216.479248046875,217.01362939053905,214.95244212783402,216.15207014993547,8266601
2016-07-12,218.8567352294922,219.20570949935242,216.15209727802792,217.07908930236,9767494
2016-07-13,220.02365112304688,221.75766073842524,219.02032095867483,219.24933532749515,14915296
2016-07-14,219.18385314941406,221.19051302496683,217.73338546110637,219.8818306643919,10758372
2016-07-15,220.77613830566406,222.69555503785514,218.8785470254373,220.07817520305275,13992989
2016-07-18,219.47836303710938,226.56710682514114,218.4968437704583,224.2223631192507,32106850
2016-07-19,221.99758911132812,223.12087915280753,217.0899928834956,219.42383109317785,16649300
2016-07-20,223.13174438476562,224.28775055542238,221.72489844500117,222.46649774844508,12265316
2016-07-21,219.5001678466797,223.56801559951796,219.20570625084096,223.34989212407987,6711097
2016-07-22,221.35415649414062,221.99759236811568,219.22752172420948,219.42383431220745,6899519
2016-07-25,223.07723999023438,223.29534889003133,219.71826101331484,221.1687288769845,8241568
2016-07-26,223.3607635498047,225.7055068335923,221.4304562622275,223.13174922348392,10516399
2016-07-27,220.972412109375,223.78608947794288,220.0672311320429,223.1426537181549,11030767
2016-07-28,223.86245727539062,224.7676383727693,220.96153596958501,221.37595745898793,15610838
2016-07-29,221.3650360107422,223.5461831951758,220.73249109685116,223.34987063017272,9629597
2016-08-01,220.18722534179688,222.54287442689485,219.21661154877083,222.0412093617356,7978251
2016-08-02,220.90699768066406,222.47742543554978,219.4892461552792,219.8600458440736,7710138
2016-08-03,216.7955322265625,221.25597577475318,216.2611508539917,221.25597577475318,11872282
2016-08-04,216.58831787109375,218.11512389854363,214.49441412602044,217.89701499176815,10187608
2016-08-05,221.6595001220703,222.25931418807218,217.4716925456135,217.67889601132066,12109001
2016-08-08,224.4949951171875,225.5310415278423,222.18296794224895,222.4556186313719,13556347
2016-08-09,224.81126403808594,225.64010703120874,222.69554933249137,224.0042464963683,13290768
2016-08-10,218.91123962402344,225.6509937877628,218.55134538576357,224.93121987124943,13471958
2016-08-11,221.19053649902344,223.09904758407637,218.02787013865404,218.54044060561066,14169454
2016-08-12,225.92364501953125,227.47227652411328,221.8230810220655,221.8230810220655,16365425
2016-08-16,223.54620361328125,227.8866874891524,221.49592157824495,226.0218125913317,13367575
2016-08-17,221.0160675048828,224.39684303904727,219.68555944665835,223.37170202107345,15486572
2016-08-18,222.05209350585938,223.27353243428752,221.60495571241523,221.60495571241523,7749690
2016-08-19,221.3650360107422,222.91365284129105,219.66372839407845,222.0411881435151,8177802
2016-08-22,220.6997833251953,222.41199645300998,219.68554780668342,220.73249966063074,6684236
2016-08-23,220.39443969726562,221.3868643652759,219.20570244876532,220.73250851031898,7320433
2016-08-24,222.5865020751953,222.9027745706977,220.51440908537282,220.6670853300942,8719596
2016-08-25,220.88519287109375,224.44046994738392,220.07816080150351,222.73916224608712,14960746
2016-08-26,224.20054626464844,224.83307668011062,221.2996103261385,222.019398867878,9639663
2016-08-29,230.64581298828125,231.1474779651304,223.8078958577485,224.05873562617563,16193208
2016-08-30,232.5979766845703,233.05600538709734,229.6752299845935,231.63826837830905,18170724
2016-08-31,231.20204162597656,234.25565374375375,228.366538419466,232.27080441119784,23295502
2016-09-01,224.48411560058594,233.9830215162642,223.72070523087112,229.67525369861585,42621045
2016-09-02,221.02694702148438,225.21475416788323,218.61677099941394,224.8984817190122,28124615
2016-09-06,222.45565795898438,223.56804268244852,221.38689502389062,222.45565795898438,11510431
2016-09-07,221.96487426757812,224.01515633922466,220.96154412358055,222.91367718201147,12927438
2016-09-08,225.40016174316406,225.95636856686406,222.52105141816577,223.14267635288076,12206479
2016-09-09,227.8321533203125,228.99906509661955,224.65858135296872,225.74915501157437,15269894
2016-09-12,228.25747680664062,230.32956963873107,224.4731853947723,224.74582152530684,33684893
2016-09-14,227.87576293945312,230.98390206859085,227.03602912954972,228.58464597171667,18604842
2016-09-15,232.2926025390625,233.42679793534566,228.36652587192137,228.36652587192137,31371009
2016-09-16,234.5937042236328,238.58521346795038,231.00571099363268,232.72882949801365,39324529
2016-09-19,236.0878143310547,237.30926792478982,233.60131448096698,233.93938329636953,16678060
2016-09-20,234.2992706298828,236.60037783568936,233.17598064031816,236.43679615565773,11531268
2016-09-21,233.8739013671875,236.63305133764308,233.1650329886923,234.25560644484085,10943394
2016-09-22,237.51646423339844,239.01055392355443,235.34622237280945,236.21868711917966,18761415
2016-09-23,240.53733825683594,241.98780603486367,237.52734825732105,237.52734825732105,31085948
2016-09-26,241.49708557128906,246.3719655830976,239.9811848818014,240.66824254681805,38213411
2016-09-27,242.21682739257812,245.58671171327163,241.36618814891267,243.63457887869546,19374535
2016-09-28,237.8872528076172,241.67154407997884,236.93844998832031,241.64973319034013,24820234
2016-09-29,233.9175567626953,242.27136053832746,232.81607770486463,238.8360580256888,21260295
2016-09-30,236.37136840820312,238.7379228953342,232.57615687234332,232.94695658148066,11199883
2016-10-03,237.89817810058594,241.66065879721748,234.7464169247979,237.091145996609,18125170
2016-10-04,239.13052368164062,241.73699802288087,238.18172077884466,238.4107497002132,13113580
2016-10-05,237.61460876464844,241.34438747710735,236.8294021557144,240.79910066090105,10789932
2016-10-06,242.28228759765625,245.65215753884016,238.18170914494164,238.18170914494164,21111045
2016-10-07,241.88966369628906,244.95416644191027,241.3443769039714,242.9802372809243,15280380
2016-10-10,239.13052368164062,244.72519208640458,238.61795317001585,242.98026252171988,11553662
2016-10-13,230.58041381835938,237.53827728184586,229.45710925920062,237.52737183641736,21938040
2016-10-14,235.05174255371094,236.00054534377966,231.56189839897752,231.85635996003558,15265659
2016-10-17,231.3437957763672,235.73882106229607,230.92937431476497,235.56431938582827,9826781
2016-10-18,235.80426025390625,236.16415450156984,231.64916919817793,232.51071391954494,11073137
2016-10-19,237.16749572753906,238.77065456824837,235.86971850221332,236.53496528427084,17073242
2016-10-20,237.2111053466797,239.49040159889924,236.4476950742572,238.60703143109822,10125508
2016-10-21,232.11813354492188,239.2723098401307,230.8530581502772,239.2723098401307,43608816
2016-10-24,231.92178344726562,234.25562127437016,231.34378035251675,233.38315663021822,10513017
2016-10-25,231.38742065429688,232.34712892770003,229.93695279926723,232.2926017030756,7658966
2016-10-26,229.9042205810547,231.08205223158907,229.47889369836219,230.34045290791866,10945927
2016-10-27,228.73731994628906,229.8715153147331,227.58131368845213,229.26079585172525,12842476
2016-10-28,230.1005401611328,230.76578683590748,227.66855323662065,229.02087203518477,8127969
2016-11-01,229.239013671875,230.31868195205274,228.4537924353777,229.30444634824843,10223897
2016-11-02,223.29534912109375,227.46136015158623,222.69553508602482,227.05784412653767,7039997
2016-11-03,223.33895874023438,225.69460753224655,222.60827940493752,223.31714785141972,7311872
2016-11-04,219.32566833496094,223.9824244566282,218.115120242626,222.53195657086164,11535892
2016-11-07,218.365966796875,221.7249313688768,217.90792352614616,221.1687390887076,9506040
2016-11-08,218.8785400390625,219.35839420679383,217.74433001351096,219.35839420679383,13432073
2016-11-09,219.1184539794922,220.07816228927382,202.84706361457168,207.2093727899421,21640144
2016-11-10,220.383544921875,224.4295819088874,219.64194546635355,222.1720817640001,9764091
2016-11-11,218.496826171875,221.9321433284599,217.04635828087217,217.64617232662354,14775330
2016-11-15,214.9306640625,218.11514172168262,213.654683173576,217.35174592558084,14487470
2016-11-16,215.1814727783203,217.41716188356813,213.9055065475265,217.02455128947497,16550762
2016-11-17,213.26206970214844,217.7116078808309,212.5313757443697,215.06151186323157,12628378
2016-11-18,215.38868713378906,216.5228825551867,214.18904448115077,214.84340031350146,18163751
2016-11-21,216.26113891601562,216.70826214266268,214.45077688029838,215.39957967636647,13232434
2016-11-22,218.431396484375,219.8164171631175,216.65375065322283,217.61345896353697,17646355
2016-11-23,220.07815551757812,220.4053334276661,218.0169681720391,219.20569079734793,13107911
2016-11-24,215.3560028076172,219.32570193255225,214.23271266446488,219.32570193255225,18913793
2016-11-25,216.74099731445312,217.22085147647007,214.70163532589027,215.93397978742965,10454964
2016-11-28,215.20326232910156,218.24596865159003,214.6470701092924,216.5882974364724,8312777
2016-11-29,217.61346435546875,219.05302685660882,215.50865511183503,215.71585857851105,9885281
2016-11-30,215.94488525390625,218.1042217031886,215.2032858398047,218.1042217031886,27596098
2016-12-01,217.62435913085938,221.38685416345433,217.02454509146204,218.11511871945842,12627845
2016-12-02,216.9700469970703,219.2057217786302,216.32661109096418,217.22087226758288,12481430
2016-12-05,216.77371215820312,218.04967830725417,215.17055354836046,217.02453738613377,3987213
2016-12-06,219.2493133544922,219.54377493061577,216.93730076569585,217.2426532268541,6726369
2016-12-07,217.92974853515625,219.77281262295588,217.3190289879563,218.98760593655834,4930865
2016-12-08,222.48834228515625,222.870047438481,219.06393047077154,219.21660670809848,8750556
2016-12-09,224.4295654296875,225.06209581765228,222.54286515109575,222.91366485162973,8239158
2016-12-12,224.0478515625,227.21051793922015,222.58647826787612,222.58647826787612,9023848
2016-12-13,226.79611206054688,227.05785731578487,224.1242050800315,224.22235409074293,10365823
2016-12-14,231.09295654296875,232.172624630662,226.4471063086501,226.7960805204262,24139260
2016-12-15,229.66432189941406,232.85970469511807,228.72642449453002,229.54436200251206,19331986
2016-12-16,230.58041381835938,231.63827114493978,229.45710925920062,229.45710925920062,14942206
2016-12-19,231.75823974609375,232.71794809985008,229.9696883886366,230.11147374453793,15009634
2016-12-20,230.74400329589844,231.42015549531862,229.7079568251703,230.0460402048843,11688169
2016-12-21,231.910888671875,232.79425880071662,230.5913007608954,231.22383110500155,20367894
2016-12-22,229.75157165527344,231.78004275215315,229.2280957128531,230.7658072037133,28892834
2016-12-23,230.6131134033203,233.15415480362375,229.45709259184733,229.45709259184733,10265033
2016-12-26,228.4646453857422,232.51068142521513,227.85392598657745,229.96964027654357,15321770
2016-12-27,232.22715759277344,232.75063348338534,228.36651379950698,228.55192091410248,17442849
2016-12-28,228.95545959472656,233.2850527608501,228.38836183432898,232.92515847751787,9637310
2016-12-29,232.39076232910156,233.1214562956236,228.91182330403737,229.0208923187473,8772325
2016-12-30,236.0878143310547,236.65492662529346,231.87819582694956,232.24899553933412,15711974
2017-01-02,236.6767120361328,237.74547471558395,233.89573633265823,236.4367776974772,7097888
2017-01-03,237.61460876464844,239.2722946635221,235.80426119404578,237.71277233077117,6434204
2017-01-04,232.76156616210938,238.39984173028458,232.13994119927543,238.37803083895733,10392483
2017-01-05,234.99722290039062,235.54250970213045,233.11053726397373,233.60129684154023,8734164
2017-01-06,234.46286010742188,236.6549274927825,234.05934405658374,234.29927842195005,7845839
2017-01-09,235.06265258789062,236.87301464750885,233.60129387856793,234.9099763621418,5228980
2017-01-10,237.7127685546875,238.7051786052128,235.5643230993557,235.5643230993557,11349916
2017-01-11,236.88392639160156,238.9887355139938,236.43678858715455,238.83605928418487,11475958
2017-01-12,236.28411865234375,237.82183011640626,235.52070836294743,237.0911361628406,4371992
2017-01-13,237.83274841308594,239.38136540610557,236.55676756672054,236.55676756672054,7234429
2017-01-16,234.7464141845703,238.6070438476991,234.24474912687495,237.73459363953876,12013154
2017-01-17,227.11236572265625,232.94693881372774,226.51255170245346,232.29259756987074,39234251
2017-01-18,225.21475219726562,228.58463642090047,224.38590930679072,227.40680475127732,15867619
2017-01-19,225.4656219482422,227.99575817338288,224.87669875514263,225.78187987637995,15284274
2017-01-20,223.74249267578125,226.28353422637693,223.32807119508195,225.5201384966736,8784907
2017-01-23,221.58314514160156,224.87667681121007,220.90699300810724,222.87003130019446,13708502
2017-01-24,224.0696563720703,224.39681970974584,221.8230619866677,221.8230619866677,9419288
2017-01-25,221.88848876953125,225.24745275354377,221.6376490070861,225.09477654336268,23856654
2017-01-27,223.58982849121094,224.4186714972763,222.25932041516026,222.53197112189497,21861796
2017-01-30,227.88665771484375,228.2465519365276,223.52436351748767,223.55707985036747,15678126
2017-01-31,227.9739227294922,229.84971756453626,226.90515996813184,228.33381698505463,15125194
2017-02-01,228.94451904296875,229.21716971520297,225.79275822557454,228.1702179242346,11312284
2017-02-02,227.60313415527344,229.19537282797552,226.45803329394766,229.0208857054899,9099129
2017-02-03,225.4547119140625,229.11904354762012,224.68039615815806,228.14842977134933,13219481
2017-02-06,227.19960021972656,227.90846865896796,225.10569667488446,226.1853647801933,9991907
2017-02-07,224.8548583984375,227.35227795892135,224.04784095514063,227.27593984833976,9905562
2017-02-08,223.6007080078125,226.45802185421633,222.91365043772575,224.854863257337,16230826
2017-02-09,225.25839233398438,225.53104302491718,223.96061523076355,224.22234591645233,9861688
2017-02-10,224.69126892089844,225.8690859917902,223.6879389538409,225.74912610790417,12518554
2017-02-13,224.62583923339844,225.53102021654345,222.91364082432122,225.31289677385504,8565757
2017-02-14,228.9772491455078,229.6534158645057,224.63676549778057,225.74915002257464,18244623
2017-02-15,229.304443359375,230.65676233348995,227.9848407230203,229.6534321888258,15236663
2017-02-16,232.83790588378906,233.2632328276043,229.5770902478851,229.5770902478851,19655195
2017-02-17,234.5828094482422,235.1717326094403,230.86395071256717,232.61978563094056,14847356
2017-02-20,234.56100463867188,235.31350949748494,232.61979166145977,233.5031473061435,11650581
2017-02-21,237.35289001464844,237.95270408663046,234.0484380558998,234.51738677981467,14186476
2017-02-22,263.37396240234375,264.27912873475117,238.1816609774213,238.39978439824546,127323130
2017-02-23,257.9755859375,266.5366055146952,257.2339867539453,264.70443300003336,62249698
2017-02-27,270.2227783203125,274.12701420013326,259.63328760849055,259.665989376865,83422197
2017-02-28,270.0373840332031,272.20764005185055,267.9543715610331,268.71778171271916,36111716
2017-03-01,269.2631530761719,271.4224896534904,268.28163380284377,270.48459216475396,24385665
2017-03-02,269.75384521484375,273.66900132234696,267.6381309515123,270.0046558534794,18063590
2017-03-03,274.5087890625,280.8886639986305,270.8008502100597,270.8008502100597,84305639
2017-03-06,284.7165222167969,286.1669898763998,275.9701236053663,276.7880464245377,66724743
2017-03-07,284.6293029785156,289.43873499321745,282.7098865263874,287.6611038781255,42071555
2017-03-08,281.6302490234375,285.2291332362857,280.5178645125562,285.2291332362857,43336972
2017-03-09,280.65960693359375,283.11340473985325,279.51452070401393,281.36850450430023,31094457
2017-03-10,279.5472717285156,282.6772367635016,275.0868131135091,281.4230667482268,24785585
2017-03-14,281.2594299316406,287.69384621599517,280.3324525618673,287.6393044318848,27765035
2017-03-15,284.6293029785156,287.1049116543847,281.45574586188116,281.5975020789058,24107889
2017-03-16,283.0370788574219,285.818039974941,282.15369418243694,285.7307964198825,15924023
2017-03-17,283.702392578125,287.9010915777237,283.1243893292449,285.29461695427847,22727289
2017-03-20,279.3619079589844,284.9129406166901,278.8275264984199,284.8583988219303,12869337
2017-03-21,275.6539001464844,280.0380056743551,274.67238094113867,279.6672205310077,22596181
2017-03-22,274.75958251953125,276.11188666158495,271.8913780195265,273.0800859456828,20291685
2017-03-23,277.7259826660156,278.65296004986203,274.3888291401525,275.51210453375325,11807911
2017-03-24,280.65960693359375,281.8047222831855,276.6680977767457,277.9004566821145,16282523
2017-03-27,272.88385009765625,278.91475113159805,272.0331961733014,277.2461450615085,32452615
2017-03-28,271.7169494628906,275.69753920061453,270.92080821933286,274.3888565515023,21707345
2017-03-29,274.0943908691406,274.82507030535544,269.01230747335387,273.0147080436769,18924345
2017-03-30,277.14794921875,278.04222472986515,273.2982256394453,273.7344433912039,27862325
2017-03-31,288.1082763671875,291.76170259699813,276.1337475475613,276.1337475475613,45390562
2017-04-03,299.8319396972656,301.1079204149999,291.63081227253303,292.71049498446496,44886623
2017-04-05,308.6329040527344,309.28725990732505,301.0206992003987,304.31423112447476,40323877
2017-04-06,313.7585754394531,316.0269661161793,305.841018959726,307.32418851912024,50620850
2017-04-07,306.8006591796875,312.7770166773963,305.91730373466436,310.00697590904855,31875272
2017-04-10,301.2933349609375,310.7922251070103,300.4099502330383,307.54231512637796,30768410
2017-04-11,299.330322265625,305.4593576209089,298.8395626369632,302.71109787639944,32249647
2017-04-12,295.3279113769531,302.4057646627581,294.7062863570316,301.60962337617667,27448279
2017-04-13,297.6835021972656,299.5592676835759,293.87737120466784,295.327838935369,12713918
2017-04-17,303.5835266113281,304.39055863726304,297.7271426609843,297.7271426609843,11837502
2017-04-18,298.8613586425781,307.54232616249385,298.1633810152431,305.3502879516684,16016414
2017-04-19,298.5559387207031,301.5550377481096,296.10214101464715,298.5995604968103,11572557
2017-04-20,298.7195129394531,302.48199277161655,297.5307759480706,300.7807145087303,8393496
2017-04-21,305.9064636230469,309.9415946920145,300.68259538705485,301.10792229562276,30230907
2017-04-24,309.1563720703125,312.9952051139542,305.4047825849342,307.3350899915316,25512511
2017-04-25,312.51531982421875,320.1384437226784,311.0539611809138,318.4480561910905,36764315
2017-04-26,308.9491271972656,314.09664228731106,305.9282464550188,312.9951778999978,16763153
2017-04-27,307.4332580566406,310.6286553448767,305.8410339750038,309.0691330380611,12571594
2017-04-28,304.3142395019531,309.78891893202416,303.39815292831315,307.4878261720635,11848658
2017-05-02,298.9376220703125,305.79733514410975,298.0106448354783,305.79733514410975,18591411
2017-05-03,298.83953857421875,301.16244205882936,297.7271540548239,300.32270822674064,9500038
2017-05-04,296.1894226074219,300.9116110532944,295.3387688277013,299.90828105260044,14365934
2017-05-05,289.71142578125,298.23974655293347,289.0025572379298,296.98557659474193,15598448
2017-05-08,288.21734619140625,292.16523422563927,287.5520994081821,290.09314119198274,16066733
2017-05-09,290.16943359375,290.88919289884814,287.96644654235683,288.78439852362084,21106150
2017-05-10,296.44024658203125,297.4217657380991,290.23488830512395,291.14005478726995,22906024
2017-05-11,296.5384216308594,298.7631907054439,294.8153030385768,297.53083171020285,13783848
2017-05-12,294.5535583496094,297.5090066766222,293.1576323017237,296.6474619814442,7523427
2017-05-15,293.16851806640625,295.8513447878458,290.8565055799695,295.8513447878458,6738085
2017-05-16,295.8295593261719,300.32271935054337,292.4923765243663,293.5938701994747,12655992
2017-05-17,295.13153076171875,297.9343025705111,293.9646046150187,295.10971987449096,9844573
2017-05-18,289.5151062011719,294.4554038648374,288.8062377106258,292.32879839319924,9790379
2017-05-19,287.6611022949219,291.33633895314074,285.7307949690363,290.747444959486,12813204
2017-05-22,288.8171081542969,290.87830992955304,286.8649899421859,289.32967859703115,8801430
2017-05-23,284.7601623535156,290.060382934759,283.9858612582353,289.15518738956195,9223001
2017-05-24,283.0479431152344,286.53780146932746,282.4808600607001,285.18546825311233,14326531
2017-05-25,284.0840759277344,286.2543033858169,282.77536415319435,283.54969450780237,25922008
2017-05-26,291.6853332519531,293.23393541839704,283.54963907609863,284.41118371123235,21430443
2017-05-29,295.9604187011719,297.8252935233701,291.3145534135725,291.61993500131155,24022633
2017-05-30,296.4947509765625,297.66167710784663,294.1281969435894,295.7422608171406,9658309
2017-05-31,292.4269104003906,298.3705667958535,291.35814774403406,298.16334879512783,16423338
2017-06-01,289.71142578125,292.27427836711075,288.56633940204534,290.6820541461166,9534069
2017-06-02,288.9479675292969,291.9906883500414,287.25758001555477,291.18365636747757,11495005
2017-06-05,289.9513244628906,292.4923659717972,287.00679604519996,289.27518686653826,10835031
2017-06-06,286.3415222167969,290.95465656746495,285.94892619036233,290.95465656746495,9591064
2017-06-07,292.0561828613281,292.71053876522075,285.5127403024704,285.9925799439791,11199223
2017-06-08,290.46392822265625,293.32124252691807,289.6678160789554,292.2742905571139,7903123
2017-06-09,291.3363342285156,295.0988143803336,290.3111933583966,293.3866159687537,13836547
2017-06-12,287.7920227050781,290.038632026423,287.25764127078133,289.3406543359069,8432435
2017-06-13,286.6795959472656,289.43874628483593,285.94891658482817,288.0428202288354,6025338
2017-06-14,296.09130859375,296.6365809027536,287.01771529178126,287.01771529178126,52939271
2017-06-15,301.86041259765625,304.2705887065898,296.4402463537665,296.6365443608263,28290813
2017-06-16,302.9183044433594,304.4450959413931,298.6650350759468,302.983737116703,32710880
2017-06-19,307.37872314453125,308.80738014397826,303.2236466084416,303.2236466084416,15236956
2017-06-20,308.05487060546875,310.1815050838986,306.9861079240045,307.3241912636536,10142474
2017-06-21,310.15966796875,311.46835031865766,306.28810445692517,307.0624346312959,19992472
2017-06-22,312.4826354980469,315.26359672528025,311.40295278158476,311.78465791003055,22118609
2017-06-23,313.18060302734375,314.5220165009504,312.0355166923251,313.21333392377994,31143289
2017-06-27,313.4641418457031,314.7401226352008,310.8140458182937,312.34086641154175,32591540
2017-06-28,305.0339660644531,314.07482637901205,304.3905303284844,314.07482637901205,15567803
2017-06-29,303.7689208984375,307.5423214382329,303.2018377449507,305.3611741463324,12898245
2017-06-30,300.9988708496094,303.70347943566975,299.91918812016473,303.61623587612024,7814271
2017-07-03,301.2279052734375,304.2051940054862,299.0358669076612,302.7874277597432,9195278
2017-07-04,310.1488037109375,311.2721082818491,302.9619258182576,303.18003472910993,18816782
2017-07-05,314.6637878417969,315.7107396809208,310.59592582019263,311.7846630042028,27209010
2017-07-06,314.6419982910156,316.2669533848606,313.6495590495309,315.9833826758562,13590313
2017-07-07,325.24237060546875,326.681918508177,314.0857942794407,314.7401209988471,35845310
2017-07-10,325.6131896972656,327.3690393774526,324.79526665271794,326.1039493479977,3504540
2017-07-11,325.9403381347656,328.1323762569308,324.3371940418335,327.3908059978966,20995547
2017-07-12,329.5937805175781,332.62558173445785,326.6274119738675,327.0418189039385,17104482
2017-07-13,334.6322021484375,335.2697754999661,331.12560741803645,331.6972279419762,23010262
2017-07-14,337.19342041015625,337.6880812587091,333.19216507304014,334.170509308723,20530867
2017-07-17,341.1507263183594,342.8765359785552,337.9079429402156,337.9079429402156,18749450
2017-07-18,334.1485290527344,341.1616887626977,332.19186990933974,340.0624456806391,19640167
2017-07-19,337.01751708984375,338.12776687565776,332.5435855651652,332.5435855651652,11790198
2017-07-20,336.1271667480469,340.7659660180265,334.9839257847286,338.51250452999676,13626050
2017-07-21,348.460693359375,349.93366907014655,339.6557421270225,340.7659626407307,97142371
2017-07-24,355.1112060546875,357.23273299685394,348.46077089933146,351.758500790494,43429394
2017-07-25,352.2311096191406,357.24367100289487,351.23078109410665,357.1886956404528,20063064
2017-07-26,356.760009765625,358.3319295298749,352.0002819207915,352.6818238295933,21954323
2017-07-27,350.615234375,358.6836689403043,349.19720457864884,357.9142192981585,18409364
2017-07-28,350.53826904296875,353.0665487377584,346.92175305334956,349.83474288721385,14331863
2017-07-31,355.10015869140625,355.8916219933319,350.8790602164746,352.1871686895664,16567422
2017-08-01,352.5498962402344,356.7599875705959,349.8897109501536,356.7599875705959,12311920
2017-08-02,358.1780090332031,359.6070162054877,353.5391804266931,353.95691098734613,20786240
2017-08-03,362.7728271484375,366.0266170180593,355.50683400404534,357.6613515005247,19707381
2017-08-04,356.6280822753906,365.6089079764431,355.0781468820749,365.6089079764431,18579866
2017-08-07,355.35296630859375,358.7056415909039,354.51753451555027,358.7056415909039,9537088
2017-08-08,352.31903076171875,356.38623879868186,348.85640492672985,355.715703775665,10961296
2017-08-09,351.49462890625,356.1554423793819,348.460739982703,352.08823373568595,10436651
2017-08-10,348.3177795410156,353.2204193855858,346.9107566578007,350.230470076191,10188164
2017-08-11,339.9415588378906,347.36144256565643,337.02853961889866,340.9748491325664,16996281
2017-08-14,345.83349609375,348.3507690384517,343.1843174949378,343.1843174949378,13440617
2017-08-16,344.3055725097656,346.4820744945461,340.8099552875706,345.602674120104,13576650
2017-08-17,344.5254211425781,351.2418082296169,343.21731269638735,344.9431223855997,15828719
2017-08-18,346.35015869140625,346.8778106859259,341.45852502334924,343.843892434075,7935890
2017-08-21,343.93182373046875,348.27385040535904,343.01946158325046,346.7019306140107,7573558
2017-08-22,342.9754638671875,347.33944509592527,342.09606353362403,345.60265805485136,9533641
2017-08-23,347.8121032714844,348.8014249254596,341.45847215325404,344.03072019418977,8320052
2017-08-24,344.7342529296875,350.2414754216198,343.95379646717896,349.5599628754376,12654347
2017-08-28,344.4044494628906,347.79011558597875,343.228246820904,347.1525716639717,12316426
2017-08-29,336.8417053222656,344.61336720844696,336.3690287013287,343.37121155779795,15164812
2017-08-30,343.8658752441406,344.89916560047584,338.8423359367572,340.22737472026887,10334911
2017-08-31,350.5492858886719,351.1978366994043,346.04236259993326,346.2622053575539,25104625
2017-09-01,353.97894287109375,355.40795023557746,351.5386294074586,351.72548108724953,15431918
2017-09-04,354.69342041015625,359.70598198220995,350.8460547912308,355.16609700920856,21560532
2017-09-05,358.9255065917969,359.42016744025676,356.3862495264694,358.35388610738715,25216776
2017-09-06,361.73956298828125,363.30050521525425,356.77099943555487,357.56243333503215,48745984
2017-09-07,359.7169494628906,366.0486260924024,358.3538950680626,361.8714964568472,16205339
2017-09-08,359.1893005371094,361.98139129828564,357.0787515991414,360.55235483202625,13248413
2017-09-11,359.62896728515625,363.56426940361996,359.0353919374651,361.1239564934488,12690592
2017-09-12,362.2012939453125,362.75090086824986,359.2333285069372,361.76157905545807,6500191
2017-09-13,373.30364990234375,378.0963393329069,361.4317889996409,362.3111893648229,29377106
2017-09-14,371.0391540527344,378.7998374866457,370.2257359252255,376.2935715799691,11867640
2017-09-15,370.1378173828125,374.99645952368064,367.0379465789162,370.225754482086,28595395
2017-09-18,371.78668212890625,374.2050405095932,370.70942326846944,373.74334136854714,5061995
2017-09-19,368.7307434082031,373.193697691398,368.02724665538426,373.1717134178724,7718697
2017-09-20,372.4902038574219,383.63655436704994,371.588819213282,376.42550656543386,24942703
2017-09-21,369.93994140625,374.490833196917,367.6974865999516,372.4242525947984,12950541
2017-09-22,359.4091491699219,369.30236582373954,357.56241148100924,369.30236582373954,12294087
2017-09-25,361.2339172363281,364.04799243111563,354.0448540033758,358.3538892179402,14229631
2017-09-26,360.5964050292969,363.6523077617996,357.1228010098755,361.2999312850872,10564143
2017-09-27,351.3847351074219,363.05873930794445,349.77985341181306,363.0147707505718,18448855
2017-09-28,345.8005676269531,353.0336004837942,343.05244484739757,351.60459307526855,29547622
2017-09-29,343.3601989746094,348.85641430000516,342.56873574933206,348.13090389754257,16666208
2017-10-03,351.03289794921875,353.45122669666364,345.31681082607685,349.55992229792037,18345748
2017-10-04,360.0467224121094,362.72886249907623,349.82374165494014,351.40663870845333,18907611
2017-10-05,362.3771057128906,364.26781190498235,359.95877696570324,362.75083835608336,10631751
2017-10-06,368.0492858886719,369.0605919733645,361.6956244305018,362.31121353264257,12997688
2017-10-09,365.23516845703125,369.2584080569421,364.0699725684971,368.90663031690275,8850408
2017-10-10,370.7533874511719,372.5561567397226,365.3890774878893,365.3890774878893,14732024
2017-10-11,369.4123229980469,377.4368184671019,367.5875694059078,371.6767621056397,15420644
2017-10-12,383.74639892578125,385.527183582153,370.2696592153253,370.2696592153253,18642942
2017-10-13,385.37335205078125,391.6390468293051,384.0102975852104,386.6265144876887,21509701
2017-10-16,385.52728271484375,392.2106789352874,378.71195148280214,386.49462024036904,32009221
2017-10-17,384.4499816894531,388.69306403032414,381.3061130622782,386.05486306295046,13898844
2017-10-18,402.1038818359375,403.5988419456188,384.73580493449094,385.791079527061,36671941
2017-10-19,400.0812683105469,405.3576412543577,397.0473501989178,402.6754715551483,8014767
2017-10-23,413.2062683105469,415.3827998520189,399.7295245439685,401.40038834807666,27455320
2017-10-24,410.7878723144531,416.7018181492623,408.1277164485432,416.7018181492623,13857773
2017-10-25,413.2722473144531,415.9104193146825,408.6993708417474,413.3601844243604,10011782
2017-10-26,416.5699157714844,421.1427622206605,409.35886835828296,413.3161551285705,16840049
2017-10-27,408.8531494140625,420.65905542129684,407.0283961775313,417.71307498736036,11498547
2017-10-30,414.41546630859375,415.75653660952963,409.1830614205014,410.6780216664539,7823263
2017-10-31,413.6898498535156,415.84436723504854,409.88645335173896,415.49261887936916,9504986
2017-11-01,418.83441162109375,421.14281943352836,415.84446186294304,416.72386230375264,17571371
2017-11-02,416.21820068359375,420.5712343970542,415.18491028699304,418.94433915495716,10277678
2017-11-03,415.6466064453125,420.329374936551,413.3821671705771,420.329374936551,4798537
2017-11-06,410.0184326171875,414.4154346102954,408.4795039332275,414.4154346102954,9757496
2017-11-07,398.67425537109375,411.1177089086464,397.06937372926603,410.39222773630917,20447574
2017-11-08,390.3638916015625,398.3664021134632,388.7370259814017,396.82747358890566,17752793
2017-11-09,395.9480895996094,400.0812506693049,392.23262975124413,393.41980994231596,15007224
2017-11-10,388.6270751953125,396.1459017607677,386.58247917429856,396.1459017607677,13923102
2017-11-13,384.8456726074219,392.166640906183,384.07619370835715,389.13272320699826,9088619
2017-11-14,389.8802490234375,393.52972665263053,383.8563816887379,384.73578202209205,12481463
2017-11-15,388.5611572265625,391.59504577032317,386.032877638094,388.91290561389684,15272059
2017-11-16,397.4210510253906,398.36640415948153,389.3525876503477,389.3525876503477,15160866
2017-11-17,400.96063232421875,406.67669026508275,399.46564300403094,404.0605029820047,12219276
2017-11-20,404.8959655761719,406.4349236727002,397.9267736422081,398.4543962914145,9231195
2017-11-21,410.0404052734375,413.1622604567484,406.9405343656815,407.51215488161296,13082246
2017-11-22,409.2489318847656,412.7225351419553,406.03911055729304,412.19488322802147,11058315
2017-11-23,416.3940734863281,417.6691908418121,407.4462090190028,409.35889972798043,16031638
2017-11-24,418.19683837890625,421.89031436132217,416.56997251160783,417.7131842796163,13987125
2017-11-27,418.30670166015625,421.01085543962597,415.07492530020517,416.50396182534405,10237135
2017-11-28,414.78912353515625,418.30669540695106,412.4807160770565,417.64716719120855,10153618
2017-11-29,415.954345703125,417.7131464259867,413.7558594752991,414.1295921545187,8038351
2017-11-30,405.2037353515625,413.95371157761963,404.30235072876485,413.95371157761963,20637767
2017-12-01,400.1692199707031,409.46883312587073,399.113945343553,406.47888345702796,11114967
2017-12-04,396.4317626953125,401.7960727634677,394.56304054392774,401.66416710828804,10103208
2017-12-05,401.7520751953125,404.8519459226566,393.7276096242593,396.18990704611383,18306627
2017-12-06,407.44622802734375,409.05110959665984,399.59760634189985,400.1252583403562,24078081
2017-12-07,409.6007080078125,411.55736717905717,405.8412795897916,408.941150408589,12095301
2017-12-08,404.9618835449219,411.9750727807388,404.1044968137722,410.61201836946015,12224184
2017-12-11,402.8293762207031,407.1604254645617,401.6861644870184,405.59948312434534,10792248
2017-12-12,402.5875244140625,408.47948628420266,399.2458265248869,402.74141434065905,15782031
2017-12-13,402.1697998046875,406.6986776443967,400.4329834596337,403.15912148393954,9147866
2017-12-14,405.1817626953125,406.6767227835391,399.5755963235818,404.082519566807,10983157
2017-12-15,404.41229248046875,410.21631745807645,403.510907812253,409.3589013418954,24408414
2017-12-18,404.9618835449219,410.0843664141735,379.3055299998507,400.98264168687433,18581421
2017-12-19,407.1383972167969,407.6000669751246,404.52218053177035,406.1051069776101,8891691
2017-12-20,403.7087707519531,407.77597926606916,403.203132397973,407.116450978269,10443493
2017-12-21,401.4223327636719,406.2590201230297,400.12523115985636,403.84066176759944,9071450
2017-12-22,404.69805908203125,405.5774594112423,399.81740339823574,402.16980881811315,10658428
2017-12-26,408.83123779296875,412.83249332087905,403.708754868408,406.6547358258531,11596338
2017-12-27,406.17108154296875,412.21690403078475,404.0825166785862,410.23828989481933,9520350
2017-12-28,406.36895751953125,410.8538672967761,404.1265026309089,406.83062732245196,15511891
2017-12-29,404.9838562011719,409.9304647272447,403.8626288487955,407.3802301791146,11089700
2018-01-01,400.0152893066406,405.70936311758567,399.0259676099473,405.70936311758567,9453202
2018-01-02,400.630859375,404.3243349654804,398.5422945557765,401.44430689808223,9499419
2018-01-03,402.2356872558594,407.1603105778281,401.46620844116205,406.7205958187886,13507800
2018-01-04,404.6540832519531,405.31364082486886,402.6314713366122,403.7087301164242,9008932
2018-01-05,405.95123291015625,407.55614380891217,404.6321469594076,405.3136888871881,7441284
2018-01-08,408.2816467285156,409.35890561611836,406.06117612456933,407.20438784091283,8827020
2018-01-09,413.7338562011719,415.03095773275516,406.2809817737514,408.1057058870631,14294571
2018-01-10,414.3494567871094,416.5699272501448,411.3375230779073,414.6352523601828,11727682
2018-01-11,412.3268737792969,414.48139156921326,411.1176798744526,414.1076295189599,7849171
2018-01-12,417.2734375,418.9443011456159,412.54670084844645,414.63526572971494,15071161
2018-01-15,417.33941650390625,421.450593697631,415.6026292741727,417.71317856338413,11120925
2018-01-16,405.8193054199219,416.701844644829,404.52220381560244,416.701844644829,10825151
2018-01-17,406.5008544921875,408.47949802257943,398.8061231292183,407.16041211948584,13204016
2018-01-18,404.39031982421875,408.74332400675223,402.36770766949553,408.47951268696335,9381821
2018-01-19,409.49078369140625,410.8538380784073,405.4455597284336,405.8412766742237,9973533
2018-01-22,427.1666564941406,428.3978052812969,413.31618127350276,416.8337534298782,45700733
2018-01-23,432.3331298828125,435.7187965565298,428.7056361648663,428.7056361648663,22526810
2018-01-24,424.9022216796875,431.67355475299144,423.27532656318414,431.67355475299144,14289485
2018-01-25,424.7043151855469,427.38645524003044,420.41723512034804,425.5836861204596,13669901
2018-01-29,424.0887756347656,429.7168970320304,421.80235223436125,424.83627036811043,9897064
2018-01-30,417.8890075683594,424.6603695937107,417.2734185291451,424.6603695937107,9182956
2018-01-31,422.6817626953125,424.0887857402805,413.9977093299284,417.71316945774777,12551686
2018-02-01,415.0090026855469,427.6503134810664,411.82119464193335,423.5391658544019,16524809
2018-02-02,397.6408996582031,415.0529439106164,396.16792392595465,411.1176413978391,28965593
2018-02-05,396.673583984375,401.2244757796737,387.72574902559705,393.0900590160554,19191099
2018-02-06,392.254638671875,394.8488713165877,382.97700995694254,385.61521115403156,24062503
2018-02-07,393.26593017578125,398.10261751571784,391.33125523980664,396.84948446786,15532284
2018-02-08,397.7288818359375,400.41105166387064,392.36457153157573,394.80491431436445,13825894
2018-02-09,394.7829284667969,396.6076527880399,389.5724787694808,390.89159407711986,11580639
2018-02-12,402.5435791015625,403.73075938391463,396.6296326147951,397.0473632197457,11877059
2018-02-14,410.5240478515625,414.41538164372116,404.9618505804261,405.8412508666512,22247829
2018-02-15,411.4034729003906,415.84441379405536,408.1057142906776,412.2828732395473,13363743
2018-02-16,405.09381103515625,414.45937624217123,403.6867587481529,413.1402610541679,9628162
2018-02-19,407.60009765625,409.79858394534585,401.6861513406502,404.96189649843313,8941900
2018-02-20,405.005859375,408.72131934944093,403.9945826995693,408.4794923183597,8458450
2018-02-21,408.6333923339844,410.0184310795045,405.4675685217216,408.9191879232259,11917390
2018-02-22,406.43487548828125,409.3588720438302,404.52218490865516,405.4015852379144,11196908
2018-02-23,410.7878723144531,412.4367515729764,405.73134252001597,406.89653839741874,10610664
2018-02-26,412.7445373535156,415.4706754324035,411.8211684776262,412.8764429998568,8435611
2018-02-27,417.9329833984375,420.26337524552326,412.5906578294948,412.87645340376895,14021366
2018-02-28,419.7137756347656,420.8350030278222,414.7231983785712,415.9323628729262,56650480
2018-03-01,417.0096130371094,422.06614301404807,415.93235421712035,417.6032178100225,8956590
2018-03-05,406.32501220703125,417.7791436964025,405.2257689761773,414.6353039469495,12325694
2018-03-06,400.49896240234375,411.6453128884909,397.9707120301943,408.47948917870684,16019726
2018-03-07,391.2213134765625,399.7954152379052,390.47381880127335,399.7954152379052,15853546
2018-03-08,400.76275634765625,402.1038557909865,392.782259268476,394.6949204955266,13283967
2018-03-09,401.4882507324219,404.23637298120116,400.5868661651983,402.2797139318743,10638527
2018-03-12,409.0510559082031,410.28223395917274,403.44491926263026,404.5221780436031,8315150
2018-03-13,409.73260498046875,411.5573584635263,405.11578993817983,409.7545892549272,11148731
2018-03-14,408.5014953613281,409.82058130660283,404.1704754724315,408.3915739785139,14724464
2018-03-15,400.91668701171875,408.6773714867615,400.1252530517518,406.7207121605015,12711836
2018-03-16,395.7502136230469,399.99329587911296,389.5944408403758,399.6854866939291,30814962
2018-03-19,393.7496032714844,398.76213533161535,392.21064533256566,396.1679322023547,12630833
2018-03-20,391.2433166503906,397.48702694206247,390.0341521578806,392.7822746237687,15192983
2018-03-21,394.36517333984375,396.76151805895245,392.78227616119017,393.4637886978802,14715126
2018-03-22,399.311767578125,400.9826311492038,393.85952072479114,393.96944209769083,22129723
2018-03-23,393.046142578125,395.7282832532222,390.9355931429801,391.59512149677124,23469999
2018-03-26,396.2119140625,397.6189370483925,392.43050126406655,393.06807460615215,13227705
2018-03-27,395.6402893066406,400.4549923552289,394.409140538242,398.89407945730454,15179544
2018-03-28,388.1214599609375,393.90350044850135,386.93427974844013,393.8815161732977,19160609
2018-04-02,392.6283264160156,396.14592760941275,389.79229640942697,392.6503106896868,12494499
2018-04-03,395.53033447265625,396.4756875821662,389.24265615921826,391.7709356595587,13922126
2018-04-04,393.4857482910156,400.9166383628737,392.232615321624,397.7947834006433,14214534
2018-04-05,399.3337707519531,400.1252340257902,397.2671901406303,397.9707163119858,8527915
2018-04-06,400.5649108886719,403.8626402150307,397.9267391681857,399.2458250284288,9664888
2018-04-09,402.76336669921875,404.0824818113761,401.24642247718776,401.24642247718776,7813897
2018-04-10,403.2251281738281,406.23706216185764,401.9500107628789,403.8187036497765,8455132
2018-04-11,409.29296875,410.1283712799641,402.78541726658824,405.3136971880992,13140816
2018-04-12,408.3475646972656,411.8431523766241,406.3689213009491,408.85320300777926,10822592
2018-04-13,412.8105163574219,414.0636494286388,408.34759096716544,410.10636238142484,12616816
2018-04-16,412.0190124511719,413.31614329755917,408.2596136082108,410.8758008716018,8934275
2018-04-17,415.18487548828125,416.482006458331,411.5573819411922,413.3161827012067,9599816
2018-04-18,412.4367980957031,416.92170791862156,411.13966707604186,415.6246062504644,7360987
2018-04-19,414.3275146484375,415.5146949626701,411.11769278763575,412.9204622118246,9802587
2018-04-20,407.99578857421875,414.12957725683026,405.0498370939298,412.43675877211217,7326696
2018-04-23,411.5574035644531,415.22886585586633,408.25967397979014,408.91920228582006,7674482
2018-04-24,426.52911376953125,429.013425149331,411.1176951693046,411.4694729562481,19921115
2018-04-25,426.7269592285156,431.69552279157006,423.67105694467574,428.1119979069819,14079382
2018-04-26,428.8594665527344,434.4216345551843,423.0994107355251,427.826176337548,34096999
2018-04-27,438.07110595703125,444.53465800962823,433.32235646546127,435.21306255332246,25518647
2018-04-30,423.5611267089844,436.4442638257751,422.11010588427666,431.78348021065676,19406069
2018-05-02,427.69427490234375,430.5522892138652,424.33056358785217,425.1879796219088,13381914
2018-05-03,422.8136291503906,429.98070807246245,421.78033890105667,429.98070807246245,8634812
2018-05-04,419.449951171875,424.17668762438456,417.7131347727149,423.36324011139175,8302649
2018-05-07,426.9468078613281,427.9361296028641,420.50523907942835,421.6044821976347,7683268
2018-05-08,425.23199462890625,431.7835144308885,424.3965627774853,429.80487085965603,10792648
2018-05-09,429.4530944824219,432.79479254745905,423.099462498123,424.7043733772384,9831044
2018-05-10,431.4096984863281,432.92667206546025,428.37578067956395,430.90406019428417,8781584
2018-05-11,434.9713134765625,435.8726687866166,429.91478327240196,431.45371193375354,8774740
2018-05-14,433.8060607910156,436.15846621363016,429.45305704028226,436.15846621363016,5642499
2018-05-15,430.4424133300781,439.69805778847046,429.4311072717727,432.2451826843407,10501479
2018-05-16,420.4172668457031,428.26588784406755,418.7904011418488,428.26588784406755,18840763
2018-05-17,415.6685485839844,422.11011731684533,413.97570069314287,421.824321739678,10353948
2018-05-18,410.6120300292969,419.25208522362976,409.7985824738615,415.77848159557163,11440117
2018-05-21,409.51275634765625,411.425446901046,405.4455482253105,409.24894505794754,14491208
2018-05-22,407.4902038574219,410.6780121275241,406.72072479870616,410.30427941259325,11310073
2018-05-23,401.11456298828125,407.1604150015514,399.7514791723163,407.1604150015514,9991028
2018-05-24,402.6973876953125,404.96182642013184,400.19112197787126,401.8839402777226,11632489
2018-05-25,404.87396240234375,406.01717410710506,402.08190064426464,402.76341320101454,17782410
2018-05-28,404.69805908203125,407.60007136297725,403.68675310616374,406.67670248488076,11369679
2018-05-29,403.40093994140625,408.0397390524784,402.0598699073972,405.18172479659034,17878384
2018-05-30,402.807373046875,405.9292282293453,398.6302432865486,402.25776615814925,13105124
2018-05-31,405.1158447265625,405.53354599776435,402.1258949413388,404.9619254330355,37080158
2018-06-01,409.1610412597656,411.44746465964994,403.8406703753189,404.5222122806992,19174278
2018-06-04,413.6898498535156,415.07488835550157,409.1609723681502,410.41410523675637,12250151
2018-06-05,416.6798400878906,419.91161647940135,413.7558435379996,414.54730676795157,17436812
2018-06-06,419.6477966308594,420.35129339736164,414.4813454943552,416.3940360312845,9164022
2018-06-07,427.10064697265625,429.1452430384665,419.6697573333403,419.867615787806,14999572
2018-06-08,432.8167724609375,433.7840805465304,422.3739191249521,424.90219876680175,14289325
2018-06-11,432.06927490234375,439.6760393490657,430.486348433424,434.0259340382162,15018718
2018-06-12,438.4449157714844,439.698048842878,431.0360093705574,432.3990638208888,16285583
2018-06-13,440.79730224609375,442.2922917374588,435.08124365073724,439.6980590796212,12962502
2018-06-14,443.1936340332031,444.8864524978692,434.1578331747486,438.5767896943391,11997529
2018-06-15,445.9417724609375,450.03096528434185,439.3682976970795,442.3362630706637,24705890
2018-06-18,446.5353088378906,448.6898263015679,442.77588073723973,443.56734391919247,12363932
2018-06-19,437.96124267578125,446.2055805499414,436.905938780823,445.8098342514566,13881382
2018-06-20,448.1622009277344,449.76711165971903,437.43358152034756,437.93921983084886,15735681
2018-06-21,453.7464294433594,455.5272145536468,449.06363176299374,450.0089850097201,22988909
2018-06-22,445.19427490234375,452.53722816258426,443.4134899365319,452.1854504134907,35370008
2018-06-25,441.6546936035156,446.953050652031,440.70934042415786,444.7105958922529,11369371
2018-06-26,430.4424133300781,442.33625899115987,428.81554753719774,442.33625899115987,17649122
2018-06-27,427.5212097167969,436.17475776935953,426.12688301200467,433.1205591247422,19595831
2018-06-28,418.2701110839844,428.69421733753336,416.21184731295983,425.8170683951717,18770484
2018-06-29,430.442626953125,431.79269130556816,420.06278286054453,420.10704532798803,17425606
2018-07-02,425.1973876953125,430.3983754914588,423.6039092788918,430.3983754914588,14570004
2018-07-03,429.9335632324219,433.0984179639587,425.0866758200199,427.1449394344735,11084063
2018-07-04,438.25518798828125,439.09620441578414,429.8008203413119,430.1549200801727,10938521
2018-07-05,426.92364501953125,446.35542839889365,424.3121005108988,441.30935969244535,40946479
2018-07-06,432.70013427734375,435.11249803152606,426.92370455129407,427.0343607283014,20039239
2018-07-09,441.3536376953125,442.63727876250505,435.33376500734437,436.9272728855685,11309207
2018-07-10,454.0130615234375,455.252440135157,442.63728258968735,443.8545299681209,22846197
2018-07-11,459.8116455078125,460.74118690119207,450.538392356147,453.7032475214379,18953870
2018-07-12,479.0884704589844,486.45837816909665,461.49363722739486,462.26825996028464,52736376
2018-07-13,486.8124694824219,490.884734386246,478.048235627263,478.26957749632805,39301408
2018-07-16,476.3662109375,490.84044976898053,474.97188428045774,486.812447511223,14427529
2018-07-17,483.51483154296875,485.10830981860164,473.44482535470144,477.2957779713499,14150770
2018-07-18,483.6033935546875,488.93716869429767,476.8531603417831,486.19280703153544,10241565
2018-07-19,489.04779052734375,493.54054891068466,480.8589981297776,483.93532808698376,11885426
2018-07-20,499.5825500488281,503.9424912089298,492.1683512652057,492.8323177444315,17538801
2018-07-23,495.8865051269531,500.0915573734525,492.6995486419767,500.0915573734525,12779803
2018-07-24,491.7479248046875,498.74157205480844,490.1765480908057,496.6390752711268,9775749
2018-07-25,493.60693359375,497.0816552197648,488.76007557931655,491.32735759499656,13014255
2018-07-26,491.6151428222656,496.4177982417859,490.35363284323904,491.3716992302574,14053674
2018-07-27,500.1137390136719,503.45564380885503,492.2790462225454,495.53242608654807,14610585
2018-07-30,509.652587890625,512.2641325666103,499.29487502620094,500.1801243755461,30344461
2018-07-31,524.9678955078125,526.9155034693482,507.7714810538533,509.4756158594122,30350826
2018-08-01,527.7785034179688,532.4483408796128,524.702173677633,526.9153558645687,21227054
2018-08-02,517.1552734375,527.4023594922769,516.0929742378468,527.4023594922769,13668930
2018-08-03,520.9620361328125,523.8613167444269,517.6864949546758,520.0988883654771,14536058
2018-08-06,527.8892211914062,529.3941449850735,520.2537392278248,520.8512529511331,8785462
2018-08-07,524.171142578125,531.7845241149437,520.9841264153655,528.9073452550091,8879612
2018-08-08,538.9994506835938,541.1241082944092,524.5252096295219,524.5252096295219,17307566
2018-08-09,539.1100463867188,545.1962826062536,536.4763412736397,540.6813933240663,14976885
2018-08-10,533.02392578125,537.8044504958418,532.1829387336777,536.0338923528925,7833494
2018-08-13,525.7203369140625,531.1426369232181,523.507154442885,530.080278607436,10211072
2018-08-14,535.8567504882812,538.7781325107724,524.2153666760712,526.7383864812343,11592139
2018-08-16,531.5189208984375,538.2470533873492,529.172950660367,532.6034401641202,13086024
2018-08-17,532.8245849609375,537.9813093440746,531.1868148281834,535.1483936832545,8379864
2018-08-20,546.6127319335938,547.4537186923733,534.5508271940995,534.6615128942748,16639535
2018-08-21,552.0571899414062,553.9605350562346,543.1159355150601,547.6529859742922,15923396
2018-08-23,561.906005859375,563.9199779212508,548.1621239226811,551.6589183723677,17429373
2018-08-24,565.4691772460938,566.553637289523,557.7451695344503,560.0468770289477,14550512
2018-08-27,571.666015625,573.5914622985424,566.0224038969507,566.3100803565542,12188510
2018-08-28,583.8385620117188,585.6091196578678,573.2152752302367,573.6578998679208,19018790
2018-08-29,572.8612060546875,588.2650186194802,571.090707226938,582.6435075551111,24230135
2018-08-30,564.1190185546875,574.1668923374838,562.3484610794108,572.5954863822391,21545859
2018-08-31,549.6005859375,562.1493197768216,547.3652428141869,562.1493197768216,33479841
2018-09-03,544.0677490234375,556.7935952912333,542.6955531399292,551.083558467456,26686176
2018-09-04,549.7333984375,555.4212731824157,544.0012612256086,546.723432492321,19333815
2018-09-05,543.115966796875,554.4696148937215,534.9271738135313,549.9768266412864,22584608
2018-09-06,558.342529296875,560.2458740433989,542.3854703318389,544.5101273633769,24487897
2018-09-07,565.9561157226562,567.1733632840924,555.2885641979899,559.8919796043765,23389269
2018-09-10,555.8861694335938,565.2479489943303,553.3409884320575,564.3626403829389,15440786
2018-09-11,547.8522338867188,561.4412268741748,546.3251490083154,557.2804361881091,23787332
2018-09-12,554.4032592773438,557.1475914382887,543.9348603816215,554.0933629003331,17642490
2018-09-14,554.69091796875,564.628107824439,552.2564231675549,557.4574108229871,17233514
2018-09-17,542.6290893554688,553.6286379041651,540.7257440969619,553.6286379041651,14773803
2018-09-18,538.7559204101562,548.6046437585512,537.5165714076329,542.6732962459503,16660044
2018-09-19,535.9231567382812,541.7880820259376,531.6074770684515,541.7880820259376,24642640
2018-09-21,538.9109497070312,547.7194178254392,523.8612958858874,539.5748867726132,41713856
2018-09-24,545.3512573242188,548.82594937841,533.1565644174077,537.5608273075529,22098277
2018-09-25,544.70947265625,551.0834453269367,528.951561303614,546.878392681093,21250513
2018-09-26,553.9163208007812,555.0450433187049,543.182406037007,548.4276564018437,13992341
2018-09-27,554.9564819335938,559.0509078246089,547.7636242912354,555.5097923127173,23642923
2018-09-28,556.815673828125,562.9019710013282,552.1015724813706,557.6788216421263,24220992
2018-10-01,545.1963500976562,556.704946131616,532.9352921219858,556.704946131616,16039441
2018-10-03,533.4222412109375,548.6932669178199,531.1869568120767,544.2226390246745,16135428
2018-10-04,496.7497253417969,526.9154556769621,489.55686709787676,526.5170934450266,50774608
2018-10-05,464.2601318359375,493.67336908457037,459.52390003318254,486.6797218717258,47998260
2018-10-08,491.06182861328125,494.4258648450093,453.9466852504677,464.7691837675426,53983473
2018-10-09,482.4967956542969,497.2144797488349,478.57944909427255,496.48411948822644,24042005
2018-10-10,487.8305969238281,493.9168638111641,479.9516409131189,484.20095620725556,20784941
2018-10-11,481.5008544921875,493.42991434329895,461.67070791989903,470.9660918957569,28926389
2018-10-12,498.6530456542969,499.73750566790204,487.74205181625126,489.092086637831,19814528
2018-10-15,504.4958190917969,507.6606738853133,494.9348610157845,500.13581868453605,19406012
2018-10-16,515.1412963867188,516.7347451698961,504.60647485877587,507.262341021569,16358598
2018-10-17,509.6082763671875,522.0242223213625,504.6064407386232,521.8693332478456,27967162
2018-10-19,487.4764404296875,491.7700475018947,473.73256019501423,486.9010283540417,55606079
2018-10-22,470.3684997558594,493.45202534091646,468.0225300115831,491.32736792200456,28798142
2018-10-23,466.8495788574219,471.27594387522913,461.95842837507354,465.9864311784535,23128845
2018-10-24,462.887939453125,476.25558811567174,456.5360983859955,475.79080268155826,29869514
2018-10-25,456.2705078125,460.63050852172944,449.896535320371,458.5722447244144,30833933
2018-10-26,462.51165771484375,467.8675930652,452.3752876806667,457.20001437553316,20085933
2018-10-29,481.5008544921875,484.1787928343291,462.9986114742478,462.9986114742478,16781215
2018-10-30,467.86761474609375,480.4827719550035,465.6986652988151,480.4827719550035,19263668
2018-10-31,469.748779296875,471.784911714554,463.44120095796404,468.75284431979924,35999348
2018-11-01,467.5356140136719,472.6923389405378,464.76915084726494,472.6923389405378,20552752
2018-11-02,475.7908020019531,478.4909010289118,470.5898145896325,472.2939785994359,36739798
2018-11-05,482.60748291015625,483.6698117450583,471.4087528995298,475.14904983069204,16585905
2018-11-06,488.7158508300781,492.2126744103127,483.18286509903413,484.24519386814285,18886485
2018-11-07,491.6372375488281,493.54058276769933,489.8667092816277,493.54058276769933,2808599
2018-11-09,484.0017395019531,493.00941737855555,480.2614724335663,489.66751250930923,23712291
2018-11-12,478.0482177734375,486.3697971273839,475.6358544653111,485.8829100385789,12690610
2018-11-13,486.6575622558594,488.2289093220157,473.6440133349889,475.3924398100861,14899604
2018-11-14,485.99359130859375,492.5003509359988,480.4827666892778,489.1363149600316,17034346
2018-11-15,485.5066833496094,488.228883919858,480.92537069001344,485.5509458126148,14943663
2018-11-16,499.029296875,500.1580193355547,485.6173852021472,485.993616173096,24131016
2018-11-19,509.032958984375,509.7854209987818,500.6228530299038,501.463839987182,15987574
2018-11-20,503.4556884765625,511.64448171893866,500.1801475414441,506.8197543507155,12511640
2018-11-21,492.61102294921875,507.0410301884581,490.0216095734906,503.4999146912165,16422494
2018-11-22,488.1625671386719,498.1219183611258,486.9453196665298,493.3192926298162,12670591
2018-11-26,491.2167053222656,494.6471349635808,485.75014321886636,490.88473683856927,13969873
2018-11-27,499.38336181640625,500.18008616996013,489.31335575970326,490.39781567752465,14896607
2018-11-28,510.2058410644531,512.4632857475384,498.542357170042,501.2645281617081,17507771
2018-11-29,517.2216796875,522.2677189108547,513.4592519548756,513.9018766068516,27640198
2018-11-30,516.8011474609375,524.9677789775235,514.4772794365788,518.9036440678603,23443212
2018-12-03,511.887939453125,520.0545716674077,508.36892549379166,520.0545716674077,12182825
2018-12-04,510.0509033203125,512.5739228299735,505.58027632529297,512.5739228299735,11358720
2018-12-05,511.3124694824219,512.9281382181655,504.2966614243573,506.2664299064278,12729759
2018-12-06,497.3694152832031,508.59021642539426,494.9791534586504,508.59021642539426,12831451
2018-12-07,501.8621520996094,503.25644935826995,490.5970292196639,499.9367052367765,15779984
2018-12-10,482.5853576660156,493.2307773823426,479.42050235716954,491.3274320404078,20521072
2018-12-11,485.8165588378906,487.8305601586093,466.98234748758017,471.8513369923307,29518062
2018-12-12,491.5487060546875,492.8766391720069,481.4787287925514,486.45837456551925,27572962
2018-12-13,490.0216064453125,499.29485901164674,484.7099627810662,499.29485901164674,20337275
2018-12-14,492.3011779785156,493.4962940984288,483.2713690591499,488.2731754146962,15795834
2018-12-17,500.13580322265625,501.5079986485464,491.99130333038806,493.96104199697106,11077711
2018-12-18,503.0130615234375,504.1638857257209,495.97509252010303,497.2145007564432,12841994
2018-12-19,503.1900634765625,507.837740503206,501.5965556374403,505.27045843181776,16118419
2018-12-20,499.4940490722656,501.2867084210237,494.0495886865368,496.1963477490829,12609700
2018-12-21,486.98956298828125,500.7334434966957,485.1304802268269,497.9669505886336,18115814
2018-12-24,482.098388671875,488.31744243820066,480.94753500685727,487.299376171334,9065704
2018-12-26,486.170654296875,486.90101453525165,471.69641421389167,480.61556706264236,15771193
2018-12-27,495.84228515625,498.852251139613,488.6715881289746,490.08801663787307,27294221
2018-12-28,498.2104187011719,502.50399626800674,496.2849127090147,498.1882579195662,16768547
2018-12-31,496.30706787109375,501.8843160362173,494.0717541773984,500.6006453893138,15799099
2019-01-01,496.1963806152344,498.9850342368502,491.37165350447594,498.0776241124587,9746670
2019-01-02,489.73388671875,498.85222039888913,487.3436249759111,493.31923501144814,15628818
2019-01-03,483.6919250488281,493.36354038015054,482.5189400816617,490.22081646225075,16288287
2019-01-04,486.3034362792969,488.8707479276948,478.53516673110533,485.7501554591943,18516544
2019-01-07,489.0035705566406,495.06770606812256,487.3436688813243,489.9995056522885,12060290
2019-01-08,488.9593200683594,491.3052900675144,485.1304982327441,489.1585011828274,12304389
2019-01-09,491.65936279296875,494.425855651597,486.32558772693704,492.21267318377784,12614237
2019-01-10,490.2208251953125,491.7700707213868,488.2289549747655,490.33148136893067,8925160
2019-01-11,486.03790283203125,493.0094485923321,481.8549812853927,490.2650868480433,14139060
2019-01-14,485.484619140625,487.12236004562834,480.8811746140079,484.6878651488265,8994060
2019-01-15,500.0252380371094,501.0654355760193,489.1142147216286,489.1142147216286,22011407
2019-01-16,502.7917175292969,506.8197201745907,500.3350619936165,502.393296235088,13961606
2019-01-17,502.1498718261719,508.10332119014834,500.1801034631088,506.57623657866645,16379077
2019-01-18,524.2373657226562,526.6940208916542,502.5039069449697,508.50161800344654,56181172
2019-01-21,547.8522338867188,548.8481690848818,526.1408702049339,528.509001172476,48206814
2019-01-22,546.7234497070312,551.9465982608722,539.8404290416297,545.7054129345357,36207430
2019-01-23,542.80615234375,550.7293708515431,540.9028070392636,545.9045843376497,19313542
2019-01-24,552.1678466796875,554.713026959405,540.0617379573561,542.2306577517834,28775487
2019-01-25,551.5260620117188,559.8033797795792,546.8341222864655,553.4958304499542,18703992
2019-01-28,544.2446899414062,555.9303361110078,541.0798348240664,553.5179429525717,18744303
2019-01-29,535.8787841796875,545.1741968816506,531.7622569321205,544.8864613246026,20405845
2019-01-30,529.2613525390625,542.2306681873968,527.225220095184,537.804303586863,17164298
2019-01-31,543.182373046875,544.3110954962458,531.6074129717023,532.0500376390211,22279301
2019-02-01,553.2744140625,555.509757122941,543.1380734914077,546.2144033623265,20187323
2019-02-04,571.4005737304688,574.0785419874636,549.7777351893427,551.9687571483934,25528059
2019-02-05,571.6881713867188,577.3761052108845,565.9560341911196,571.8873820352513,20479210
2019-02-06,579.9655151367188,583.2410560216659,572.8833428361716,573.7685922129579,20586783
2019-02-07,571.1791381835938,584.8123314865187,569.2757931615276,579.9654440045323,20150710
2019-02-08,565.5576171875,575.6497541284344,563.145224334816,568.7003111247333,14230054
2019-02-11,554.7351684570312,564.8052045928157,553.7392334148291,564.7609421263937,16457901
2019-02-12,556.1295166015625,563.1895874760552,553.9605964529412,553.9605964529412,13998153
2019-02-14,541.8765258789062,549.3128564552972,539.1321939259117,549.3128564552972,14496604
2019-02-15,550.8399658203125,553.2523589386116,537.3616603663344,544.3332058212081,20994460
2019-02-18,540.0618286132812,554.4032827800006,537.8043835134239,553.2966619176988,21106139
2019-02-19,538.291259765625,548.7374981100645,536.1223396511388,539.1322466913853,13658461
2019-02-20,546.3693237304688,548.8702417164039,539.57482832799,541.7216465839695,13776558
2019-02-21,551.9244995117188,556.7492863925102,544.1562286058264,547.0997717263524,23142949
2019-02-22,545.484130859375,551.2162685698074,542.673375318835,550.9064312740302,19152470
2019-02-25,545.4619750976562,550.1982368058309,540.3052494604813,547.0997456286915,17176522
2019-02-26,540.1281127929688,546.568508156536,533.8205639171774,535.3697501614166,22160532
2019-02-27,541.5667114257812,551.039174906928,535.1484763797688,543.5807423314526,24308835
2019-02-28,544.9086303710938,548.8038457853164,542.916760195535,546.1037761145965,24688859
2019-03-01,542.6953735351562,549.9103912857396,541.0133999644827,547.5422609049652,17329606
2019-03-05,547.830078125,548.7817507558763,539.397811854067,541.5224694607421,15577500
2019-03-06,559.84765625,563.5215593191119,546.7013485588425,548.7817436696697,26332276
2019-03-07,562.2600708007812,566.4872253380775,556.9041346329068,559.493577776652,17738092
2019-03-08,560.8657836914062,564.1191639460266,558.6083385798502,560.4009981991971,13211934
2019-03-11,577.2432861328125,580.7400799174743,561.2640637135738,562.1714737819083,21258869
2019-03-12,589.30517578125,590.4781607218365,581.7360574304449,582.9090423710314,24561597
2019-03-13,596.3651733398438,601.9866242361073,587.8665442066667,591.8060215375222,24577591
2019-03-14,593.8200073242188,602.871946999757,591.4076144308954,597.4496475061777,22753310
2019-03-15,585.0115966796875,601.4555465859182,580.3860210833575,595.3471487793354,34764353
2019-03-18,597.5825805664062,601.0794342108596,588.2650638397351,589.1503133216595,22104063
2019-03-19,609.3123779296875,610.8394625509037,594.5061398709255,601.9866738940681,21448030
2019-03-20,608.8253784179688,614.3804651405608,603.7571787776457,609.865575823248,21639437
2019-03-22,593.9085693359375,611.2378271135251,591.6732852516752,607.5196617727818,25078643
2019-03-25,586.2509155273438,591.7396385052343,582.8204858269424,588.9731457836614,17394088
2019-03-26,605.19580078125,607.1212474376593,588.7075312750372,588.8403186618444,20734876
2019-03-27,597.228271484375,609.9319516707408,595.015089459713,609.9319516707408,22079870
2019-03-28,601.9867553710938,606.3246549025426,594.3734329198153,597.6710757187243,22930248
2019-04-01,616.084716796875,622.7021032334529,603.1154596255492,606.4131020011401,22088854
2019-04-02,615.1329956054688,621.0643428947214,610.8836809945728,618.8068982011463,17526740
2019-04-03,608.7147827148438,621.0201023548342,607.2983247627387,616.48305202846,17169813
2019-04-04,598.9104614257812,612.4772926682142,596.3431199622236,610.3968974724891,18320845
2019-04-05,599.2866821289062,603.713047483883,594.4619545291577,602.4072750227529,14717266
2019-04-08,588.3756103515625,600.8801417011313,585.9190138260517,600.2162046801037,19081843
2019-04-09,590.6773071289062,593.4437406042086,584.7237990427792,588.2206517980837,20774977
2019-04-10,589.3272705078125,596.6750764335661,587.1583505228762,592.2265507481526,16651949
2019-04-11,596.1439208984375,598.888252928807,588.264965445455,590.0133624275286,12558520
2019-04-12,594.5062255859375,600.614624046917,591.65120748071,597.5603952687154,12948769
2019-04-15,593.2003784179688,597.0955936790656,590.9207727394057,595.347137600993,9285737
2019-04-16,594.7939453125,601.9867446044715,593.1340140031939,595.3471966535134,17360317
2019-04-18,613.47314453125,615.1551181712927,604.1998923495519,608.6262569615424,39286534
2019-04-22,595.5021362304688,605.085227013863,593.7094175338176,601.9867358910117,23607922
2019-04-23,603.69091796875,607.7410225803753,595.7898603109938,596.6751097030148,19807450
2019-04-24,615.0444946289062,617.3904643392481,604.7531466235507,606.5458650761914,16101112
2019-04-25,607.4754638671875,625.180984035765,603.1376235404474,614.8675328682084,30469914
2019-04-26,616.505126953125,617.8994831602779,606.7228863920471,608.6262313685243,15069884
2019-04-30,616.505126953125,618.0986346931494,604.9965912649715,618.0986346931494,22348580
2019-05-02,621.9276123046875,625.8449296649861,611.7690500980633,616.1511529555673,18992003
2019-05-03,623.6094970703125,627.4383480359272,620.865165141616,623.211134884836,14240262
2019-05-06,613.0083618164062,620.9315793269321,609.9983960458962,618.8069219399775,15832114
2019-05-07,594.6832275390625,617.4790489756616,593.2225069761276,617.3905240382364,19417647
2019-05-08,575.1849365234375,593.1338663980364,571.9758195243126,593.1338663980364,31958919
2019-05-09,556.1516723632812,570.4709655524047,554.0712771743898,570.4709655524047,42670173
2019-05-10,553.8056640625,565.5576740793575,551.083433698049,559.9361634824019,24557430
2019-05-13,545.3512573242188,558.0770407016413,543.3372265765931,552.3670646760603,17603659
2019-05-14,557.922119140625,561.8615963834152,545.1077524862425,547.3209346445572,28438234
2019-05-15,556.350830078125,565.6905068440055,553.5622353372404,563.4773242204387,24419559
2019-05-16,560.0911865234375,562.9904671434444,556.8820685929253,557.7009538898299,14451308
2019-05-17,560.99853515625,565.2256894999022,554.1818786920556,560.8214852839767,17276949
2019-05-20,586.8927612304688,592.1159095094665,576.9776733603718,581.448359716685,26979100
2019-05-21,593.0454711914062,605.0852175397996,588.729791746263,589.6814643939042,30343560
2019-05-22,593.3110961914062,601.8539899601304,590.9651260000627,595.6349646937085,24689918
2019-05-23,590.4338989257812,616.1511018080408,586.4944211091025,607.2983718851489,38766006
2019-05-24,591.7396850585938,599.2423803435563,582.7320067411391,596.6750980613658,22269265
2019-05-27,580.1425170898438,592.0273731116835,578.5269075629556,591.8503232509513,16076686
2019-05-28,585.9411010742188,590.8322514138105,581.3376863176912,584.1927040808862,42594251
2019-05-29,581.2049560546875,590.1683724282613,577.2654779155396,584.7239111684964,15558515
2019-05-30,588.5970458984375,594.0193465659813,582.6214347720608,582.6214347720608,23494381
2019-05-31,588.7740478515625,593.9750357311897,584.3697844190792,592.2044778643392,25724066
2019-06-03,602.0752563476562,605.1958488284881,584.8123628335076,590.920760397822,18556942
2019-06-04,598.2906494140625,608.2942618509585,596.7193023793029,600.8579314460692,15442761
2019-06-06,587.5344848632812,602.8276071890507,584.7679926184677,602.8276071890507,16764835
2019-06-07,582.0237426757812,587.4903046969813,577.9072153490195,586.9148926672266,14722419
2019-06-10,583.9049682617188,587.3796605611984,579.89912635872,584.6795909812258,11768468
2019-06-11,588.3313598632812,590.6994905962937,583.3960059300211,585.1001405330676,11492074
2019-06-12,589.6593627929688,592.4258560740252,586.4945072440522,590.788085432952,10297599
2019-06-13,587.4904174804688,590.7880603117848,579.257361246404,588.7076650171063,15686169
2019-06-14,583.19677734375,586.4944198237544,579.5892975904819,585.1222242324548,14942768
2019-06-17,567.59375,584.281171161653,565.911717325974,584.281171161653,14908257
2019-06-18,567.0184326171875,570.0947629240811,561.7510214030443,566.0888616521408,16797371
2019-06-19,565.4027099609375,576.3137327970071,558.8738485219341,569.6299231801156,14492763
2019-06-20,573.9899291992188,575.4285481413866,565.690509101577,566.5757585163682,10748848
2019-06-21,566.3544311523438,573.6579750124874,564.6060340567591,573.6358142299943,23236832
2019-06-24,558.7853393554688,565.0043637095691,556.4393695082755,563.1010185325224,11267228
2019-06-25,573.5914916992188,574.543164242957,555.1777744289116,557.2360676913559,14966899
2019-06-26,572.8389282226562,577.4645027263703,569.3863383793515,571.4446312768304,11593027
2019-06-27,563.9863891601562,574.0563674458016,562.5920326523112,572.3964952020063,24905533
2019-06-28,554.6687622070312,567.837229088313,552.6989939576308,565.2920488190996,18942165
2019-07-01,561.6404418945312,563.3224158949637,551.7253523095914,556.8599174491309,13478857
2019-07-02,565.9118041992188,567.0184250293855,559.1837315656976,563.8978322942693,10146746
2019-07-03,567.7044677734375,569.4529239698368,564.3847234502912,567.8594159651082,8806492
2019-07-04,568.34619140625,571.4446818671996,566.5756338707657,567.1953674202008,9351405
2019-07-05,559.2058715820312,571.2235169653313,557.723049208124,568.8332252636018,10926753
2019-07-08,554.2040405273438,561.3083734997786,552.4999059557646,556.8377460255429,14009219
2019-07-09,566.6200561523438,568.1250393463115,551.3048266580228,552.8319115410211,17535754
2019-07-10,566.0667114257812,570.7143885662242,561.5739233692843,566.5978610200226,12018196
2019-07-11,567.2617797851562,570.913580866762,566.265844780248,569.6741727579423,8608376
2019-07-12,566.7970581054688,575.4284751870541,565.7125390667155,567.9036197336648,15692436
2019-07-15,564.8494873046875,570.7807762086532,562.3043067510758,568.7889060528559,10659498
2019-07-16,572.3299560546875,573.171001945822,565.2698863829655,566.5535569034281,10070773
2019-07-17,567.3945922851562,574.100562827648,566.5757071030725,572.9054171307107,9482233
2019-07-18,558.5418701171875,569.4086308695252,556.8377355775831,567.4610232119414,11942908
2019-07-19,552.8540649414062,563.4551931292556,550.0654109581495,561.3526961190137,16336536
2019-07-22,566.7970581054688,568.5675567105824,543.2487175124882,553.7392172248569,29092589
2019-07-23,563.720703125,572.7283212128182,557.8999823849913,568.7888438003976,20316348
2019-07-24,557.3246459960938,566.044588804399,554.8679903139908,563.6986188429327,15189179
2019-07-25,545.1078491210938,561.7289085810165,543.1159789159576,559.4935652480942,21805071
2019-07-26,537.2731323242188,549.9768149769168,535.5910994760233,545.1078253964605,20387504
2019-07-29,536.0116577148438,540.9028083982834,533.422214571478,538.645363328299,17626045
2019-07-30,522.7103881835938,540.0175454119949,520.5193664215706,537.3395773958161,20853117
2019-07-31,516.2257690429688,524.5251884932695,514.5215754092878,520.4308216260823,21229950
2019-08-01,522.4227294921875,525.9416845388708,509.1878371492463,514.9642372860822,22628222
2019-08-02,527.3842163085938,533.5738082205122,517.4764342690546,523.532441715617,23766807
2019-08-05,509.127197265625,519.6583734800695,502.29191737731014,519.6583734800695,30399133
2019-08-06,502.4255065917969,511.9103009753535,499.62017334179836,505.29766180019584,29067994
2019-08-07,494.00946044921875,506.9898045620142,491.20409739999894,501.6240130506623,25349369
2019-08-08,513.1348266601562,515.6506970351464,487.7307721921939,493.54184479656,31198568
2019-08-09,517.4765014648438,523.4434533759943,513.1126227962699,517.3652107876658,21970009
2019-08-13,567.6388549804688,580.1293294107402,545.9307552314694,549.1146074833171,104827144
2019-08-14,573.650390625,580.8641307811267,570.1325471404525,580.663783789375,31688983
2019-08-16,569.0860595703125,575.2311234055627,566.8595923358139,574.9639544714397,21977767
2019-08-19,575.5872802734375,577.4575220402612,569.9765549729664,570.4441302772058,16317602
2019-08-20,568.1732177734375,575.5873639681415,566.6814947931508,574.3405755757227,14969299
2019-08-21,565.9467163085938,569.3755030810053,563.9651837223562,568.0395990053597,10677848
2019-08-22,555.1707153320312,565.9690623786811,551.6751653634185,565.94682802227,14031953
2019-08-23,568.128662109375,571.7577958939527,546.1533935304763,551.7195912204171,21307915
2019-08-26,564.0987548828125,576.2107097858199,560.6254400381222,576.2107097858199,19202504
2019-08-27,567.6832885742188,572.2029847207436,561.6049883649061,572.2029847207436,28401906
2019-08-28,562.5402221679688,570.4219432426154,559.3118418211694,567.1935628958161,11605488
2019-08-29,552.9442138671875,561.1821613132624,550.0720583561081,559.4900317737722,18890222
2019-08-30,555.97216796875,558.5771544234956,543.7043332919267,554.6140294056329,24735240
2019-09-03,537.2030029296875,553.5007833479864,534.3530820941628,553.1667924586299,18730619
2019-09-04,534.8650512695312,536.6907646258971,528.1411231669038,534.5978824052034,32949395
2019-09-05,533.7296142578125,540.2309023757294,531.3695629057722,537.3810413836705,22995486
2019-09-06,544.3721313476562,547.2665798974994,532.2378839179241,535.68890459839,23186819
2019-09-09,544.2386474609375,549.0478072829346,540.2087601059558,543.5484313072873,11747929
2019-09-11,549.6713256835938,552.1649622017335,544.3722960636661,544.3722960636661,12127900
2019-09-12,538.9618530273438,552.3651834163759,536.8912642441294,549.9383694188567,11880005
2019-09-13,545.752685546875,547.0440021410868,537.4256821215511,539.6966776511717,12947715
2019-09-16,539.139892578125,542.8580819238001,528.1633776739892,529.4547533509915,20547730
2019-09-17,533.2174682617188,539.25124005767,531.4585767878731,539.25124005767,15640772
2019-09-18,536.8912963867188,541.6113996591116,533.1062843578578,536.5573055032447,14933909
2019-09-19,525.0241088867188,538.6723734072475,522.1742478115991,537.8485728999581,13766222
2019-09-20,558.5547485351562,565.4790838872689,522.9089837818785,528.9872248397661,48165560
2019-09-23,551.8086547851562,570.4219587525063,549.9384128123469,567.3716909391333,21610844
2019-09-24,569.3977661132812,578.3481633555577,553.3894480019216,553.7679670566171,34958974
2019-09-25,569.7761840820312,576.6559911048386,565.0115532894308,571.757716416527,18192270
2019-09-26,577.4575805664062,578.3481436646135,571.5351576129076,575.3201696805687,18350457
2019-09-27,582.9124145507812,585.5619288812624,571.7577850305494,575.5427970097883,19058663
2019-09-30,593.2431640625,594.8017086894001,581.3537918703602,583.3353836274489,25263770
2019-10-01,581.0645141601562,597.5849362038297,575.8990695365911,595.3584688773351,17920384
2019-10-03,583.8031005859375,585.428408104072,570.5555869425716,572.648469852276,13524851
2019-10-04,582.4893188476562,591.6178868813973,580.5968427407329,587.7438189170942,14992253
2019-10-07,583.3799438476562,588.144574835985,579.6394603175088,582.4893213904081,10061584
2019-10-09,589.9035034179688,592.2190862816494,575.5427876036466,582.7565862132678,17588647
2019-10-10,606.82470703125,609.6077461918198,588.233639225813,590.0148247146693,35006390
2019-10-11,602.3049926757812,608.0938310517881,595.1580158763934,607.2477366748323,16597126
2019-10-14,604.7096557617188,607.8044520693197,601.5258031337615,607.8044520693197,13394275
2019-10-15,607.4481811523438,610.0531675022813,603.0620090789482,606.7134368395299,9672791
2019-10-16,611.0995483398438,614.3501629165811,607.2477145302422,610.0085788805053,19403660
2019-10-17,621.853515625,622.9667791558528,610.9438183833678,612.279722730361,16038940
2019-10-18,630.6925659179688,635.8357169262007,622.8331377508903,625.1931896364645,28121951
2019-10-22,629.712890625,639.8210196591194,624.9036715114763,634.54428464092,27786502
2019-10-23,620.0276489257812,634.967289889059,615.9087056654171,630.6702340196068,18446160
2019-10-24,639.642822265625,641.8470548317947,617.4226812573415,623.857147458335,22642488
2019-10-25,637.30517578125,641.8694010565094,628.4215409194215,641.7135822318234,13539957
2019-10-27,638.663330078125,643.450255707178,636.7707941805185,641.6690699300784,3014841
2019-10-29,653.2688598632812,659.0354038930602,642.1587595021489,643.6727760468857,25768505
2019-10-30,658.634765625,661.0616393905873,650.2632341915835,659.0355190435935,16341366
2019-10-31,652.0665893554688,663.3325688124955,650.886563570956,660.8166389822482,19463741
2019-11-01,648.7492065429688,650.9311456801099,641.669051249015,647.9031715622959,13904301
2019-11-04,649.0831298828125,655.0277868325503,643.4946981510161,652.7567916180376,14063434
2019-11-05,644.4743041992188,654.1149164864012,641.6689712156925,651.5099899088991,12685356
2019-11-06,638.95263671875,644.0957868351248,636.1027755766117,642.4259514311492,14625505
2019-11-07,649.5061645507812,651.4654032117422,637.7503758842035,638.9972235731321,14084039
2019-11-08,643.6728515625,649.973734129593,641.8026095996164,645.2313964399264,12019353
2019-11-11,635.7911376953125,643.116227364074,633.4533203520368,640.8229381763804,11357841
2019-11-13,655.6066284179688,657.2097012891945,636.770685668936,636.770685668936,25225749
2019-11-14,651.3541870117188,659.7479525828084,648.2593909614728,657.25431637005,14258133
2019-11-15,654.9611206054688,662.0635700076792,651.5323334784945,652.6455968983422,15691605
2019-11-18,649.7733154296875,661.7071569205408,648.081186273856,655.7625002501892,14076051
2019-11-19,672.2830200195312,674.5763092701517,652.356105073382,653.2466682094622,30176255
2019-11-20,689.1595458984375,700.1805897457675,687.1780135439317,692.4547478229387,43538120
2019-11-21,684.684326171875,692.8777434782081,680.6544394680069,687.9795281342566,14897371
2019-11-22,688.6475219726562,698.889294670371,684.6843973559228,686.6882237413482,22352865
2019-11-25,695.3492431640625,696.7964379518986,690.6513741041939,690.7181960629307,15146156
2019-11-26,694.7704467773438,701.9396589265147,692.8779107918994,698.2659965314481,35330983
2019-11-27,699.0452270507812,701.5611571283956,692.9223973101485,694.6368205516004,9642739
2019-11-28,703.698486328125,705.4128499201177,696.417925337267,700.2919340451285,13747479
2019-11-29,690.7181396484375,704.4331672085468,689.2486511776627,704.4331672085468,18559594
2019-12-02,706.4593505859375,718.9052971997955,702.2290568533912,712.4708300137888,31225364
2019-12-03,703.0750732421875,709.7990029904348,700.2697400300401,709.2424307785986,12990426
2019-12-04,691.4083862304688,702.4516656991397,682.9700335019947,700.4478393142873,20987607
2019-12-05,690.5846557617188,703.4536503052666,687.5343877206762,700.8931920091011,19942460
2019-12-06,692.3880004882812,698.2213669831782,686.2429369169616,691.5419655665626,13085234
2019-12-09,700.2698364257812,702.4072476078668,688.6476296824825,692.9447458522689,12642677
2019-12-10,695.52734375,700.7150224336392,692.0540287591915,700.0248063059641,10173333
2019-12-11,695.7276611328125,701.1156860993483,690.4731611640682,692.6996280796019,12364641
2019-12-12,698.3104858398438,700.8264159286773,693.1673349928408,699.2233427990602,10326606
2019-12-13,704.8563232421875,708.0179414327434,700.1807476450258,703.5649471805253,12668303
2019-12-16,697.5979614257812,709.7544444582198,696.5960482571616,708.9084095503324,11892718
2019-12-17,695.8613891601562,703.1196573453843,692.6775366524988,697.6648093043032,20324601
2019-12-18,701.7169799804688,703.5649282550722,695.549681497034,695.9949630752343,14742077
2019-12-19,716.9014282226562,719.1056609955814,699.9134917904707,700.7595267067665,20507816
2019-12-20,712.070068359375,720.2857211455093,710.7341642408371,719.1502234523015,21271510
2019-12-23,699.7353515625,702.4738626190867,693.6793445765387,694.703492066375,25107772
2019-12-24,688.625244140625,700.0247481256255,686.866292988837,698.6220816344203,18048449
2019-12-26,674.7990112304688,691.5197815023248,672.4611936111012,686.4879804270106,29761019
2019-12-27,686.7996215820312,688.5139853597664,677.4261769632532,679.9643413744825,17677571
2019-12-30,687.6234130859375,689.1596642144276,680.4319077161741,688.4026855518733,17123749
2019-12-31,674.1976928710938,687.4006758831533,671.5259443984595,686.6436378766443,22203005
2020-01-01,672.2161865234375,680.0088516309808,670.3905321258029,675.9566705310696,14004468
2020-01-02,683.6602172851562,686.1761470483035,673.2848606187108,673.2848606187108,17710316
2020-01-03,684.484130859375,686.487957480382,678.1831882354902,682.6361230710287,20984698
2020-01-06,668.6093139648438,680.3650438391912,667.0507691289934,676.8472602327319,24519177
2020-01-07,678.8956909179688,683.3040975466399,673.952886932682,676.4019951208164,16683622
2020-01-08,673.7969970703125,683.2817317108661,672.3943304886236,674.6207976476823,16047902
2020-01-09,689.3155517578125,690.2061149022059,681.8568773480174,685.1297860788776,14982742
2020-01-10,689.1595458984375,693.7460641432477,685.5971750800793,691.052021954991,12478359
2020-01-13,687.4007568359375,694.0801585291999,685.0407051379933,688.0019166618636,18282382
2020-01-14,681.0330200195312,690.2060574437152,677.6710552541097,685.7531231921615,15816535
2020-01-15,678.5617065429688,685.7086841864183,676.068070171922,683.9052640096224,15817859
2020-01-16,684.8179321289062,687.2448055274269,680.4095262908653,680.8548672498658,12847975
2020-01-17,704.0101928710938,705.7690846391494,691.6310096398801,691.7645940988411,29463471
2020-01-20,682.3466186523438,716.4784286658733,679.6971043882497,716.4784286658733,32545850
2020-01-21,683.0369262695312,688.3581898620575,677.7378970312928,680.6768744071713,18922720
2020-01-22,682.7918701171875,688.7588206739724,681.7899569992577,687.5342668020733,10322817
2020-01-23,679.8975219726562,686.6214514994721,677.1589513580537,684.1945779592724,11247739
2020-01-24,677.5375366210938,684.1278823316969,676.2016324357799,679.9643509483909,14628445
2020-01-27,670.8580932617188,678.8288715307318,670.1678770715025,674.576343167049,13387750
2020-01-28,655.3617553710938,672.3942783497732,651.7326219117568,671.7708247894806,24532236
2020-01-29,658.9686889648438,665.4476838598071,651.9330029814765,656.385937187332,24746565
2020-01-30,642.8935546875,658.9018717010598,641.2237192109507,658.5901746274501,22402689
2020-01-31,628.599609375,647.1238564671794,626.6180767993984,647.0125063572486,34750310
2020-02-03,616.9551391601562,623.3896651574961,606.9583015760081,610.0085691432375,30712290
2020-02-04,635.1676635742188,637.8839401729988,622.4322559797637,623.4118752792756,25383901
2020-02-05,645.0086669921875,646.9234370233874,636.9043647870463,638.9526598272524,18472100
2020-02-06,649.1499633789062,653.2466727335321,641.268301219584,647.5024215657478,15538577
2020-02-07,638.3961181640625,646.7231209827357,636.0137726868787,646.121961162775,12209212
2020-02-10,639.2644653320312,643.6728717218461,628.0653070065835,635.8802065407942,15142476
2020-02-11,646.9011840820312,652.8903691202153,643.4723974955958,644.5188387872203,13999816
2020-02-12,654.716064453125,656.7421844770341,647.9030790730019,648.4151825290611,13533565
2020-02-13,656.4305419921875,658.0336151395259,651.2873910883294,658.0336151395259,13565659
2020-02-14,662.4197387695312,668.5870368609382,647.0570496970056,657.8109261027595,21227841
2020-02-17,658.2561645507812,670.6798756802237,656.4972728187931,663.0430895240688,13149130
2020-02-18,653.4246826171875,657.2096942768698,648.9717487058438,657.2096942768698,11127161
2020-02-19,669.6334838867188,670.813509728984,656.8535465958774,658.7460229239962,14084409
2020-02-20,661.6849975585938,671.5037233050037,660.7276124968037,666.6055073331329,16892268
2020-02-24,643.4279174804688,657.699577615814,641.0233376549481,654.4711971958799,21370214
2020-02-25,630.71484375,646.3001152119884,627.864922735704,646.3001152119884,27745062
2020-02-26,619.849609375,628.911356956024,617.779020325235,627.8649155292255,29362748
2020-02-27,617.2891235351562,620.6510881290094,609.6077499205786,618.0683364567957,25054993
2020-02-28,591.6400756835938,604.2641917083236,590.0147686027638,603.3290411767952,39315769
2020-03-02,586.073974609375,609.6077258365907,579.3722800369876,603.4181347083037,29500495
2020-03-03,597.9633178710938,602.8838272617827,588.6789307113166,592.1077172942299,27398798
2020-03-04,596.5606079101562,602.8392551960833,582.4002405429284,602.0377485234621,22105261
2020-03-05,583.8475952148438,604.6873667976507,581.5543059975552,602.1269086434213,30510390
2020-03-06,565.968994140625,573.605840695423,552.6547183160529,565.5237125645812,33734039
2020-03-09,496.1245422363281,552.6101067897556,487.5971635409846,552.1870596312644,88187018
2020-03-11,513.6691284179688,524.7569350107589,493.385961606044,493.385961606044,59578576
2020-03-12,473.3477478027344,490.26892105164063,466.98004375854214,483.14423842846696,55970485
2020-03-13,492.1837463378906,507.6354328669012,419.64532802906,444.40366683588684,73297403
2020-03-16,452.28533935546875,480.7841591374453,447.5206784786443,472.2567802513006,38482258
2020-03-17,448.8565979003906,472.0118916262875,446.7191870864638,466.3343737158094,45445979
2020-03-18,431.2674865722656,461.28032501489446,427.9277857781092,456.5601919681001,44730415
2020-03-19,408.64654541015625,430.5995508438921,397.29153849959346,409.715250893795,61404010
2020-03-20,453.2872619628906,460.8349919401429,414.1236220114131,418.3539154289049,63360475
2020-03-23,393.662353515625,423.02950129195114,389.9218699453738,407.9785404343475,40670949
2020-03-24,420.090576171875,431.9353918898189,398.8945807634273,414.1236252972025,45734887
2020-03-25,481.9196472167969,512.7785178891949,428.9296612692312,429.17456609975056,73130298
2020-03-26,474.7727355957031,497.34916518213845,464.1524728836179,487.95345651457,45744488
2020-03-27,474.5054931640625,493.07426683799997,465.86679422968973,487.59715574121174,41657940
2020-03-30,458.85345458984375,478.6022562103133,454.20014346811496,463.37321097095526,30229866
2020-03-31,495.94647216796875,503.0934193486525,466.668378147016,478.2237612689132,44292810
2020-04-01,481.1181640625,500.7778787446454,465.42154418897144,499.7314374197435,41597459
2020-04-03,479.78228759765625,505.1640794985781,470.3643151321363,505.1640794985781,41367807
2020-04-07,537.0693969726562,540.587180545846,489.82365880229355,490.7587797499459,54373624
2020-04-08,530.8575439453125,547.2666748233642,516.5413553079427,525.4472243442474,49880330
2020-04-09,543.2366943359375,548.9587106749909,531.2360300150857,540.5871800325931,33032857
2020-04-13,529.521728515625,541.0325844995617,525.447253374809,536.1120743446078,23673784
2020-04-15,512.0216064453125,550.3837133914021,508.97133852649563,533.0394909756521,35321842
2020-04-16,520.1259155273438,528.7646148704049,509.8619089009577,512.0215540116548,37455706
2020-04-17,545.0401000976562,547.7119081332823,531.0801379395491,541.477788467049,33269335
2020-04-20,553.8569946289062,559.7348298724658,535.2436911572639,545.9307453957434,36030932
2020-04-21,550.98486328125,557.508386765965,518.3225393512134,538.8060261793212,61371628
2020-04-22,607.2032470703125,616.6880417343276,578.8825664491623,587.7884356237253,142683366
2020-04-23,610.453857421875,617.1110242514935,602.6166648338456,608.8730782936495,65464502
2020-04-24,630.9819946289062,665.692673747736,599.9004494609227,601.2140598103026,134986308
2020-04-27,636.6594848632812,656.809040623181,633.6537450993618,638.5519612553153,58482901
2020-04-28,635.9470825195312,648.103567516399,619.916469231147,645.6767530581233,78453401
2020-04-29,635.4125366210938,647.3019093275574,632.3177410324345,643.405607041887,37494672
2020-04-30,652.8013305664062,665.6926172797448,640.3553848329962,647.4355395070829,71345899
2020-05-04,639.0863647460938,652.3561123219903,631.1823492999154,641.2237757465786,53456868
2020-05-05,650.4189453125,658.5901284085901,644.4297604788242,647.3242091452047,44903763
2020-05-06,650.463623046875,661.2397341507669,643.6728711176166,651.9108178555344,40489094
2020-05-07,671.0361938476562,674.019699350152,643.4502566899976,647.9031914144758,50026966
2020-05-08,695.46044921875,703.5202220953565,684.4616403192125,687.9794827972127,84262770
2020-05-11,702.1399536132812,719.1501837188379,700.1361272712575,703.564854514178,67085063
2020-05-12,658.7014770507812,698.3772514173569,652.3560664564766,696.79641276918,100683202
2020-05-13,672.677001953125,686.4096865474885,653.5950534044931,686.4096865474885,66430125
2020-05-14,645.4812622070312,672.789324791763,642.8291322565639,660.3377319199246,49266771
2020-05-15,656.0224609375,659.3039301915819,636.1089238922658,649.0999085460102,62152260
2020-05-18,647.6389770507812,666.181474909855,641.9076865534937,660.7873261418357,62796089
2020-05-19,633.3219604492188,657.0564195102567,630.7822503273412,654.9436803175768,42315854
2020-05-20,644.4699096679688,650.3810366625504,626.1746060014038,633.8163858969135,55320985
2020-05-21,647.8636474609375,656.943822099277,640.5590103235712,645.0541533465267,39167981
2020-05-22,643.5034790039062,655.3931503743523,641.233434844536,652.6061872445827,37828973
2020-05-26,640.1322021484375,651.662261081613,636.6484234818872,650.9655053483029,33216635
2020-05-27,649.7966918945312,653.5950802585778,634.7154397533718,643.2562252592883,35667956
2020-05-28,661.7987060546875,665.1700639694456,651.3474905739236,654.0445650157022,40126278
2020-05-29,658.27001953125,661.6863216286777,652.9882315987021,659.8882522484166,40022527
2020-06-01,683.4203491210938,691.5116310071569,663.4618696555066,665.2824110523774,39943702
2020-06-02,690.3203735351562,692.2533351438987,683.6226027052328,685.9601224657711,22153960
2020-06-03,692.9950561523438,701.2436433909791,689.2640251716484,694.5009280550352,25381289
2020-06-04,710.1441040039062,714.5044150378368,692.7029193183236,694.0514268333575,34202350
2020-06-05,710.9981689453125,727.3155677405333,707.4020299835134,716.976712812966,33076685
2020-06-08,705.5140380859375,727.495369555277,703.4912471731864,727.495369555277,31414953
2020-06-09,690.9722900390625,711.5825840206448,689.1068040465735,701.3785617206731,25857161
2020-06-10,706.7052612304688,710.0316745660456,692.2758220092561,693.6468015444327,22132647
2020-06-11,691.2195434570312,704.8173365444579,688.207799283614,703.9408036567188,20385805
2020-06-12,714.189697265625,716.0776552194108,672.924169196797,674.2727360709879,38548899
2020-06-15,725.7648315429688,731.3388178242635,701.7382332043936,703.4913585731487,53107403
2020-06-16,727.1807861328125,741.0483050918923,712.6164520349436,738.5535392456209,51187003
2020-06-17,726.1243286132812,735.159560417052,720.1682571993283,722.9327480146142,41782053
2020-06-18,744.3521728515625,748.4427585087822,721.74156125064,722.3709004133316,40471557
2020-06-19,790.8770141601562,804.0927203501327,747.0942467519249,750.6903261392612,105804173
2020-06-22,784.9210205078125,811.0153531945601,779.9088977902954,797.1703064721975,60198705
2020-06-23,773.5706176757812,792.8323423074329,771.4129344994001,786.6514901886577,37962078
2020-06-24,776.6947631835938,796.855553260014,769.4351285440347,780.313374152456,51586221
2020-06-25,772.2221069335938,786.2020448440715,770.0419514480267,776.3126926255497,39679374
2020-06-26,782.8981323242188,787.5506408989148,771.8175772674693,777.1218971867132,30921913
2020-06-29,774.5820922851562,782.0440358258111,771.1657900960829,776.7847199037966,25621946
2020-06-30,766.0189208984375,782.6059869061835,762.1755284855506,780.8079767260515,30276420
2020-07-01,781.0775756835938,786.2020588284339,767.7943931621406,773.1661294381369,28464103
2020-07-02,794.524169921875,797.7964291606368,783.1051378323464,786.6933471641555,28789533
2020-07-03,806.9586181640625,809.2605230295892,797.9768734526536,803.302718327586,29434266
2020-07-06,835.799560546875,838.5978646000791,808.8542664677218,814.6766299428286,47016185
2020-07-07,823.00390625,841.463914285067,815.2633981823944,839.5005827702558,35189589
2020-07-08,811.517333984375,828.1944614496679,807.9065609306946,823.2748204715693,26204095
2020-07-09,823.3650512695312,828.2170013060332,806.2139692943585,816.4820787561033,36418942
2020-07-10,847.6473999023438,850.6037089763864,823.3650271392274,825.2832912510764,43759967
2020-07-13,873.3515014648438,879.0835514065949,857.5544142629645,859.066414273634,69608392
2020-07-14,865.2272338867188,876.3754426124376,851.8223070969156,872.9001111198423,67331128
2020-07-15,832.2791137695312,893.1203699369507,811.5173183412455,874.6829238098223,139669773
2020-07-16,832.0083618164062,843.5627758296462,818.0392246836387,833.6331798351821,60961724
2020-07-17,862.8351440429688,866.581298459645,829.5710262803591,832.7304674212536,49726765
2020-07-20,866.5361328125,871.9974193757844,857.3964422325445,865.5883422314392,36592938
2020-07-21,889.8480834960938,892.3079337086934,874.0284930342241,875.156852095807,42173371
2020-07-22,904.4942016601562,907.2022513326309,884.950961621849,895.0159382684053,59771457
2020-07-23,928.776611328125,938.6610205330575,898.784750623047,904.4716734406272,58333751
2020-07-24,968.65283203125,976.2579590026274,928.776564146926,928.8668185460966,120597372
2020-07-27,973.1888427734375,992.4161339989756,960.4158156178775,983.3892613715004,80304827
2020-07-28,982.8927612304688,990.2496888244225,970.6838835389933,973.1888610354255,55114422
2020-07-29,946.311279296875,985.1945694094204,934.4860429521891,982.9830381867582,72663399
2020-07-30,951.8177490234375,965.7416994124951,935.1856889845394,947.372003332624,72857444
2020-07-31,932.97412109375,960.9123366610667,926.5199162983887,954.3678774596883,74958061
2020-08-03,906.7509765625,928.4154946857375,904.0879942280135,925.8428264432459,46715383
2020-08-04,970.6613159179688,978.0633706821992,902.8017056351508,911.9865832893145,92041055
2020-08-05,959.7613525390625,991.152334357933,956.082888808404,978.9660801786949,74549993
2020-08-06,963.214111328125,978.3792977984335,951.3437476637285,973.549911434821,49322975
2020-08-07,968.7882080078125,973.9109808198931,956.9404677314833,961.2733354792168,32984416
2020-08-10,956.782470703125,977.1606844285126,951.4791890501768,974.497761802115,26958997
2020-08-11,963.0787963867188,974.9040336698868,947.9812996710002,963.5301281069163,46828306
2020-08-12,960.2803344726562,968.1337801877427,950.8923849420117,957.3014618538515,30264617
2020-08-13,957.7754516601562,965.3805786775785,952.3367286962583,960.4609378961798,24830322
2020-08-14,954.0518798828125,973.549934599968,942.9713613334557,958.0011068702576,33224635
2020-08-17,943.919189453125,950.0800072856482,934.3281075225127,950.0800072856482,30979066
2020-08-18,956.1958618164062,963.3045306935902,939.8571872924176,941.053237291092,30547672
2020-08-19,962.063232421875,972.1959605908819,957.4595415393626,966.3284692913196,34087543
2020-08-20,946.4918823242188,958.6105063624732,942.4072137744096,956.8502469568803,22537845
2020-08-21,939.6314086914062,957.7529046597705,937.4423813079499,955.9475181738237,25280895
2020-08-24,945.9050903320312,949.854317250222,934.5086218851164,943.9417586729289,32717218
2020-08-25,939.744140625,952.9234309193323,937.893627107895,950.5312716600185,19388008
2020-08-26,964.6583862304688,969.4652088235415,923.9020199231386,941.0531010310551,59870421
2020-08-27,952.6076049804688,970.3905879404774,949.2902183763626,969.4878648165206,28085062
2020-08-28,955.1124877929688,962.6724872841761,950.64417889511,956.8501236807623,27166900
2020-08-31,939.1123046875,981.2227244337602,929.9274278526689,981.2227244337602,62076132
2020-09-01,942.0687255859375,957.9334441866578,930.8527654130116,947.8233392331533,38616258
2020-09-02,960.55126953125,964.9744517777982,941.0532136373029,944.2125954179412,26949439
2020-09-03,953.2846069335938,965.3129161947521,949.177375013291,960.4609660708118,18586429
2020-09-04,937.55517578125,946.4466666938623,935.2758940537118,940.3986668867657,28475945
2020-09-07,939.9924926757812,950.4185474757394,922.6608419794579,940.6018292728933,21926473
2020-09-08,951.02783203125,957.3014676946553,939.0220273942846,944.2124909097532,27397082
2020-09-09,975.5132446289062,978.4244265500107,939.4508218895586,941.053135941398,55310877
2020-09-10,1044.410888671875,1058.3800235694275,981.83194598064,985.3299004503288,140304404
2020-09-11,1047.0062255859375,1055.175562246342,1032.269926063605,1043.5083899488072,59470807
2020-09-14,1039.2431640625,1065.1729199258552,1029.9679721043801,1049.3758922384438,44063445
2020-09-15,1046.5999755859375,1049.7142296990357,1032.743657881546,1043.485721472839,27178393
2020-09-16,1049.172607421875,1069.3928153950412,1042.8538446608136,1047.1189617708817,33952295
2020-09-17,1037.528076171875,1053.3025400234242,1034.4137023752521,1047.1190390154095,25828669
2020-09-18,1040.6649169921875,1046.8708623526327,1027.5081886685462,1044.5238896915514,33074915
2020-09-21,1018.165283203125,1054.3404610706277,1014.3287552558285,1038.092044133767,33627381
2020-09-22,997.9902954101562,1027.7112740343982,993.6573676500885,1027.7112740343982,34792254
2020-09-23,1006.859130859375,1027.5984225615102,995.3499037941469,1020.0384225209982,42988708
2020-09-24,984.4725341796875,1004.6926843399245,982.1480654339798,996.5234072507043,29826318
2020-09-25,993.7249755859375,998.7349303522368,978.198771791248,987.9929259452438,28374935
2020-09-28,1000.2921142578125,1010.1088922605071,996.1397551110359,1005.1440644113056,19666849
2020-09-29,1013.2908325195312,1021.8437503790619,1000.2921093414723,1004.2413960622814,25842539
2020-09-30,1008.4614868164062,1023.1977860425367,1004.2413772750692,1020.0384044786468,24465159
2020-10-01,1004.3541870117188,1021.7534684542669,999.2765413206039,1021.7534684542669,20783227
2020-10-05,998.464111328125,1015.1412378353376,995.665807141331,1012.8168289308439,18922799
2020-10-06,997.629150390625,1008.2582772733267,993.7024274130506,1004.3541775876134,18412175
2020-10-07,1018.9102172851562,1042.154428954155,1001.9847694397473,1008.7549247010826,53170865
2020-10-08,1010.6729736328125,1023.6491928550894,1002.9324648078214,1019.5870284539118,21077808
2020-10-09,1008.0552978515625,1016.8790987960083,1000.6758061956652,1008.7548888939575,18545499
2020-10-12,1009.6799926757812,1018.1200919736274,1004.8055389601913,1008.7547657275612,14226473
2020-10-13,1029.38134765625,1031.6606295627953,1004.6250177214829,1006.7689180188713,23112012
2020-10-14,1032.450439453125,1039.8976215416956,1023.8748385588287,1028.5689032035948,26742011
2020-10-15,995.8914794921875,1033.5787209899615,990.7010157207518,1033.5787209899615,20036197
2020-10-16,982.0352783203125,1007.6264617004911,980.6135326453985,999.728007266676,21583600
2020-10-19,982.2156982421875,1005.9112981674255,972.7149304876791,988.4668301104947,31200385
2020-10-20,973.0535278320312,989.7984063552932,971.4060864555798,983.479583144778,18482288
2020-10-21,958.9264526367188,989.3470825746206,946.8078286470422,978.5148226542062,34082321
2020-10-22,950.9601440429688,962.4919944695694,943.7612212611413,960.1901490428081,30802210
2020-10-23,953.7133178710938,963.6202899304686,946.1984454833869,950.5313131498879,23422125
2020-10-26,915.822998046875,948.7034169019341,911.0387387404159,948.7034169019341,37324416
2020-10-27,918.2601928710938,929.7017279504099,904.9455209838884,918.4407016571695,36478896
2020-10-28,907.8568115234375,928.7314851710537,906.0288613850042,921.555066223106,29924017
2020-10-29,914.8299560546875,921.6452970796064,898.6267252669395,901.3347749825296,30655304
2020-10-30,927.2870483398438,932.0713070827725,912.5280676575319,917.8087852454236,34021563
2020-11-02,847.3765869140625,914.875118139784,839.1169961667077,914.875118139784,99366895
2020-11-03,835.167724609375,861.6165021715815,828.2621884933044,853.0409611809424,88691623
2020-11-04,863.5121459960938,870.6434375225641,829.1197275153525,829.1197275153525,80180117
2020-11-05,882.3782958984375,885.0637819795205,871.9973691521444,882.35573229981,37205373
2020-11-06,915.8455200195312,920.7425971059893,892.8269476303738,898.1754160907856,66674086
2020-11-09,925.5719604492188,933.8315508837121,918.9371879060812,930.7172966945931,35838510
2020-11-10,940.8499755859375,943.3098257434691,921.2842310899437,937.4423348777667,36934242
2020-11-11,901.425048828125,945.5665526357731,892.8043809348467,942.858502861752,56724780
2020-11-12,893.6619262695312,906.502703689629,886.8917719189561,894.1133176465529,40046527
2020-11-13,901.06396484375,919.2305871473199,894.4518154997988,894.564633496026,45388670
2020-11-14,903.7269287109375,909.5944198559474,900.5901107359409,909.4139110537326,5226220
2020-11-17,899.6422729492188,941.0531655438715,895.9186819311539,941.0531655438715,46542562
2020-11-18,896.91162109375,905.6226031588405,884.6801802584594,899.6422344929193,30402290
2020-11-19,890.5702514648438,907.4053832429535,888.3360969077845,896.9116378432019,27796343
2020-11-20,857.3287963867188,895.377116449163,855.297714134409,891.4052660410506,57471248
2020-11-23,880.4376831054688,889.1486066280576,869.4022906702216,880.57306472109,45327567
2020-11-24,886.4630737304688,890.953946718642,871.9974772270936,886.4405101290448,30936268
2020-11-25,879.128662109375,899.5068761620935,876.6011807335245,893.6619486348033,32637879
2020-11-26,881.2952270507812,886.8918959261763,871.1174305021915,881.4983591680497,25838637
2020-11-27,871.0044555664062,882.8748194602481,867.2131737985623,875.8338420233673,47336811
2020-12-01,882.333251953125,887.456025013745,871.1173516152288,875.7661696758335,19750687
2020-12-02,883.8001098632812,885.5378055525415,873.3514915114731,883.9580550659119,22188887
2020-12-03,886.4630737304688,894.1585153494483,884.0257869322113,890.0512832775495,27785372
2020-12-04,878.6547241210938,888.6971374121213,875.6081607043218,888.6971374121213,18464552
2020-12-07,883.8226928710938,886.891820126114,875.8790518310219,875.8790518310219,18242188
2020-12-08,899.867919921875,909.120487964561,880.1216067950427,885.1541251431139,43403061
2020-12-09,914.8525390625,917.9442894095523,902.3503351540464,907.179721423537,29175254
2020-12-10,905.8482055664062,915.5521050393417,903.1401558672769,912.4378508699459,16065507
2020-12-11,905.306640625,919.8399265746882,891.0666814664153,908.556276462948,26944202
2020-12-14,898.7620849609375,909.4589616611561,896.5279305693003,906.2769570615246,17312747
2020-12-15,891.11181640625,898.039915449366,885.1314481712016,898.039915449366,18551265
2020-12-16,892.1048583984375,900.4096365369544,887.2077809533278,897.2727587493416,18561011
2020-12-17,896.1895141601562,904.9456238899453,892.3756687000254,895.6930552499342,20252358
2020-12-18,898.8749389648438,904.9004347378007,886.8917576008947,893.7070987327945,18466344
2020-12-21,875.4727172851562,912.6183705411303,837.3567098855556,907.2022710782971,44135540
2020-12-22,874.1188354492188,884.13868641413,852.3414377066035,879.670376917294,28140001
2020-12-23,877.345947265625,880.7761519150498,866.8747051215936,871.0948148980669,19501410
2020-12-24,900.048583984375,902.147297408828,878.2711864494689,878.7676453803593,20776988
2020-12-28,904.1783447265625,910.8131178458168,900.5675716632815,905.7129083554405,17221499
2020-12-29,898.197998046875,908.2404117114976,894.8128611333499,906.7509753463718,18611939
2020-12-30,900.6577758789062,905.9384938821528,891.6534670154136,900.5449578807359,22043630
2020-12-31,896.0540771484375,908.0598221912284,893.0300772883096,899.7551043755919,18781189
2021-01-01,897.0470581054688,901.3347986266252,894.5646443140231,897.2726941006515,10015175
2021-01-04,898.55908203125,902.1923588792536,888.2458453983129,900.4772865018267,24513534
2021-01-05,887.3883056640625,895.286819208082,882.8296824610696,888.6971735420237,24123091
2021-01-06,863.986083984375,887.3431107117481,859.8788522034279,887.297983512097,46401468
2021-01-07,862.5868530273438,877.8648566159659,859.878803357666,866.8069025676972,32325918
2021-01-08,872.7647094726562,874.8860460383853,863.0156822176616,865.678604878862,27540187
2021-01-11,856.313232421875,875.0665690475399,854.1693322211945,875.0665690475399,33307825
2021-01-12,883.3036499023438,884.6350813991116,857.5092762592445,858.9084582491231,41161546
2021-01-13,875.0665893554688,891.3826993524976,865.8817711258671,886.2373626282811,26619458
2021-01-14,884.9058837890625,887.7493749036234,875.1794202704835,877.8649064942006,21553242
2021-01-15,874.4572143554688,890.86357691647,866.6038285437963,884.9058318391973,20593268
2021-01-18,895.4447631835938,901.3348178565226,868.093322463363,879.7154269171596,35100458
2021-01-19,910.0909423828125,916.6805284572496,900.2741645341835,900.2741645341835,32006615
2021-01-20,927.37744140625,928.866877855919,903.3207625071458,912.3476953021599,30924537
2021-01-21,947.552490234375,956.8501859101181,936.539722158253,939.6991037539394,39087742
2021-01-22,925.0755004882812,954.7514084138397,918.5535459475058,952.7880171566991,30532660
2021-01-25,876.0595092773438,918.4633177239738,871.9974047459384,918.4633177239738,54207104
2021-01-27,855.2977294921875,868.8380990078514,852.1383477435087,868.8380990078514,42370131
2021-01-28,846.9703979492188,868.0707665841978,844.0140887864603,848.5952159319003,34067814
2021-01-29,831.3538208007812,863.4669551342889,825.9602253530458,854.9816691410504,43712383
2021-02-01,855.4331665039062,859.8111617886597,834.0845374375884,839.2298742462161,34180952
2021-02-02,869.19921875,875.6082966583149,837.2214603242046,863.9861908565767,41470034
2021-02-03,871.3882446289062,881.0243952288587,857.5544879536694,870.3275762318168,30301696
2021-02-04,868.5220947265625,875.6081993096957,859.8111124753323,868.3866534338506,25626981
2021-02-05,868.2738647460938,877.7070019033696,866.5813559125976,871.1173559922115,20248046
2021-02-08,880.776123046875,888.6972004305863,870.6660182415897,872.4713450669083,21183400
2021-02-09,882.8973999023438,897.9948961529354,881.1597638793062,885.5152551213864,19604141
2021-02-10,891.0892944335938,895.8058629486737,869.8761074541144,881.8142219915239,21234156
2021-02-11,927.8286743164062,931.6651427302581,890.1639989701773,893.6618940174507,42539278
2021-02-12,921.4647827148438,937.8937101488065,909.6395460369704,927.7384783498696,30497029
2021-02-15,917.4026489257812,930.3562442810988,913.9724445678881,924.3759353313053,15791099
2021-02-16,929.5438842773438,938.5256299749142,918.4859291608079,920.6298293819443,21421660
2021-02-17,940.2633056640625,945.9953555067547,925.5268870227972,929.7695004811927,23742994
2021-02-18,933.244873046875,951.6145681859424,929.3632772705301,941.0531321070791,18646877
2021-02-19,938.9318237304688,950.0574695218014,926.745509641073,928.4155145358285,23403483
2021-02-22,906.3446655273438,943.2646823971752,900.4095436576987,938.7963735267837,23804335
2021-02-23,913.2728271484375,926.5649358038843,908.8270818640342,924.3533449611235,25644108
2021-02-24,930.2208251953125,932.139029538801,914.4914301945876,916.22912574907,10807663
2021-02-25,967.8405151367188,971.2932834620615,935.6370619592543,936.9911168438915,34855693
2021-02-26,941.4141845703125,963.123829134179,934.5988434646592,955.4961387654923,37481215
2021-03-01,948.590576171875,953.2394537638484,930.897848571293,952.4269850885058,17680764
2021-03-02,950.53125,961.3635079846885,942.9035601228561,957.7527951178306,17150760
2021-03-03,993.9055786132812,1001.9395335212855,951.0730007855624,957.3241328149178,31924461
2021-03-04,982.0576782226562,988.4216276043541,973.8657789482086,983.9307553112692,21435754
2021-03-05,983.3440551757812,998.3512962856287,971.7670781260525,973.0985692708165,25511666
2021-03-08,988.9408569335938,1007.355680497462,978.5148017597687,978.7404377726681,19506841
2021-03-09,988.9181518554688,999.1862609710787,968.8559482883367,992.9576927650287,15154484
2021-03-10,984.8109741210938,999.7730887336929,979.5302558776189,996.1171885060364,11519358
2021-03-12,964.7938842773438,995.8463528292266,958.6104430105866,990.7010162557301,16864952
2021-03-15,951.8402709960938,969.894016181107,939.022056998036,965.899662068002,16698099
2021-03-16,948.0941162109375,959.5582754400099,945.7922708635552,954.1421160708194,13873801
2021-03-17,927.6708374023438,949.1774117375747,918.5310865076837,946.9432570402209,19210236
2021-03-18,906.7960815429688,940.9628627496759,903.1401815146905,935.5918307044085,20647480
2021-03-19,939.6990966796875,945.9502287147974,894.9257507304794,898.6267780925764,41787429
2021-03-22,930.8526611328125,936.0882516774249,917.6734303772165,934.7342566902689,18572478
2021-03-23,942.1814575195312,952.2013071535108,927.9641218620927,930.6496079854647,17421165
2021-03-24,924.0374145507812,938.6835185270156,920.9231603023551,938.6835185270156,16822814
2021-03-25,898.8298950195312,927.0614969311192,895.9187129062007,927.0614969311192,22001648
2021-03-26,900.274169921875,908.8722746334809,890.818529006779,908.1049928320286,20180202
2021-03-30,915.9132690429688,924.7596332154852,898.8750045089173,906.2996230548414,20441701
2021-03-31,904.0880126953125,925.210945158364,902.2374989986004,910.8130997767836,16250796
2021-04-01,912.55078125,916.2292452262719,904.1106213459858,910.813145160988,11723312
2021-04-05,899.3489379882812,913.9724790288182,885.582933146535,913.9499154284324,14875099
2021-04-06,895.602783203125,904.9230424620014,888.6971873373794,904.4942743627021,14009194
2021-04-07,903.97509765625,923.8568508845015,899.6647938214671,902.6887934928391,24266353
2021-04-08,905.1035766601562,912.6184496390974,899.5294718287386,907.6536814191865,15369188
2021-04-09,894.5872192382812,905.5548598128081,893.661932570132,901.9892738152234,14037885
2021-04-12,862.5868530273438,885.2669107795369,857.6672125480122,884.1836789732539,20901482
2021-04-13,871.9071655273438,875.8790157297038,865.6109063786529,868.3866470158723,19411189
2021-04-15,877.5489501953125,885.0863863250735,863.421868505896,869.4247410901053,19723716
2021-04-16,872.04248046875,880.0764346591261,869.4923760258712,874.07356246059,15656948
2021-04-19,858.3216552734375,864.9564280013587,853.0409372873982,859.3597599294095,18478808
2021-04-20,858.0734252929688,866.1298835841033,853.2440391612164,862.2934748740392,17203668
2021-04-22,860.4430541992188,864.0763909126439,847.038126173648,854.0565402952617,14490954
2021-04-23,859.5177612304688,866.084783440233,855.4556567138424,860.2624793969826,11828857
2021-04-26,874.6377563476562,885.5377655993291,862.7448293401166,866.5812978436229,20846778
2021-04-27,897.5661010742188,901.4250736005504,874.8183510247649,875.6081964100579,19992524
2021-04-28,901.47021484375,906.2996013229371,893.7297060704715,901.7184741400474,17122437
2021-04-29,913.543701171875,922.7737059327087,905.9837012820783,913.0246189844161,17412606
2021-04-30,900.2064208984375,918.9371927131189,897.0696030939774,906.5252433975188,19828769
2021-05-03,884.2062377929688,893.2105461727255,877.0073157472597,887.3430555100857,23640186
2021-05-04,865.0466918945312,888.1555786981006,862.5192105636345,880.1216239409943,21849830
2021-05-05,866.62646484375,874.9311830141904,861.1877417678091,868.0933376376232,12393609
2021-05-06,871.5460815429688,873.351467984722,860.5332540943049,867.4162861727356,14624666
2021-05-07,871.8845825195312,882.6717141211767,869.289350739611,874.5926322966467,12288548
2021-05-10,869.379638671875,878.677334300937,867.010102487007,875.1568754240988,13941237
2021-05-11,872.5165405273438,874.9537675806936,862.0678622246373,864.324640162575,13478264
2021-05-12,863.4895629882812,872.4036175039552,860.7138223730607,871.1398768410697,13177961
2021-05-14,874.3895874023438,876.5108642766377,860.2625054108522,870.2146050700743,13291616
2021-05-17,884.7930297851562,886.1921519936135,871.2752254332202,874.3895393110239,11873078
2021-05-18,897.2501220703125,903.8623311241566,890.2768357355067,894.1133042302491,12064918
2021-05-19,901.357421875,910.1135316770341,890.0512670062741,893.661980396703,16317002
2021-05-20,896.0992431640625,907.6085298258828,894.1133478678807,901.7410386469029,11422532
2021-05-21,903.83984375,907.0217890570246,896.3700979084354,899.0781478980009,10785605
2021-05-24,896.2120361328125,907.1120455871035,894.5646545808229,906.2995769189343,8551760
2021-05-25,886.056884765625,901.33489057257,884.6351390826914,901.0640676586617,14780102
2021-05-26,889.1710815429688,893.436318314461,887.0272410491106,891.4052361303035,7480204
2021-05-27,891.9017944335938,899.5294855338184,885.6506620923865,889.2839988316376,26819294
2021-05-28,945.476318359375,950.0800090423911,898.1754320907405,898.1754320907405,56469931
2021-05-31,975.0392456054688,989.2114531211212,941.0755994207706,948.7258528076557,59124142
2021-06-01,978.9209594726562,993.860450495012,968.8107952002592,977.6120318921522,28013832
2021-06-02,993.5218505859375,997.2454412183025,973.5498427606852,973.5498427606852,24630162
2021-06-03,997.3131713867188,1015.5249208069228,991.1974809457165,1002.4358843892015,23974257
2021-06-04,988.669921875,1000.3822800699458,985.8489944972179,999.637561927722,14468646
2021-06-07,1005.3245849609375,1011.9142309078353,986.1876070242225,993.8604848949419,16336573
2021-06-08,999.5473022460938,1005.2116608783687,992.1226844618565,1004.963461293647,9674735
2021-06-09,981.674072265625,1002.4358661639994,973.9786315641471,1001.5332028305284,11409161
2021-06-10,985.284912109375,1006.4980988117626,982.8250618353879,989.9788572705107,14155653
2021-06-11,1002.3753051757812,1009.1011952964063,987.4063735342977,988.6745798453265,13762778
2021-06-14,1016.7554931640625,1022.8019357932958,994.1775030221097,1003.213263471595,20332436
2021-06-15,1019.0654296875,1030.3430744105387,1014.6721115736523,1024.047566478528,15174215
2021-06-16,1001.6732177734375,1017.7291568032897,999.0689384128791,1016.7554197633551,10797349
2021-06-17,1003.5075073242188,1012.2714997953356,987.315715260484,996.4193416411849,15745975
2021-06-18,1008.0368041992188,1012.2716262697277,989.3312995663522,1007.9688774088152,29369026
2021-06-21,1013.2904663085938,1017.9328482894455,996.4872742197637,998.0045452008349,12186448
2021-06-22,1008.08203125,1024.0474616919707,1005.1833424900376,1020.8769459855561,12871913
2021-06-23,998.8425903320312,1019.3370730246654,997.1894056266616,1019.0653658677555,16653951
2021-06-24,975.3587646484375,1003.0320420254984,969.24439537304,999.5219522378009,91461975
2021-06-25,953.14306640625,975.3587188779936,942.5674531142881,975.3587188779936,55355022
2021-06-28,944.7868041992188,963.1299720367883,942.5222185353294,961.0918688993542,20277042
2021-06-29,945.60205078125,955.2039275943256,943.9262837366043,946.3720075153033,27144063
2021-06-30,955.9512329101562,961.3862145219897,947.0740283906408,949.4291830957576,19762858
2021-07-01,950.19921875,961.6127163035006,948.863085632743,959.2802038142157,12534407
2021-07-02,964.284912109375,966.0286658416347,947.9345627995748,949.7688855828178,14086620
2021-07-05,973.8641357421875,975.3814069298204,965.3945518663345,967.6364952540457,11702287
2021-07-06,962.3599853515625,973.2752927037599,960.2765977537204,971.4863144110957,10070124
2021-07-07,955.679443359375,963.6961219133111,950.2218196134942,963.6961219133111,10454892
2021-07-08,947.7759399414062,958.8045174255832,942.5220970861565,958.8045174255832,11185460
2021-07-09,938.0835571289062,947.3683817256788,935.7736870853545,945.6925548959384,9037675
2021-07-12,943.9262084960938,951.8069732106677,939.5781755914345,941.9559723923293,8585292
2021-07-13,950.9918212890625,952.5090925159022,945.7152754895722,951.1276748675257,6717133
2021-07-14,944.7868041992188,954.2301252196338,942.6354298484742,951.2861518765445,8532544
2021-07-15,943.1336669921875,948.8630578642602,941.3899132919198,948.8630578642602,9448356
2021-07-16,956.7437744140625,957.8081403899708,945.5114158643191,945.5793426478567,8828185
2021-07-19,950.6520385742188,961.9976083202988,947.6174964042133,951.1275859545519,8354449
2021-07-20,948.3195190429688,954.7509997157346,943.8809767465054,950.9011562369292,6741464
2021-07-22,960.5029907226562,961.9523350417173,950.289713605715,959.7330340406753,7972397
2021-07-23,953.709228515625,966.7306251488294,952.0560439551456,966.7306251488294,9937030
2021-07-26,940.642578125,960.6388700312618,938.0382987131833,954.750983452507,12389668
2021-07-27,930.7462768554688,943.745031435626,924.8583903750485,940.6199201537044,10824523
2021-07-28,922.7522583007812,932.1050093559254,913.1956670017476,932.1050093559254,12897848
2021-07-29,929.9536743164062,939.5329082786225,925.4924300252735,930.2933681370648,13765738
2021-07-30,921.8238525390625,936.6115854453042,919.9215431668897,932.1050565925411,11350608
2021-08-02,938.6724243164062,941.7975357253354,924.4734496016514,930.4293230086479,10925104
2021-08-03,945.579345703125,947.0513322851771,934.9131634487219,946.5984271599676,11817299
2021-08-04,952.8261108398438,957.468493410625,945.239695070289,948.5912889902256,13169800
2021-08-05,966.6400756835938,975.9474827845528,953.0525024475675,957.604315821072,21252078
2021-08-06,946.1681518554688,972.392083052254,941.5030673967123,964.6924564242829,16620987
2021-08-09,940.7783813476562,946.5078316871239,935.9548011334763,942.5221349162108,7494143
2021-08-10,945.7151489257812,957.0154935941663,939.2384442496343,942.9750161589803,11919198
2021-08-11,958.963134765625,960.1859966454768,943.6092248291548,949.7462363911606,9184963
2021-08-12,955.8832397460938,962.994047792915,953.3921717385531,962.4052292074406,8137612
2021-08-13,971.8032836914062,973.7282353115995,955.181228214771,958.9630848706249,12780901
2021-08-16,984.4171142578125,997.7782056289792,963.8772875225334,973.4791642916643,21935444
2021-08-17,980.2275390625,989.7161436724384,972.7996796494008,982.310986419895,12658169
2021-08-18,984.0321655273438,990.4409443539315,974.9511803260805,984.6436264377176,10075860
2021-08-20,972.98095703125,983.7377088016336,967.8856094241049,970.6031001945055,9426282
2021-08-23,979.3670654296875,984.6435509846982,965.7568499022403,984.6435509846982,9854395
2021-08-24,989.036865234375,992.7960796490014,976.3098177521405,980.5899239821464,11864472
2021-08-25,997.5969848632812,1005.4778098902966,987.4063495975512,989.8068486851395,13380559
2021-08-26,1010.2108154296875,1016.7555077395328,998.6840464816695,1000.0428218830655,18589616
2021-08-27,1008.829345703125,1015.7817181947378,1003.6887734868195,1013.1773788430729,10480636
2021-08-30,1028.23681640625,1030.7732288164937,1013.0867479284576,1019.0652631807153,14027062
2021-08-31,1022.7565307617188,1034.351165067264,1015.5550939662595,1031.2486961976206,26485463
2021-09-01,1026.8101806640625,1038.495504793424,1024.9532755584123,1029.482446811587,11145486
2021-09-02,1039.1749267578125,1045.2440116453542,1021.3299483032399,1021.3299483032399,9956770
2021-09-03,1081.79443359375,1084.7384068201698,1042.8435137983438,1046.2403322593964,30664428
2021-09-06,1098.597900390625,1123.2366380009644,1092.4381261377828,1092.891091235902,33641710
2021-09-07,1105.52734375,1113.272195169168,1092.4379602260194,1100.5904921516135,17349882
2021-09-08,1101.201904296875,1111.460525484485,1090.01483063056,1110.5547152662286,14301651
2021-09-09,1098.597900390625,1104.1460938907833,1094.295151259694,1099.6395643758528,8963249
2021-09-13,1074.11767578125,1101.949452386577,1072.5324776130421,1101.949452386577,16311160
2021-09-14,1072.7135009765625,1084.2854942866497,1071.6037904973264,1075.6801166083583,8908356
2021-09-15,1077.1746826171875,1085.0780298856923,1072.7360805602518,1072.7360805602518,9071075
2021-09-16,1099.7752685546875,1103.6476943262978,1072.0567074838173,1078.6466838742622,13448882
2021-09-17,1082.722900390625,1112.2984866148895,1075.9517858407112,1107.837242193017,34882133
2021-09-20,1084.4439697265625,1095.3139316833478,1073.415392150155,1074.3664868663025,11779819
2021-09-21,1089.1318359375,1094.5215333838828,1079.7563812162018,1089.2676895218028,9915736
2021-09-22,1100.817138671875,1106.0255780999046,1086.210482648724,1090.6264428510565,10995912
2021-09-23,1127.7203369140625,1130.9360171926044,1107.6107744419755,1108.4713001643795,15748397
2021-09-24,1124.459228515625,1134.7631343059459,1119.613065939266,1133.9026086017536,15192163
2021-09-27,1143.3685302734375,1145.8370159244848,1121.1077134942575,1126.4068411721403,15373834
2021-09-28,1154.0574951171875,1161.689135216267,1138.092065214608,1147.6939414575027,18035258
2021-09-29,1144.9085693359375,1163.9989904714507,1141.3757775989957,1163.9989904714507,9719875
2021-09-30,1141.0133056640625,1147.965677369511,1132.4532137255203,1143.6176447212324,13590654
2021-10-01,1143.0289306640625,1150.320936930379,1130.0302358504632,1133.1779894261922,8958928
2021-10-04,1157.72607421875,1166.1955973057436,1149.075293250508,1156.2993722307872,10918552
2021-10-05,1181.7532958984375,1183.0215020120208,1153.7402689056823,1157.25041807704,13533634
2021-10-06,1159.402099609375,1186.62241515062,1155.4391042037028,1186.62241515062,10258881
2021-10-07,1165.086181640625,1177.020571318369,1162.9574494692135,1175.3220421537414,6336665
2021-10-08,1209.85693359375,1215.8128063604343,1169.2074879845059,1170.9058970806193,15772493
2021-10-11,1201.4326171875,1231.9366542030143,1198.1263679197398,1223.5124154081877,14768666
2021-10-12,1208.29443359375,1215.1788796176056,1196.2694750157295,1197.9680041586355,6682011
2021-10-13,1220.591064453125,1231.7102112927382,1208.9736680853593,1213.3669853963502,9959762
2021-10-14,1223.0594482421875,1230.7817769408248,1217.0809330176019,1223.036805981498,8623469
2021-10-18,1226.320556640625,1243.2596035729455,1205.8033136478314,1208.6567177514992,13594479
2021-10-19,1237.3038330078125,1246.1357531841286,1226.501796349313,1233.6578296621897,8833409
2021-10-20,1223.0594482421875,1242.2405578545067,1219.0285268378586,1242.2405578545067,12710570
2021-10-21,1187.777099609375,1235.5599338327822,1179.0357499377028,1235.2882267218629,20831669
2021-10-22,1189.9964599609375,1206.9809106504802,1182.7950231580921,1186.6448064236538,11027475
2021-10-25,1178.40185546875,1213.8201056097269,1163.9990998346134,1213.8201056097269,17198417
2021-10-26,1205.2371826171875,1208.7926167498356,1179.013250231775,1185.3315195274101,9750178
2021-10-27,1189.9964599609375,1212.3706072222662,1186.6221641632774,1201.1382490708493,9896298
2021-10-28,1176.952392578125,1194.77472717133,1173.283867099268,1186.644837678606,9886181
2021-10-29,1148.7132568359375,1175.843002928945,1133.0649360229452,1175.843002928945,14233025
2021-11-01,1149.4150390625,1157.6581394917466,1129.6224692481335,1148.7130092033958,15481114
2021-11-02,1132.6572265625,1154.034998237925,1130.143575828135,1152.6762227813829,10569130
2021-11-03,1124.8668212890625,1141.353021347838,1114.6308430788376,1135.0347529223884,11989430
2021-11-04,1131.77392578125,1134.514118637374,1127.7656464746356,1129.1016597099565,1705656
2021-11-08,1133.177978515625,1141.3531527093287,1112.5475239087214,1141.0813257713814,20337183
2021-11-09,1142.123046875,1145.384011549245,1126.429444729638,1134.5593339553402,15682497
2021-11-10,1154.895263671875,1158.5639086571884,1133.947819541091,1139.8584075840783,10253470
2021-11-11,1157.0015869140625,1164.2255472479787,1148.3960890914113,1150.4342522284085,10722478
2021-11-12,1174.4615478515625,1177.0206028987552,1158.111197547698,1160.783463915503,8712341
2021-11-15,1167.5318603515625,1178.583081524526,1163.9990683781703,1177.586582367733,4803269
2021-11-16,1140.402099609375,1166.2636363626991,1130.0302662731583,1164.9275032865714,11337581
2021-11-17,1115.9896240234375,1131.81907885733,1114.630848883986,1131.81907885733,10202029
2021-11-18,1120.2017822265625,1127.3126501781812,1109.6714536653499,1114.177982402732,8505625
2021-11-22,1070.584716796875,1109.1960026578379,1064.8099816539602,1103.3533407297432,24124307
2021-11-23,1080.5941162109375,1087.5691305828452,1045.7874503355001,1056.6800550508478,25326999
2021-11-24,1064.9913330078125,1091.4869745646124,1061.4358986030797,1077.944744457766,16820296
2021-11-25,1129.101806640625,1133.2007753274067,1067.595592477073,1074.7743883449095,42401936
2021-11-26,1092.709716796875,1122.1493269988055,1087.6822964764374,1117.7107252384765,15763138
2021-11-29,1105.7991943359375,1132.2949564813318,1086.5954393266575,1104.712245845007,24325354
2021-11-30,1089.4486083984375,1121.3793456985663,1081.9528225027632,1117.8012696969345,32172299
2021-12-01,1117.3486328125,1120.519028933976,1098.3713010103995,1101.9493776790864,10104610
2021-12-02,1124.52734375,1130.5737867535804,1114.9028239659328,1118.5714698041102,12720411
2021-12-03,1090.7396240234375,1131.6154976946157,1087.0030516324528,1131.5702131686844,19222481
2021-12-06,1070.0638427734375,1098.3259382907745,1067.595476803198,1094.2497321105475,10332254
2021-12-07,1078.7825927734375,1088.8146726752468,1068.8863664494722,1076.2010153934032,11235122
2021-12-08,1095.200927734375,1101.4058665244686,1089.8565147837464,1097.9184786382343,8744178
2021-12-09,1112.5703125,1120.926625884508,1098.326051956675,1102.85522364802,13213547
2021-12-10,1113.7025146484375,1116.8955527047663,1100.7489847314073,1105.2328712872275,8364414
2021-12-13,1091.373779296875,1120.564329866256,1088.8147242582452,1120.292622697696,12901733
2021-12-14,1078.0125732421875,1089.7205393231307,1074.9553887174345,1077.944646457222,12991523
2021-12-15,1074.8648681640625,1089.2676234327396,1069.38448219365,1079.7563157042177,9366969
2021-12-16,1088.7691650390625,1094.023007574745,1072.8038571070083,1089.5844061394005,9761279
2021-12-17,1060.03173828125,1090.6263454753455,1050.7694958949853,1086.1198166210095,21049821
2021-12-20,1031.4525146484375,1049.7956192892589,1017.751672013911,1049.7956192892589,14325846
2021-12-21,1046.8065185546875,1062.5454064146618,1038.1784989493156,1046.8518030785813,12836561
2021-12-22,1071.6490478515625,1074.276029474332,1051.6754577350616,1052.988828746117,17658543
2021-12-23,1071.2640380859375,1077.944583084397,1068.0030733980013,1075.2270326442374,9072401
2021-12-24,1074.6837158203125,1083.3796623765666,1058.718285237532,1073.4155095265614,7886494
2021-12-27,1073.5286865234375,1077.0388360812635,1063.4966072069749,1069.588333994207,4017223
2021-12-28,1086.2784423828125,1089.1997736760372,1074.7970173887559,1075.951892667275,6374613
2021-12-29,1088.1353759765625,1095.6085205634522,1078.8957755234705,1082.926817028114,15425312
2021-12-30,1068.4786376953125,1089.2449463146104,1062.3642685656102,1087.0030029803643,29333171
2021-12-31,1072.5777587890625,1079.7111505236876,1068.8864705630906,1074.774417912502,9477290
2022-01-03,1088.7467041015625,1090.603728995159,1070.4941656370397,1071.1509110384136,5421611
2022-01-04,1113.3175048828125,1114.6309956772857,1088.81462402871,1094.2044407783767,10847728
2022-01-05,1118.5260009765625,1121.8776545605729,1101.9265882823174,1115.0838981501056,11643813
2022-01-06,1094.4761962890625,1111.4606489189575,1091.0792578429503,1110.1924425923644,14447422
2022-01-07,1103.3079833984375,1113.294777565113,1092.2341211399646,1101.0207557139988,13112115
2022-01-10,1104.2138671875,1112.8193642531028,1094.2723568788356,1110.5547786779957,9246731
2022-01-11,1112.16259765625,1120.9491128479206,1102.8550708538112,1103.3080358803265,16205164
2022-01-12,1141.851318359375,1143.595131948247,1116.4426269818646,1119.2960312179016,14800442
2022-01-13,1148.28271484375,1150.8644117443653,1136.0992618786104,1141.9192812349345,11856712
2022-01-14,1149.95849609375,1162.776052313962,1144.0026230998735,1148.146875628832,19930176
2022-01-17,1155.959716796875,1161.7344520199854,1149.0527486713804,1149.5057137125311,8036453
2022-01-18,1142.1685791015625,1160.5343313379433,1139.4283858183082,1157.0922278353653,6215029
2022-01-19,1142.0777587890625,1151.3172385374578,1136.370950826631,1145.882257497244,9755485
2022-01-20,1122.0816650390625,1136.8015335141931,1111.9136106984854,1132.3176461756468,16494486
2022-01-21,1122.2626953125,1133.3139167394952,1110.5548482538704,1110.5548482538704,13338594
2022-01-24,1076.9935302734375,1134.4461715764583,1066.666981959244,1120.9717499530957,21868937
2022-01-25,1074.887451171875,1081.8623458947789,1043.9757327083191,1064.1532222498897,24510205
2022-01-27,1058.9674072265625,1067.119939925388,1046.7160258148951,1058.0163123551283,20020431
2022-01-28,1057.9482421875,1076.087568078922,1054.5740661673967,1071.1508364816766,14667727
2022-01-31,1080.933837890625,1089.9016105598887,1067.1650674426833,1068.9768076649402,12143683
2022-02-01,1077.3558349609375,1096.333045361315,1063.0436492942567,1090.6263567842825,13200509
2022-02-02,1079.552490234375,1090.1733881906252,1075.725349000261,1090.1733881906252,10017691
2022-02-03,1065.6026611328125,1087.659819731054,1063.0890104902376,1083.3797131393435,9572839
2022-02-04,1055.887451171875,1063.655064440526,1051.2677111603737,1060.280768575064,11061241
2022-02-07,1049.4560546875,1067.4368843783152,1043.9756693517945,1060.7336971993545,10714467
2022-02-08,1067.09716796875,1068.8862659765236,1046.240291320876,1055.5931024543218,12060849
2022-02-09,1079.52978515625,1081.2055520274612,1067.9804353407576,1073.936188431649,11486225
2022-02-10,1078.420166015625,1085.055306543387,1071.19608713209,1085.055306543387,12464491
2022-02-11,1076.314208984375,1079.982854527415,1061.6849113374171,1074.887506839841,15943370
2022-02-14,1059.1712646484375,1066.599124811997,1047.5991516117767,1059.9412213800138,10719633
2022-02-15,1095.1329345703125,1097.8278430466569,1057.880422222606,1064.9006018983252,11212671
2022-02-16,1092.868408203125,1101.9493936888987,1085.1688404247225,1100.5906182455715,10392840
2022-02-17,1106.7047119140625,1111.867985430717,1091.5320027819646,1096.106457779991,12853252
2022-02-18,1098.05419921875,1112.5475227496659,1096.1292475949579,1107.112541400613,6775458
2022-02-21,1086.9576416015625,1103.987376793005,1080.028031731223,1092.4379072087868,11107193
2022-02-22,1082.0208740234375,1085.146105195485,1063.066305633856,1065.6705251768456,13494914
2022-02-23,1075.249755859375,1089.9696221846223,1072.5096827529123,1087.5012562225045,7310110
2022-02-24,1021.669677734375,1059.7828395482902,1016.0761996474641,1043.9759028873489,24846650
2022-02-25,1034.44189453125,1045.3118571320392,1030.9543872983322,1032.698081014629,14570089
2022-02-28,1068.682373046875,1072.2151647642706,1015.8948766365417,1015.8948766365417,21297446
2022-03-02,1086.34619140625,1087.4559017749605,1054.9363443782538,1057.314141139364,21471786
2022-03-03,1077.1746826171875,1093.7288113845136,1073.4381104672327,1087.002981514595,10186748
2022-03-04,1053.283203125,1070.8337101992126,1050.9280486616494,1065.7157207883167,10805667
2022-03-07,1014.3323364257812,1047.1915288477956,1006.3835848910501,1032.0639824642974,17983310
2022-03-08,1012.498046875,1017.253760796074,987.3611211647836,1001.6280233273343,21289374
2022-03-09,1066.2139892578125,1072.05665089973,1011.8864606126765,1012.7244638561707,20414228
2022-03-10,1083.4927978515625,1089.267532756051,1068.8862634347242,1087.0029472759036,17980493
2022-03-11,1086.6180419921875,1091.9852168591085,1076.1556390217638,1076.1556390217638,12257423
2022-03-14,1095.5404052734375,1098.0541754406872,1075.2270625884603,1081.0697243173254,8340678
2022-03-15,1070.4488525390625,1099.6620420875429,1060.2128731362302,1099.6620420875429,15925769
2022-03-16,1088.520263671875,1090.5810688907009,1076.6311594559988,1078.8504605069668,11149828
2022-03-17,1124.0064697265625,1131.1172183134404,1093.8420644373464,1101.8361008572806,21422098
2022-03-21,1117.5296630859375,1125.0480919172617,1104.6668219311773,1106.9314074851866,11999466
2022-03-22,1146.4031982421875,1148.124249688356,1111.2794206216663,1114.2232739689239,22557065
2022-03-23,1150.049072265625,1161.6664689349448,1142.7119015169374,1142.7119015169374,15462187
2022-03-24,1167.916748046875,1170.4078760728964,1136.8240104486479,1136.8240104486479,13168266
2022-03-25,1175.7069091796875,1184.8331776508987,1167.169339474114,1169.6604672992412,14222488
2022-03-28,1187.5281982421875,1191.0608703717303,1171.472198621402,1182.1157391354113,9891424
2022-03-29,1187.7999267578125,1194.7974641560254,1180.9382429362058,1194.7974641560254,8684065
2022-03-30,1210.627197265625,1217.4435974390792,1185.3317132868501,1195.6582636427747,15811550
2022-03-31,1193.3253173828125,1209.1548925411073,1190.5399600350615,1207.0035184657995,13223718
2022-04-01,1202.882080078125,1207.094259791017,1187.55087204633,1193.8916640782966,7922880
2022-04-04,1206.4375,1211.555489970758,1196.45070474843,1202.7009276541294,7929162
2022-04-05,1189.385009765625,1209.2455069018179,1186.9619284827404,1200.7305793203723,13149870
2022-04-06,1186.2147216796875,1193.2122590361132,1171.744039651222,1171.744039651222,12257215
2022-04-07,1165.289794921875,1180.3040094861121,1162.6401712692125,1175.3671581453982,15496499
2022-04-08,1184.6748046875,1188.9096265891387,1159.4698932414146,1159.4698932414146,15152495
2022-04-11,1182.2064208984375,1195.0466201854251,1169.8869936426172,1177.5865608022991,9254209
2022-04-12,1159.9454345703125,1178.7641486995603,1157.3863798447205,1171.698565177911,13217742
2022-04-13,1155.68798828125,1174.2349955581562,1152.9025109003892,1166.0371790472568,10354235
2022-04-18,1152.1551513671875,1159.3792305452218,1142.1683569783831,1147.2410619855225,9974224
2022-04-19,1196.0654296875,1208.3848547587156,1155.4161069847771,1158.5638600771326,26141820
2022-04-20,1231.234619140625,1238.2775602010167,1199.8247720277507,1203.4481327307994,25072240
2022-04-21,1260.06298828125,1263.1880996959114,1237.3717275306717,1245.9319403276972,21708633
2022-04-22,1249.510009765625,1269.0760391912017,1242.8973909745034,1249.5552942902013,15054154
2022-04-25,1220.61376953125,1249.3287095526507,1206.414795351199,1242.0821076628993,17063215
2022-04-26,1257.1416015625,1265.9055943331985,1226.3658564890222,1227.4075203143414,12227666
2022-04-27,1258.3646240234375,1280.851985416539,1247.811532355269,1248.1739283672139,19338945
2022-04-28,1277.16064453125,1291.269050141953,1261.874601680994,1272.6767577965609,25614076
2022-04-29,1263.7542724609375,1293.6015662528664,1257.8889681093667,1293.6015662528664,18214862
2022-05-02,1259.315673828125,1270.6612443033114,1249.1702630612974,1250.9593611931234,9467006
2022-05-04,1220.0023193359375,1263.6410258882418,1212.1442565160846,1261.3764403153348,19247660
2022-05-05,1196.1109619140625,1236.4659436174286,1192.0800401164388,1233.5219702392728,17210669
2022-05-06,1186.9393310546875,1204.3087009820067,1174.6651887519583,1183.112189870724,19649948
2022-05-09,1140.583251953125,1176.2732081933118,1135.4652620079833,1166.2410086662385,18083752
2022-05-10,1120.8133544921875,1144.3424996019623,1113.2722828322585,1130.0303130323607,19511677
2022-05-11,1109.3316650390625,1125.4782304745668,1096.944313403933,1119.907276647325,16643899
2022-05-12,1086.7313232421875,1102.787203178042,1073.4155164726255,1099.458311385817,20490321
2022-05-13,1099.050537109375,1122.3304948076038,1093.9551898739935,1098.7788299822744,19308778
2022-05-16,1099.322509765625,1123.689419002713,1094.544153545097,1102.60611718799,13437911
2022-05-17,1145.4974365234375,1150.36636198311,1101.4964484721288,1102.9005084688652,16551828
2022-05-18,1149.6641845703125,1163.9990123371506,1136.0313867118257,1150.2530031709177,17276788
2022-05-19,1123.16845703125,1137.956250241304,1116.918234266966,1125.0481241931686,14699118
2022-05-20,1188.660400390625,1197.6961004424857,1133.2006360812218,1137.956229855782,21793091
2022-05-23,1180.711669921875,1201.8402528023153,1174.416043471332,1191.8533389891315,15252755
2022-05-24,1184.7652587890625,1194.7973375363194,1176.5448004718992,1180.7569797022973,13527818
2022-05-25,1183.0216064453125,1203.2670225299603,1178.2658929997126,1193.4387237828619,12714544
2022-05-26,1171.7440185546875,1193.3934954511844,1154.0348942869591,1188.637781781663,17882023
2022-05-27,1166.308837890625,1179.9189929679753,1150.4567396045152,1174.4387272800036,16521973
2022-05-30,1206.9356689453125,1211.1024440039564,1174.959644745959,1184.3802630005096,13853398
2022-05-31,1192.3743896484375,1213.2765527152142,1184.697464521731,1196.3373846577454,70620653
2022-06-01,1192.7593994140625,1202.587698682473,1184.9238588339676,1193.121675611818,9776989
2022-06-02,1233.88427734375,1237.5755649319342,1192.98576447725,1192.98576447725,22126569
2022-06-03,1258.8853759765625,1276.0283243723425,1241.9009234208313,1242.8068535360608,23939791
2022-06-06,1253.4730224609375,1274.5110388345443,1246.3395117355965,1259.1119042533815,11093152
2022-06-07,1255.828125,1264.139152836091,1246.4527910651425,1254.5372764842177,12358255
2022-06-08,1233.7711181640625,1259.564728048269,1230.260968517713,1255.8281557796806,12479250
2022-06-09,1267.6041259765625,1269.528957983228,1227.4076388685442,1227.4076388685442,17278305
2022-06-10,1229.33251953125,1263.5957731905057,1223.5577842447772,1255.4432409626409,18093057
2022-06-13,1206.0750732421875,1210.558959942895,1184.9691305419672,1200.2325310142617,17620803
2022-06-14,1190.3134765625,1210.1286894158018,1183.6782159302647,1200.2551062805883,14714312
2022-06-15,1175.91064453125,1194.4802922065517,1170.520948203621,1185.535162159316,11195535
2022-06-16,1159.4698486328125,1204.331357067944,1156.752298028243,1188.0036507794862,17111475
2022-06-17,1173.057373046875,1188.8415454022556,1157.7035234680366,1159.4698594973618,24457187
2022-06-20,1151.7928466796875,1185.3314250139977,1141.8512172581657,1179.8510396489687,12066797
2022-06-21,1170.3853759765625,1174.5974362298005,1145.1125352557633,1159.470007341127,11720049
2022-06-22,1134.831298828125,1158.7000801408756,1132.7478510128988,1158.6095110793892,10617206
2022-06-23,1116.4200439453125,1143.6178348788872,1107.3843432520748,1139.111305663959,19446323
2022-06-24,1132.3175048828125,1137.2768791745684,1117.8014186070498,1123.2365200121847,14240234
2022-06-27,1128.9659423828125,1152.6535844959913,1123.938521096388,1152.6535844959913,15474529
2022-06-28,1144.8404541015625,1147.6712157735933,1124.1874785863165,1124.1874785863165,13572847
2022-06-29,1168.59619140625,1176.2279518820312,1132.7477384681235,1135.555858296585,19205146
2022-06-30,1175.616455078125,1184.7880089664673,1162.1874370508547,1168.5282289340553,23112959
2022-07-01,1090.9434814453125,1173.9633211779058,1071.1510274067675,1166.218468693317,81997149
2022-07-04,1093.2078857421875,1106.0254419629423,1071.648979247077,1077.4689986763794,41857728
2022-07-05,1102.0626220703125,1116.3974516386227,1094.7479726674217,1097.4202390673574,17647327
2022-07-06,1092.3699951171875,1106.0027924376789,1081.5679595799388,1096.106567126978,23943726
2022-07-07,1081.61328125,1102.0624779330788,1075.6800503518655,1098.7335863010783,23301033
2022-07-08,1083.10791015625,1095.155510044553,1079.0995110804106,1095.155510044553,19010108
2022-07-11,1097.82763671875,1100.046817658232,1073.4153285810387,1076.359301395055,13847467
2022-07-12,1096.26513671875,1104.983845261713,1088.8146344584836,1088.8146344584836,10778989
2022-07-13,1076.8348388671875,1102.402142980226,1074.7741536418605,1099.3676009909502,14224132
2022-07-14,1085.712158203125,1102.3796184650857,1076.5632467388843,1081.5680252499114,16970315
2022-07-15,1087.8182373046875,1093.796752824721,1079.3487135847495,1093.796752824721,9603210
2022-07-18,1097.0804443359375,1098.3258884954794,1083.5154537448523,1096.5142680086967,15160908
2022-07-19,1103.806396484375,1108.2902834767385,1087.1389350761635,1087.1389350761635,16439888
2022-07-20,1133.653564453125,1151.5438277746334,1126.0672081991272,1150.4115948025603,23924246
2022-07-21,1126.08984375,1132.2949020971544,1117.484465892399,1129.577351299841,16523230
2022-07-22,1133.6988525390625,1139.6773678755283,1130.030207237111,1132.2947927493988,10969995
2022-07-25,1096.242431640625,1117.5522733397709,1088.361726850526,1117.5522733397709,23110452
2022-07-26,1096.74072265625,1106.886133119494,1092.143624721455,1096.5595845623452,11303288
2022-07-27,1095.6990966796875,1099.2317688342157,1087.908840568981,1096.0387306174957,8655086
2022-07-28,1112.8646240234375,1117.7787135139506,1096.5142758027298,1103.3080323769393,12496073
2022-07-29,1136.574951171875,1140.0398166483674,1115.9898980948155,1120.8360615086551,15130683
2022-08-01,1166.19580078125,1172.038463313215,1135.7370437974075,1140.968245399228,15700044
2022-08-02,1170.6343994140625,1181.1194448466035,1160.1719962455124,1165.1314906618964,13917913
2022-08-03,1180.4625244140625,1182.11564904104,1162.8440902328596,1177.586478112168,14250977
2022-08-04,1164.8594970703125,1185.6258045890304,1148.1468730281574,1182.1156551708407,14467127
2022-08-05,1147.69384765625,1167.9845468317753,1144.5008098568317,1166.7164604960217,13942438
2022-08-08,1162.7081298828125,1170.1359894573532,1146.3351396535795,1146.3351396535795,10165178
2022-08-10,1169.6605224609375,1173.0120563323646,1158.1336946618562,1167.1241099957583,10724688
2022-08-11,1173.5556640625,1182.0704726435374,1168.618812190309,1178.990645714219,8198226
2022-08-12,1192.5328369140625,1196.3146936661199,1169.5247047340195,1173.193230375856,12650587
2022-08-16,1200.8212890625,1203.5388398516432,1189.9513255065965,1198.511418811862,6607378
2022-08-17,1207.09423828125,1212.4160085847718,1202.746205068067,1207.0263114935751,6595965
2022-08-18,1209.2833251953125,1212.7820913718717,1199.6955520359063,1208.6925853891362,7410035
2022-08-19,1187.72216796875,1209.464997552082,1183.6779742626552,1204.148579928399,9460724
2022-08-22,1184.427734375,1195.651309470641,1175.0672431781986,1189.1535324408326,9471680
2022-08-23,1202.6944580078125,1205.6026043151621,1177.498175517267,1178.7023711633794,9678484
2022-08-24,1199.4910888671875,1213.2366377896576,1197.4918280790341,1199.6502220452273,10369622
2022-08-25,1195.9921875,1210.0102083418858,1191.6981161929027,1203.671444195302,7871946
2022-08-26,1189.60791015625,1204.148643044039,1184.6096383933834,1196.4238336256965,10742038
2022-08-29,1180.3609619140625,1206.4205794013706,1171.4547933496005,1174.6128173581192,19838975
2022-08-30,1198.6729736328125,1201.990130578996,1170.795826558723,1187.790261371782,23139054
2022-09-01,1163.4345703125,1183.6778930178739,1159.026918701398,1173.54493369258,19909939
2022-09-02,1149.8482666015625,1170.2278880627014,1147.6671567250864,1163.4346809089884,12999345
2022-09-05,1167.7060546875,1173.0224725362493,1150.0754462865928,1150.0754462865928,11327815
2022-09-06,1179.997314453125,1184.1550886922698,1168.705591439244,1169.1600343727337,10899618
2022-09-07,1173.135986328125,1179.1112920563703,1167.7968526449285,1170.0688269822717,7488501
2022-09-08,1174.7945556640625,1180.519984126391,1168.2513462113554,1176.0896159479148,7057077
2022-09-09,1167.4788818359375,1185.9727033347192,1165.0704903678632,1185.9727033347192,8314850
2022-09-12,1180.5426025390625,1186.8814864106484,1168.04668408102,1168.04668408102,7435419
2022-09-13,1190.4031982421875,1194.9244314739492,1181.8833232158256,1189.608013111493,8888657
2022-09-14,1176.135009765625,1185.9726599528265,1169.046493026583,1170.0688394223355,8678219
2022-09-15,1164.47998046875,1183.041952132411,1161.7762789427293,1173.704175948456,10365600
2022-09-16,1135.625732421875,1160.0722649582217,1131.899684568862,1155.8690579820689,20217708
2022-09-19,1137.1024169921875,1146.3038949822844,1127.5146444730447,1135.6256276709717,7580254
2022-09-20,1137.2841796875,1153.119972213298,1133.5808482063046,1146.1903481529216,8411448
2022-09-21,1140.419677734375,1150.9843653188254,1133.7173348356014,1134.5125199123227,9207309
2022-09-22,1129.673095703125,1137.3523524884633,1123.3116153435435,1129.6276634257686,10308170
2022-09-23,1108.498291015625,1134.1488981287762,1106.9533532004177,1129.1733426023927,9528051
2022-09-26,1080.257568359375,1098.6379294477279,1079.257938059937,1087.845960638479,12479523
2022-09-27,1088.8455810546875,1102.3638454814661,1072.4191704410875,1087.8231145473603,16154822
2022-09-28,1059.855224609375,1080.5529923156532,1057.4242371952328,1072.5328732525227,16997059
2022-09-29,1056.6063232421875,1075.7817488504493,1051.0171916607421,1072.3738473223364,14671827
2022-09-30,1080.4393310546875,1091.458340177691,1050.108360317172,1050.108360317172,18613024
2022-10-03,1076.690673828125,1098.2516553264609,1073.7370949613044,1086.687337582096,11852723
2022-10-04,1096.547607421875,1098.7287171700252,1086.0737854797874,1089.5499554327275,8948850
2022-10-06,1100.591552734375,1113.2691990866022,1098.7967377192742,1103.726980263936,13352162
2022-10-07,1105.2493896484375,1110.4976589700225,1097.2065545320427,1097.2065545320427,7714340
2022-10-10,1093.1851806640625,1098.547030597458,1085.0969133921378,1092.8216022630288,6329527
2022-10-11,1071.41943359375,1096.9110251312234,1068.32955827905,1096.9110251312234,9215177
2022-10-12,1079.3033447265625,1082.2342073300697,1064.6944639855953,1068.7386577474495,7417103
2022-10-13,1082.7340087890625,1087.8231445652352,1072.419200033899,1077.5538882747444,7328492
2022-10-14,1077.23583984375,1097.9790399185752,1076.5088032110611,1097.3655839798673,9106089
2022-10-17,1094.5255126953125,1096.911067683068,1064.9216983657,1070.1018190034106,16729355
2022-10-18,1113.83740234375,1119.1765361724479,1099.7056807153497,1100.5462980220425,12415820
2022-10-19,1133.2174072265625,1148.6441893082867,1109.497912475689,1115.3142054707246,19247142
2022-10-20,1136.2618408203125,1144.6227018334394,1129.173323936751,1129.173323936751,8717053
2022-10-21,1123.0843505859375,1143.6231056125362,1120.9942254138175,1139.4880471639096,8243452
2022-10-24,1126.8331298828125,1137.1252236758137,1115.6778227953112,1117.8133802746593,3370033
2022-10-25,1109.4298095703125,1135.5348605120162,1107.8167232856267,1135.5348605120162,12233241
2022-10-27,1113.7918701171875,1121.6529753517277,1105.4537260220727,1116.90446154382,12513059
2022-10-28,1147.8717041015625,1151.893061521459,1117.5634478847232,1120.0852998000876,17609592
2022-10-31,1158.5272216796875,1163.6846262416873,1150.62068370947,1154.6194450652783,12419943
2022-11-01,1149.552978515625,1181.428769564145,1139.6244632866772,1181.428769564145,13963166
2022-11-02,1156.7322998046875,1158.7998289194838,1142.8051438822936,1150.666129478395,8981896
2022-11-03,1161.049072265625,1163.048452941367,1147.3717940343818,1149.5529038103175,6693449
2022-11-04,1178.1343994140625,1181.428720196316,1159.2088516372303,1160.4810755593053,12575815
2022-11-07,1184.427734375,1186.1090891689403,1169.6145286927685,1177.3392175630618,11789748
2022-11-09,1183.246337890625,1191.4027533204435,1176.9074538352093,1186.1090519678319,11254205
2022-11-10,1168.932861328125,1179.8610058478407,1164.6160741722886,1176.8847111507705,5966242
2022-11-11,1195.878662109375,1197.787058206641,1175.9760787775724,1181.428793587036,12310132
2022-11-14,1190.0849609375,1200.5133505404451,1183.7687931045677,1195.4013783558953,9043112
2022-11-15,1184.7459716796875,1193.4248592098502,1176.8848651845096,1191.561895358841,7086433
2022-11-16,1177.95263671875,1188.6763362500183,1172.954245151571,1185.972635134196,9716161
2022-11-17,1180.9970703125,1187.3358341262497,1172.3407797375921,1174.5900378958909,6661451
2022-11-18,1180.3609619140625,1185.518366679259,1168.2967693410817,1184.495900066872,5303197
2022-11-21,1159.117919921875,1175.9759375856167,1155.5736016352212,1175.9759375856167,6390268
2022-11-22,1165.547607421875,1167.1152613187112,1152.5746494360667,1156.4369938334312,6611488
2022-11-23,1161.9124755859375,1171.3866679891707,1159.7313656787815,1170.0688915510787,6413408
2022-11-24,1171.931884765625,1178.702375351731,1157.8910283853108,1165.9792953074673,9389439
2022-11-25,1189.4261474609375,1192.7431844497548,1173.295044904841,1176.430472976704,7349922
2022-11-28,1230.299072265625,1236.4333911015242,1136.8980043426527,1185.472920181286,31527484
2022-11-29,1232.411865234375,1241.2498849313702,1224.141869160624,1228.6631016268889,11058913
2022-11-30,1241.113525390625,1247.5205575011094,1226.0503233100228,1232.548219965042,26164986
2022-12-01,1237.4556884765625,1251.8600031393141,1234.1386516701657,1245.8619813701127,9485801
2022-12-02,1236.93310546875,1248.6792715763747,1227.1408877532265,1240.5001400003844,11589592
2022-12-05,1218.893798828125,1234.4795955595694,1216.8718218980066,1232.3212015923184,14828536
2022-12-06,1222.4151611328125,1225.5050364637573,1209.146773966004,1211.0098577338963,8594245
2022-12-07,1204.375732421875,1224.5963402295367,1200.5815364526634,1220.0523915216042,8462111
2022-12-08,1203.8077392578125,1210.9645247591304,1199.6500849785011,1208.6925503476532,7757008
2022-12-09,1185.5638427734375,1208.6925984914808,1182.2694016212881,1202.3309977712286,12655763
2022-12-12,1187.38134765625,1191.8798642806923,1174.6128344148897,1174.8401159938364,9479842
2022-12-13,1192.7886962890625,1196.4237590933476,1184.473147579326,1187.381293975718,8333348
2022-12-14,1188.4720458984375,1199.1275984061572,1186.4272326920325,1198.5368585654778,7268947
2022-12-15,1171.5909423828125,1188.2445139678211,1168.251189688057,1182.5646387349402,8688551
2022-12-16,1165.7974853515625,1189.9714223850988,1162.412300039899,1168.2513090093973,15837349
2022-12-19,1181.1107177734375,1183.2463953663826,1166.2973916450521,1172.7952889779006,7729933
2022-12-20,1191.3345947265625,1193.242990634255,1165.9792991040035,1174.1129983269077,7467588
2022-12-21,1174.3856201171875,1196.4237592798247,1170.5687080191292,1190.9710448813423,8527550
2022-12-22,1171.34130859375,1183.5417989966502,1166.3202002479723,1180.5200715713056,7451122
2022-12-23,1136.989013671875,1177.1122091165366,1132.4677804528467,1164.7525851270543,10257115
2022-12-26,1146.9173583984375,1155.0737739248264,1132.5357596211306,1142.6915558359974,5990242
2022-12-27,1156.300537109375,1158.1635005411677,1142.9185703008357,1149.6209117724798,5763271
2022-12-28,1156.1871337890625,1158.6181211536698,1145.7587436629801,1153.2562711921107,7459393
2022-12-29,1155.6646728515625,1158.2092411945277,1147.576404624278,1148.2580090394192,6930648
2022-12-30,1157.4365234375,1170.9775038842033,1154.6647942823151,1156.4823255378853,7289476
2023-01-02,1170.477783203125,1171.88642405352,1157.8910002870925,1158.708901395193,5316175
2023-01-03,1161.9124755859375,1169.160125804233,1157.7093889350726,1165.5476587645308,7658932
2023-01-04,1144.418212890625,1163.7300547153022,1142.3506838068283,1161.8896870062515,9264891
2023-01-05,1142.3734130859375,1152.5292093307505,1137.8067482537933,1146.6674842652508,13637099
2023-01-06,1152.7564697265625,1157.777577935928,1144.3047436595773,1148.0989399434065,6349597
2023-01-09,1179.9747314453125,1182.3376907366148,1155.6873320113693,1156.57338165,10722753
2023-01-10,1162.52587890625,1184.155127696438,1156.891435377878,1184.155127696438,8047142
2023-01-11,1147.8717041015625,1162.3441677767541,1145.5768933771294,1159.8450319996036,11509553
2023-01-12,1123.0843505859375,1150.7570549852321,1120.0853394706564,1147.2810049505638,17688773
2023-01-13,1121.2667236328125,1123.6749947373953,1106.2716693328798,1117.0862332620186,20618583
2023-01-16,1110.5885009765625,1126.7421991055548,1102.8182596793808,1123.584175159578,13623855
2023-01-17,1126.356201171875,1128.2645974446718,1113.542254085864,1116.9047238004225,10751000
2023-01-18,1124.492919921875,1131.9450149571076,1117.9724269094495,1123.947732620178,13448286
2023-01-19,1123.288818359375,1127.4237562572607,1116.2910462380278,1123.674992689111,11940054
2023-01-20,1109.9295654296875,1124.6291897175156,1107.4758620574123,1124.6291897175156,14930286
2023-01-23,1104.3177490234375,1120.6305800710875,1101.9094778576764,1112.8150268033937,10954118
2023-01-24,1097.7972412109375,1110.3839043654414,1084.8014472016187,1108.7253859560433,16488755
2023-01-25,1082.620361328125,1097.2292417944516,1081.4617181061994,1096.2068953996695,12385018
2023-01-27,1062.081787109375,1084.8015319770323,1050.403768536496,1083.4611595770739,25830975
2023-01-30,1072.2603759765625,1077.7812395145372,1045.564583725004,1059.5145777715713,21772103
2023-01-31,1069.5792236328125,1084.9378563899695,1063.7402148448057,1082.370452122445,22691594
2023-02-01,1063.240478515625,1081.438989315294,1047.3819702702858,1081.438989315294,19347800
2023-02-02,1057.3560791015625,1066.9210156997124,1050.1084290116537,1053.2891691648742,13662663
2023-02-03,1058.2874755859375,1067.3753725425988,1041.929212987467,1067.3753725425988,24699575
2023-02-06,1050.3128662109375,1054.6523697762398,1047.7455820077842,1051.9259524136774,14837879
2023-02-07,1047.791015625,1057.560517598404,1041.9292904027159,1050.5628652677376,15135435
2023-02-08,1068.7159423828125,1072.3284093286718,1048.290888887822,1051.017186057536,21160332
2023-02-09,1070.5789794921875,1077.3040386110727,1060.559599329042,1069.3976200283605,13172763
2023-02-10,1061.763671875,1070.0563840638993,1054.7886158361225,1070.0563840638993,10790445
2023-02-13,1055.72021484375,1067.8298390073717,1051.267130813873,1063.3767549774948,10352493
2023-02-14,1080.5985107421875,1082.3251778031881,1055.8566674193971,1058.7193818882063,14321920
2023-02-15,1105.0675048828125,1107.4531801088635,1078.2809718116707,1079.6440602664363,33503591
2023-02-16,1104.2042236328125,1119.5401413378127,1101.9322491792432,1113.019527781497,17264487
2023-02-17,1108.8162841796875,1112.1334412904273,1095.3661670147737,1099.6375221146495,11809520
2023-02-20,1097.093017578125,1113.1558521216361,1095.1390690194628,1110.9974583087273,8836937
2023-02-21,1106.0445556640625,1111.8152960708703,1096.161352929149,1101.4551746278107,13311592
2023-02-22,1080.9617919921875,1104.181409716533,1079.2124090771258,1102.34116225432,11024335
2023-02-23,1075.7816162109375,1088.1639533747034,1072.987170955967,1080.5528460297141,9851910
2023-02-24,1083.1429443359375,1088.800224148405,1076.0089953829322,1077.8265267799054,9434053
2023-02-27,1075.9407958984375,1085.8467152410444,1068.6024012348664,1082.3705449963543,11199715
2023-02-28,1055.356689453125,1075.55458156191,1051.3126158801917,1070.6016220746747,21994038
2023-03-01,1065.0579833984375,1065.7850199744744,1055.6746563210354,1065.1034156724897,11551145
2023-03-02,1056.9471435546875,1068.57973034707,1054.925046511839,1061.9228195758383,9333535
2023-03-03,1083.9154052734375,1087.5733043694927,1063.9902277008234,1067.443561368033,14643807
2023-03-06,1094.5028076171875,1101.7277412564927,1090.5495987349282,1090.5495987349282,10171916
2023-03-08,1098.433349609375,1099.1831022898903,1083.7336057675889,1094.5027369272827,15782657
2023-03-09,1072.0330810546875,1098.2289976932168,1070.1474010143947,1097.8201071650074,16235128
2023-03-10,1055.4248046875,1065.1034417835135,1051.9486346812796,1063.967514713159,13334091
2023-03-13,1038.0670166015625,1065.1035499544928,1033.7502288751577,1058.2876262665352,12771592
2023-03-14,1034.181884765625,1047.3592882483779,1031.0465769110588,1036.0221323528851,16027522
2023-03-15,1016.5057983398438,1044.3375136051593,1012.120862693993,1037.8851690827282,21728555
2023-03-16,1011.4393310546875,1024.207844384365,1000.6701985245505,1019.2095726723305,18363159
2023-03-17,1010.1670532226562,1023.2763079373278,1005.4413153341551,1020.0047033408911,34014213
2023-03-20,1000.238525390625,1008.7584596340857,990.5826039210764,1006.4864851819102,19524589
2023-03-21,1031.3416748046875,1033.2956228733447,1007.3950238049272,1008.2810732090079,21400360
2023-03-22,1034.477294921875,1041.2250703817986,1031.4782836063534,1038.2942074878824,10920094
2023-03-23,1021.3906860351562,1031.4327819622354,1019.2322922558061,1030.5694484887376,16249370
2023-03-24,1001.169921875,1022.3902191400674,998.7616507955307,1020.231825565924,12375945
2023-03-27,1016.7330322265625,1024.2078438429432,999.7614322476102,1007.6224783212151,14054323
2023-03-28,1021.4815673828125,1025.3439120336418,1016.4831753805086,1020.1183586375283,12576424
2023-03-29,1015.4381103515625,1020.0274916428302,1004.71434981678,1017.391938716083,18804065
2023-03-31,1059.2191162109375,1064.8536804760474,1024.5260415402947,1024.6623383806666,28171201
2023-04-03,1059.40087890625,1067.3755664241319,1051.9260666767912,1065.5580347791372,10293043
2023-04-05,1056.856201171875,1066.9210129823457,1048.995215362799,1066.9210129823457,16262928
2023-04-06,1063.9447021484375,1069.6474143387793,1053.3572991214214,1053.3572991214214,18435046
2023-04-10,1056.4017333984375,1068.0116029231133,1054.9022279148219,1067.829873819937,12961408
2023-04-11,1061.6273193359375,1063.7402807994256,1056.0383079017138,1060.559540630498,10542367
2023-04-12,1066.3077392578125,1075.9181086673711,1058.7647789480902,1061.6273731304518,18179087
2023-04-13,1070.3289794921875,1075.0092249147228,1064.1946609026813,1069.1929322468407,12378208
2023-04-17,1075.759033203125,1101.8867990924884,1067.3981721567704,1101.8867990924884,17929479
2023-04-18,1063.4449462890625,1080.0985197030036,1056.9243329412964,1080.0985197030036,10405576
2023-04-19,1068.73876953125,1071.4196347028246,1059.7417355351329,1062.8543275704733,12273475
2023-04-20,1066.0347900390625,1071.91923046536,1059.6960269180327,1069.692688687604,7007330
2023-04-21,1067.37548828125,1072.8282030082607,1061.6500596936005,1068.1252410633845,7647317
2023-04-24,1071.465087890625,1081.8706418346944,1066.9210188410907,1079.1897769115358,12936186
2023-04-25,1079.6668701171875,1081.7343994033272,1068.0571198634168,1075.1002048906516,9236126
2023-04-26,1073.328125,1084.2336751201349,1069.6702254865136,1081.0073822687018,8617834
2023-04-27,1080.121337890625,1083.2793621459462,1074.1914637637067,1079.1898559504257,9167125
2023-04-28,1099.86474609375,1101.4098041424304,1082.256973708253,1082.3705544049471,15565210
2023-05-02,1109.2025146484375,1111.3609082117491,1103.3180737047812,1106.9986888116582,12981805
2023-05-03,1099.6829833984375,1110.9974233118683,1096.4795270846325,1110.9974233118683,7061872
2023-05-04,1112.360595703125,1114.564421653396,1097.1838117593734,1100.1601065895743,8635233
2023-05-05,1109.5206298828125,1118.4267984938415,1106.9079133744922,1109.1798878043744,8746585
2023-05-08,1123.2205810546875,1128.5597141757223,1110.6110827431748,1113.2692311404737,9153782
2023-05-09,1126.69677734375,1129.9912183396398,1119.290114376559,1124.6292481933926,6464721
2023-05-10,1134.4443359375,1135.9211253467272,1127.446563252221,1131.4453248412979,10872255
2023-05-11,1127.0377197265625,1140.3059886325332,1125.3336486663607,1135.5121619830659,10557860
2023-05-12,1128.8778076171875,1130.2637323324755,1116.2228762779578,1122.2663301444138,6955341
2023-05-15,1131.1043701171875,1138.056589765274,1123.7885720856236,1131.3998000896127,6833343
2023-05-16,1114.9962158203125,1135.8074445597895,1113.3375770795326,1133.2628763872494,8717229
2023-05-17,1108.4073486328125,1120.0852459817609,1103.7271032383842,1119.1764803056624,8798967
2023-05-18,1106.02197265625,1116.4503639599598,1102.8865442699205,1113.0650580248443,10525531
2023-05-19,1109.6114501953125,1111.4291017814717,1099.1149119209986,1106.0218196807168,8050447
2023-05-22,1115.5413818359375,1120.5397737195674,1105.2494084549478,1106.4534840047638,7434906
2023-05-23,1115.3367919921875,1121.4483940779485,1113.9281511842048,1118.1086413363598,6092034
2023-05-24,1108.8389892578125,1119.630957590089,1105.749113749558,1111.4063935962217,8112254
2023-05-25,1108.7027587890625,1112.8151011277312,1097.8427615845399,1105.9537453747698,11487863
2023-05-26,1138.94287109375,1140.0787982471202,1113.6102893364032,1116.904610291511,12626260
2023-05-29,1145.3497314453125,1149.6210865747194,1139.2608448772517,1145.5314605509366,10010304
2023-05-30,1145.0543212890625,1153.1198717474913,1142.50963326853,1145.3496310598186,11342504
2023-05-31,1122.3118896484375,1140.4650896335454,1118.2678159183406,1135.9892890678166,27107927
2023-06-01,1119.2900390625,1129.1278089205925,1116.9044841377781,1126.9694153626442,14592692
2023-06-02,1115.6322021484375,1128.1962696801756,1113.7238061790024,1122.8117036497752,15800644
2023-06-05,1125.651611328125,1128.605189788234,1117.1089018534485,1121.0849468212546,10908682
2023-06-06,1126.60595703125,1130.4001532166621,1118.722254852153,1128.4690410109154,7493309
2023-06-07,1135.148681640625,1135.9892989888378,1123.5388113588674,1130.0821412207565,10312545
2023-06-08,1135.8302001953125,1143.6458744813403,1131.8997070078415,1138.7156307485393,12071109
2023-06-09,1127.787353515625,1139.874261684162,1125.9924180855612,1139.1699412328312,5877018
2023-06-12,1128.787109375,1131.0818000837537,1120.085385478967,1124.8566162073034,6391969
2023-06-13,1145.46337890625,1146.6448585440896,1129.741286337972,1133.7173319025067,11248016
2023-06-14,1159.549560546875,1160.9809175855808,1143.7138887627082,1145.5314201372407,13277380
2023-06-15,1159.8675537109375,1164.4115017392658,1152.1200297754237,1159.5266915036598,11813494
2023-06-16,1171.1595458984375,1173.431520437393,1163.3438717544047,1163.3438717544047,24171579
2023-06-19,1159.52685546875,1174.1584519189826,1155.3692013285906,1174.1584519189826,6798554
2023-06-20,1161.9351806640625,1165.070488566,1151.893084884151,1157.5957972211602,6921096
2023-06-21,1165.2069091796875,1167.728761153971,1157.800246036839,1161.889751966922,6961603
2023-06-22,1152.1202392578125,1169.296404389101,1150.52986917785,1161.4354185434336,7619166
2023-06-23,1142.6915283203125,1151.1659695700039,1141.441900396204,1149.1211566554268,6628570
2023-06-26,1133.9671630859375,1142.9869124040958,1130.8545713330911,1139.1700001634836,12641159
2023-06-27,1134.376220703125,1140.305974461151,1129.9231362063101,1134.4216529822017,9689466
2023-06-28,1149.3939208984375,1153.1881169201986,1135.0122016455275,1141.896393407388,11354006
2023-06-30,1158.8226318359375,1161.7307784588775,1151.1888070463274,1157.0732487107562,11151555
2023-07-03,1188.562744140625,1191.4254581907599,1161.1399194836954,1162.3668312740965,12154387
2023-07-04,1176.31689453125,1192.7887391966194,1169.2736896643748,1192.7887391966194,8061643
2023-07-05,1174.3856201171875,1185.5183304828597,1170.432411192628,1185.5183304828597,10248062
2023-07-06,1199.03662109375,1201.6266214253383,1170.546016490242,1170.546016490242,19117987
2023-07-07,1196.6964111328125,1210.9417123971473,1194.15172307179,1197.3325831480681,13375267
2023-07-10,1242.7947998046875,1252.3144236363512,1215.508392547687,1221.8244401255106,33240016
2023-07-11,1256.2677001953125,1258.6759714064597,1243.9536302912918,1250.9058502676546,20069348
2023-07-12,1257.6536865234375,1273.2167658916628,1254.8818367760516,1256.9947982953927,18733835
2023-07-13,1246.4072265625,1271.8533855353082,1243.7945103332902,1264.9920307015198,14682934
2023-07-14,1245.3621826171875,1254.5409440468316,1238.2735461254954,1249.5879849572364,15124144
2023-07-17,1270.8084716796875,1279.1466167196916,1239.5914489485467,1248.225023984058,22220040
2023-07-18,1281.6002197265625,1289.3249082218795,1269.1270172578058,1280.0325658904894,25867313
2023-07-19,1291.324462890625,1297.7542122517561,1270.9448400838094,1285.9398963552078,39122156
2023-07-20,1289.7603759765625,1295.2248684894755,1270.142048583782,1270.142048583782,38717624
2023-07-21,1249.8348388671875,1287.3236821662729,1242.3764929273925,1284.4191411539114,30249238
2023-07-24,1224.5548095703125,1238.117785416934,1215.6441946530279,1221.4041174807796,23727866
2023-07-25,1223.767333984375,1233.3179681079685,1220.9119513502328,1227.8041962368873,12026020
2023-07-26,1243.65625,1253.8961800235134,1223.3733833366434,1223.3733833366434,12911012
2023-07-27,1232.087158203125,1249.2931304965796,1226.0072859774648,1247.5209111436616,17226898
2023-07-28,1244.4686279296875,1251.853175548335,1231.0287272255082,1236.6902137331379,20827852
2023-07-31,1255.00390625,1257.2930680054526,1239.594792375287,1244.4686660676819,8551174
2023-08-01,1237.25634765625,1259.803857697837,1233.3672005487501,1257.8346449464532,9536632
2023-08-02,1224.0380859375,1236.665614699006,1212.8381883521488,1235.2871417271826,12748214
2023-08-03,1218.8935546875,1231.2011357970357,1210.1060138900245,1218.5982448556042,10168350
2023-08-04,1235.45947265625,1238.6348041373592,1216.776590964359,1230.1672134573323,22885610
2023-08-07,1242.49951171875,1244.7393951840495,1233.2195480808575,1241.0963994857652,5982870
2023-08-08,1235.0162353515625,1247.7176805176769,1230.5363488514104,1244.5423492739476,9844072
2023-08-09,1243.1640625,1245.034838767312,1221.453562693164,1233.145764124846,11486586
2023-08-10,1248.702392578125,1255.3731247892663,1234.9179033647526,1243.0409059369185,15470598
2023-08-11,1253.969970703125,1259.7300139419374,1236.837916549459,1246.733138146324,22179330
2023-08-14,1268.788330078125,1271.274485095857,1243.065489745762,1249.9577340453427,9575812
2023-08-16,1267.7545166015625,1271.5207081344915,1255.8654425931288,1255.8654425931288,10203112
2023-08-17,1249.465576171875,1269.2069834305885,1246.9302626576266,1263.7916479940673,13673744
2023-08-18,1258.7208251953125,1268.960755625946,1234.9671961841154,1246.142454602955,18639978
2023-08-21,1244.986328125,1262.5000997685252,1242.8371963360953,1254.8424457661688,9221746
2023-08-22,1244.68994140625,1253.8544488619668,1234.6115281978846,1243.4548358358238,7713044
2023-08-23,1246.0732421875,1256.2752862282496,1243.4795205761563,1247.061326610869,9517952
2023-08-24,1225.1259765625,1254.8178429548684,1220.778380707161,1254.8178429548684,14140020
2023-08-25,1219.46923828125,1237.5758385308063,1206.7476503203045,1213.3677682361918,22222400
2023-08-28,1207.315673828125,1227.2008731617648,1201.0660879981488,1221.272366528133,12580826
2023-08-29,1195.755126953125,1212.107851949824,1189.7277154191993,1211.4162410930335,16876644
2023-08-30,1194.6187744140625,1206.9451032694478,1193.1119215700844,1201.5106390304122,12168946
2023-08-31,1189.1595458984375,1198.0523052778192,1185.6517981191516,1197.0642209023324,21638600
2023-09-01,1191.9508056640625,1198.3733539411996,1186.5163417372542,1188.937220765019,18112842
2023-09-04,1190.987548828125,1197.3853714174265,1188.3197691016735,1191.950907028467,9347626
2023-09-05,1197.3607177734375,1202.4739821466742,1191.852074903386,1195.582117616625,8675876
2023-09-06,1199.88037109375,1203.5609616798479,1194.2236115362405,1196.125722417537,8200370
2023-09-07,1201.5106201171875,1204.5983838407617,1191.1357340059783,1196.421961377583,13652572
2023-09-08,1209.51416015625,1213.3677136631895,1197.039593881822,1205.463038004146,23109288
2023-09-11,1222.556884765625,1223.668479723262,1211.391482722607,1211.391482722607,13271074
2023-09-12,1204.89501953125,1226.70693716321,1203.4622246012573,1226.70693716321,16255666
2023-09-13,1210.9222412109375,1216.653058753229,1198.6699696902265,1205.4630504045967,12803338
2023-09-14,1212.03369140625,1218.2092185904667,1207.933117232777,1215.3437498538372,9209636
2023-09-15,1214.28173828125,1219.2962186489121,1210.156437431325,1219.2962186489121,25468592
2023-09-18,1203.709228515625,1210.8975674516837,1201.535490839137,1205.487828880595,7516300
2023-09-20,1176.882568359375,1199.3368826488254,1163.4693709910728,1197.0889665350091,57081884
2023-09-21,1168.3111572265625,1180.8104504919372,1165.9397302621942,1173.3256379048928,12226182
2023-09-22,1163.44482421875,1177.03098669753,1160.9993390957275,1173.8444381665738,19176786
2023-09-25,1156.2811279296875,1166.2854832156668,1153.638074334712,1161.1968240581607,14254884
2023-09-26,1157.2938232421875,1161.0979239595738,1153.8849803976213,1155.3423807263628,10087782
2023-09-27,1170.3365478515625,1171.7693426359385,1155.3177128519035,1157.7879239120957,11722778
2023-09-28,1153.1439208984375,1177.3025356797164,1148.648088734931,1177.3025356797164,14518346
2023-09-29,1158.529052734375,1170.435518964013,1153.1440405649926,1156.9481416896208,12342014
2023-10-03,1145.2637939453125,1153.8849261975774,1144.201651539282,1151.0935156022144,8859056
2023-10-04,1143.2877197265625,1145.683872665596,1133.8763122199225,1140.7434506187415,10286386
2023-10-05,1143.2630615234375,1150.821810414835,1140.743398149127,1145.8073305142325,10953682
2023-10-06,1145.1898193359375,1148.5493304183171,1142.2502923697696,1144.7205033692,5431026
2023-10-09,1135.4324951171875,1142.200849187487,1133.826857954507,1140.2988590719287,7576878
2023-10-10,1140.447021484375,1145.1404226117538,1138.1497733893898,1139.5331157395624,10236032
2023-10-11,1158.5537109375,1160.8509589721596,1142.7196339530417,1143.4359710357805,9814118
2023-10-12,1160.7027587890625,1165.6185754357678,1155.1447837404767,1157.9609209243824,12554450
2023-10-13,1160.653564453125,1164.7046870675929,1150.6985400393603,1156.058947078756,10150316
2023-10-16,1158.0596923828125,1163.2471357038708,1154.0826283801794,1158.5290083696577,5929036
2023-10-17,1163.5928955078125,1165.791359182136,1156.701030917525,1163.9634271590728,7928180
2023-10-18,1148.1541748046875,1169.3979912920374,1146.6720480730119,1163.5929949263082,8918320
2023-10-19,1139.33544921875,1147.0672825471008,1136.7911799610206,1142.2256445327594,12032556
2023-10-20,1135.8525390625,1143.559525479833,1134.4691966955595,1136.2971288231192,8913312
2023-10-23,1118.116455078125,1139.38499918609,1114.1888431065277,1131.356812199955,7853962
2023-10-25,1115.5225830078125,1127.0090643806484,1108.1366760976812,1111.6196977984057,11620688
2023-10-26,1099.9849853515625,1115.5473150342816,1096.9219477593886,1112.089019549233,15222534
2023-10-27,1119.40087890625,1123.204979852311,1104.6536704890175,1106.654565590137,11771084
2023-10-30,1142.4725341796875,1148.6480613914696,1121.4510154276281,1123.4519103673986,16813304
2023-10-31,1130.3192138671875,1150.1303563093797,1127.8490026208185,1150.1303563093797,12808438
2023-11-01,1135.0125732421875,1144.9428703315039,1124.0448598372486,1130.9367248364767,10309190
2023-11-02,1146.2767333984375,1148.302354744411,1140.2247162104195,1143.1889695269997,10562104
2023-11-03,1146.0296630859375,1153.5638066087804,1144.078220526126,1149.7349795725816,8850156
2023-11-06,1155.564697265625,1156.0587394619763,1148.9445800808262,1152.2546386732256,10647304
2023-11-07,1148.0552978515625,1155.614167696399,1145.9556184844287,1153.1192304428853,6960204
2023-11-08,1154.0330810546875,1156.5527444212626,1147.0424324477003,1152.1063647972594,7884494
2023-11-09,1141.50927734375,1154.0331752710283,1138.3720609954937,1154.0085696526105,14513610
2023-11-10,1143.658203125,1144.3746607841822,1135.333664696756,1139.0389810755562,7734954
2023-11-13,1143.5101318359375,1148.4505538682092,1142.0773370771153,1147.610585630105,3854810
2023-11-15,1164.185791015625,1166.9030232858888,1149.6362714370953,1156.0588204395372,12220648
2023-11-16,1166.285400390625,1172.9302438744137,1159.4923201233041,1161.542667627995,13134910
2023-11-17,1163.7412109375,1172.4857343750468,1162.012063114762,1162.4319266451018,7758634
2023-11-20,1160.67822265625,1165.1492085814864,1154.2802789468988,1160.282964728199,4490186
2023-11-21,1175.2769775390625,1179.7728099438689,1166.0384122376151,1168.9038812090425,8214450
2023-11-22,1179.8717041015625,1182.9594682341328,1171.9670279221825,1173.3503703767312,8534814
2023-11-23,1183.4781494140625,1185.7013394254852,1179.8716170501546,1179.8716170501546,8531542
2023-11-24,1182.6876220703125,1186.9858858764198,1181.2796741129466,1181.5514214570694,6749486
2023-11-28,1182.9346923828125,1185.5531403805655,1173.4738317237427,1182.6876712625676,13792174
2023-11-29,1186.047119140625,1191.605094048659,1184.7379555197092,1189.6536514263266,12531306
2023-11-30,1174.5606689453125,1186.0471507278282,1170.8306260067593,1183.0828973645985,28439984
2023-12-01,1182.88525390625,1183.9226701483003,1174.6347733568996,1174.8323419889748,14342842
2023-12-04,1195.680908203125,1210.403389884879,1185.009669053603,1210.403389884879,15590990
2023-12-05,1204.351318359375,1205.8828973561333,1196.3971910542703,1204.9688710813314,12693624
2023-12-06,1215.8873291015625,1221.7416569101222,1202.9927791973269,1208.9707381739393,16422442
2023-12-07,1213.886474609375,1215.813191043024,1206.4511149904754,1215.3438750518303,8142096
2023-12-08,1213.2442626953125,1223.594423771572,1207.9333084760417,1217.2460531905654,10204894
2023-12-11,1215.022705078125,1219.098553135076,1211.5890153738967,1213.367615499601,7066138
2023-12-12,1197.5831298828125,1217.7894094868202,1195.6562927549994,1215.3439244936176,9197124
2023-12-13,1202.4739990234375,1204.6478570918039,1188.8137803209581,1196.570218805253,10031182
2023-12-14,1217.39404296875,1222.7297228698085,1206.7721356331074,1212.3795628682321,16972354
2023-12-15,1232.931884765625,1235.1056224147617,1220.3090811813895,1224.2366929375116,15932152
2023-12-18,1245.48046875,1252.3476075388428,1230.6344755328585,1232.9318442845902,14165188
2023-12-19,1263.809326171875,1271.6150959828576,1247.5552663727806,1262.2777471951172,16820604
2023-12-20,1248.518798828125,1283.9417239360823,1244.9864450577063,1270.207325538083,17736722
2023-12-21,1266.0079345703125,1271.4176728398502,1244.1218397625619,1248.44470925444,13765454
2023-12-22,1267.242919921875,1275.07341611771,1258.6465136069178,1264.5504141598008,16541784
2023-12-26,1273.66552734375,1280.5326657287192,1266.0819312708138,1268.7003790735205,7465664
2023-12-27,1278.0130615234375,1284.4602154795425,1271.2199815487345,1275.6169087042356,9204156
2023-12-28,1287.2515869140625,1290.4381347546032,1278.0130225533287,1279.4704228166715,12302636
2023-12-29,1277.074462890625,1291.4264140714613,1274.2831724837226,1289.9937398232034,10864584
2024-01-01,1279.6929931640625,1287.8941431135045,1271.244822078984,1274.9008072558752,4030540
2024-01-02,1290.2900390625,1291.920402508132,1271.1706293129728,1277.099135940161,7448800
2024-01-03,1276.25927734375,1301.3071935056118,1273.2455715878027,1289.450180352941,9037536
2024-01-04,1282.8546142578125,1289.376067708453,1274.1842702494187,1278.5811975278393,9612778
2024-01-05,1288.3138427734375,1294.3165279752034,1283.521657474919,1285.9424160498672,8086406
2024-01-08,1278.26025390625,1300.2944657165137,1269.1698042070248,1289.4502625359673,7734652
2024-01-09,1274.8758544921875,1287.8691880410897,1273.2454911635218,1284.5096770702141,5403074
2024-01-10,1309.2613525390625,1313.658280108081,1272.1834593214687,1273.146817539874,11102740
2024-01-11,1343.6961669921875,1346.2651626289091,1312.6702888458758,1313.6583733689063,23725852
2024-01-12,1354.3919677734375,1356.9609630954171,1329.714583957277,1343.6960023683716,15012164
2024-01-15,1377.51318359375,1379.8104316098675,1349.723309451493,1358.616069177015,8610594
2024-01-16,1358.2454833984375,1379.662260463631,1354.169635353321,1373.412554424991,9069024
2024-01-17,1345.35107421875,1369.7568331827044,1338.8791932605309,1343.30084717423,12197382
2024-01-18,1351.6500244140625,1354.663730119792,1335.1490629645289,1335.2972997496222,10279438
2024-01-19,1351.156005859375,1359.6041759840746,1342.8067406703178,1359.6041759840746,10422704
2024-01-23,1312.7442626953125,1355.4048574857818,1306.791150318716,1355.4048574857818,20055420
2024-01-24,1327.8619384765625,1333.4199132911328,1308.1497027138623,1319.314984194113,21919128
2024-01-25,1336.9522705078125,1347.895377764627,1319.2902616038493,1326.9479158139593,11808872
2024-01-29,1430.7957763671875,1435.192704047216,1343.9678528779282,1348.241269998228,23893438
2024-01-30,1390.852294921875,1442.5784888178382,1387.690473107798,1442.5537625848374,14093978
2024-01-31,1409.6258544921875,1417.159997760743,1385.7883192326594,1387.2704457772934,15130226
2024-02-01,1409.650634765625,1426.1515960154993,1401.1531330404457,1417.9011153905622,13349362
2024-02-02,1440.3306884765625,1457.3258137867138,1416.0980132616144,1416.0980132616144,19652588
2024-02-05,1421.878173828125,1452.9781061073709,1414.4675408489986,1443.3442832345067,8814432
2024-02-06,1410.7869873046875,1424.6695010773788,1402.9069175392074,1424.6695010773788,9047984
2024-02-07,1424.9659423828125,1432.2283386037336,1412.2196294925052,1418.8151411125152,9296568
2024-02-08,1432.845947265625,1442.0845126481563,1410.515263064875,1432.7224367107362,14694634
2024-02-09,1443.34423828125,1454.4354611714164,1433.660963243804,1436.6746688077615,12556798
2024-02-12,1435.04443359375,1443.5913882496639,1425.163589047209,1443.3443671360003,6674430
2024-02-13,1447.642333984375,1461.3767303535824,1436.674621997369,1438.1567484987418,7715594
2024-02-14,1463.7235107421875,1465.9714268487612,1440.1329959711338,1440.1329959711338,7117888
2024-02-15,1453.0770263671875,1467.0337197836,1449.050630318146,1465.6751036103208,10006782
2024-02-16,1443.17138671875,1459.4007219371786,1441.170612214809,1458.8819534815811,9767498
2024-02-19,1456.4364013671875,1461.8708655513933,1436.2053974591388,1444.6288410678121,6729828
2024-02-20,1453.4969482421875,1457.9186020207894,1444.3818933388152,1457.4492860314679,7117496
2024-02-21,1450.2115478515625,1470.7884795851646,1440.1825868389801,1456.4365283424868,12720292
2024-02-22,1464.0941162109375,1467.2559381666686,1440.6271108051608,1450.6561919754163,18493728
2024-02-23,1475.82763671875,1479.7059164315408,1465.6750448712426,1471.7517883622584,14438584
2024-02-26,1469.6026611328125,1476.7169415654328,1464.8352018923576,1475.753583346703,7513106
2024-02-27,1467.9476318359375,1482.0771665679397,1460.4382144226488,1465.3539102526265,10826044
2024-02-28,1438.2803955078125,1473.5056294891751,1432.8953836215212,1465.3292067243183,8647950
2024-02-29,1443.393798828125,1461.352161163495,1437.1935448412644,1447.5437052316252,23628976
2024-03-01,1474.345458984375,1482.1266237591103,1445.0734581651325,1446.061542580972,12132926
2024-03-04,1489.4384765625,1494.4282305064353,1469.503825173054,1472.7150995331629,10024420
2024-03-05,1482.3243408203125,1489.4386216961695,1468.3430414288637,1487.832984359659,7107668
2024-03-06,1485.0908203125,1491.0193265812127,1460.8827530485903,1475.6545662551582,7805676
2024-03-07,1461.3028564453125,1485.1897258668157,1457.968071396935,1485.0662153094684,8315726
2024-03-11,1449.1246337890625,1471.2577496463198,1446.0615961097308,1471.2577496463198,11277130
2024-03-12,1457.844482421875,1470.269595576354,1447.568380480176,1449.1245651727334,9432678
2024-03-13,1415.10986328125,1465.4279903850718,1410.7622676768488,1462.142657909758,13522134
2024-03-14,1414.4180908203125,1431.2649780682007,1408.514310659922,1422.5450608782721,18571102
2024-03-15,1401.3260498046875,1416.1473166057365,1396.0645483366263,1408.9589780840722,19223818
2024-03-18,1422.3228759765625,1424.5460660460144,1399.6463855144648,1403.0799549430176,9169392
2024-03-19,1408.267333984375,1420.4701525728194,1400.3626585436627,1411.7256294896865,8275764
2024-03-20,1426.546875,1427.7819805194806,1407.056934025752,1410.935092987457,8488806
2024-03-21,1433.685791015625,1440.5283239841642,1427.460931435626,1435.2173701383908,13006936
2024-03-22,1437.6875,1442.6031956703118,1430.1039041326171,1432.697625631682,19527608
2024-03-26,1424.3978271484375,1435.0939139473653,1421.853557874578,1427.7820647176966,11415906
2024-03-27,1475.061767578125,1482.1265951381042,1429.7581221098912,1430.74620650665,16326644
2024-03-28,1468.145263671875,1488.0057370987279,1461.0311038405712,1475.0865810929813,21854364
2024-04-01,1467.0830078125,1476.1733358521226,1464.8350917273362,1474.6912092837645,5013880
2024-04-02,1469.2320556640625,1476.198098955644,1457.4244952875333,1466.3172549197961,8910166
2024-04-03,1454.0650634765625,1466.7619246317818,1451.397283687729,1464.4152240453116,7008292
2024-04-04,1445.493408203125,1462.117879861305,1432.7223691832353,1462.117879861305,14490272
2024-04-05,1442.7020263671875,1453.274601948929,1438.6509043996564,1443.467815909923,7442298
2024-04-08,1468.2686767578125,1473.2090987059642,1443.5912932499484,1445.5427357963142,8357118
2024-04-09,1446.2098388671875,1472.0482715276003,1445.0735176190665,1471.2577557160955,7071414
2024-04-10,1461.945068359375,1469.281643980642,1448.8776750369068,1448.8776750369068,9138330
2024-04-12,1449.668212890625,1468.76289779902,1445.6416961431235,1458.289226116748,15551012
2024-04-15,1447.3707275390625,1464.4646364315843,1429.0911655763507,1443.591352839028,12902062
2024-04-16,1448.28466796875,1453.645073932083,1433.636365403093,1436.0323976352518,9366184
2024-04-18,1446.876708984375,1468.2934876101954,1441.9610129858208,1446.0615875622616,19005692
2024-04-19,1452.607666015625,1456.4364932961696,1425.8306012864564,1439.4167626045175,15741778
2024-04-22,1462.2166748046875,1465.1562017707047,1450.3103301575065,1454.9048261235944,10350362
2024-04-23,1441.9364013671875,1475.7042382593086,1438.2064787775075,1461.3770126451404,14605554
2024-04-24,1432.8953857421875,1451.051437133562,1432.2283805059903,1446.0615625184662,10462776
2024-04-25,1442.5784912109375,1450.483166375014,1424.3236561270523,1425.3117405225619,15943926
2024-04-26,1435.2420654296875,1447.5436681516292,1432.7224019248206,1446.5061312694434,9413848
2024-04-29,1447.568359375,1450.4091019997668,1432.7223672737166,1432.7223672737166,7247974
2024-04-30,1449.5198974609375,1465.403306850403,1445.4440490785064,1450.5079819172845,11474262
2024-05-02,1449.0751953125,1459.7217080112785,1446.6790424453916,1454.460206935621,14512646
2024-05-03,1416.9130859375,1457.3750954799905,1399.275802819383,1453.4722101911175,17226958
2024-05-06,1402.610595703125,1422.841600588335,1401.1037428015688,1418.3952205864964,7394208
2024-05-07,1384.775634765625,1403.8209867220144,1375.4135586957902,1399.1028593353728,14517472
2024-05-08,1401.647216796875,1415.8755361000522,1380.8479912935143,1380.8479912935143,9439002
2024-05-09,1377.51318359375,1406.7851843569276,1373.437335386219,1396.1632769069981,11009612
2024-05-10,1390.65478515625,1393.1990543318577,1371.535254832905,1380.106935558881,10505096
2024-05-13,1385.986083984375,1390.2101693574684,1367.5089520262873,1383.2195197456997,8456620
2024-05-14,1403.1539306640625,1410.070521585227,1383.342910466477,1384.2815424166113,7188300
2024-05-15,1399.3994140625,1412.9361236084007,1396.188139403763,1403.5740469957013,5046534
2024-05-16,1408.3660888671875,1410.4904944706304,1381.3667306256436,1401.6471872524828,14711774
2024-05-17,1418.5928955078125,1420.0750222861304,1396.4104463053004,1406.093722836626,10916476
2024-05-21,1419.0128173828125,1424.6448506468714,1408.6132041549795,1408.6132041549795,11176128
2024-05-22,1443.2454833984375,1451.2736690394956,1419.1609264752628,1419.1609264752628,10281604
2024-05-23,1468.3428955078125,1474.4442444107415,1437.6628261266358,1441.1705740518107,14608260
2024-05-24,1462.6119384765625,1470.7636348065282,1458.5113640783345,1465.9467233388211,7094776
2024-05-27,1448.77880859375,1467.2066075031105,1444.134859977049,1462.587264504762,6629010
2024-05-28,1438.8485107421875,1460.8828419616084,1435.4396676765145,1450.5079553599196,7820162
2024-05-29,1423.607421875,1440.6271526936466,1421.310053120064,1429.264181324664,7383556
2024-05-30,1407.8720703125,1423.2368313836507,1403.178669288835,1418.3951935729253,13206858
2024-05-31,1413.35595703125,1425.0647331073133,1405.3030450073677,1414.245257118902,31069832
2024-06-03,1492.32861328125,1496.4539141466187,1441.6152266357983,1465.3292536675044,21527942
2024-06-04,1380.625732421875,1480.1999676014107,1343.1032493273078,1480.1999676014107,36709098
2024-06-05,1403.8209228515625,1414.0970248192752,1367.6076051704213,1405.0560283617258,17464890
2024-06-06,1414.5416259765625,1426.4974232883105,1404.4137607114592,1417.9011371144834,17855722
2024-06-07,1452.4345703125,1454.4601915157414,1409.5023527154926,1411.478521453965,18558696
2024-06-10,1453.867431640625,1475.5558362929214,1450.5819785928986,1452.4346368701142,9251760
2024-06-11,1439.3179931640625,1456.1154291491666,1437.3418242246385,1451.4960860069511,11774902
2024-06-12,1445.8885498046875,1458.41256776401,1437.835758473946,1440.1330064471847,10081742
2024-06-13,1447.790771484375,1454.7073627830548,1442.7021123343332,1454.4603416652449,9181160
2024-06-14,1459.9442138671875,1462.0438933040555,1439.8613252368543,1452.4841280922399,8157998
2024-06-18,1463.3778076171875,1469.6768460329972,1453.8180422457062,1469.6273935638167,7196766
2024-06-19,1441.2694091796875,1469.7756214798555,1438.650961260282,1469.7756214798555,8725874
2024-06-20,1456.1400146484375,1465.181011544537,1432.8212456085912,1441.6152213906755,16113776
2024-06-21,1436.872314453125,1457.1280450509373,1423.4096642387256,1456.0659025463858,31170360
2024-06-24,1424.2989501953125,1432.2283517054532,1420.3713387903338,1428.3007403004744,8878386
2024-06-25,1436.822998046875,1438.576872033328,1423.8296636688654,1425.8058325289194,7045386
2024-06-26,1495.9844970703125,1500.875466568816,1427.905458276952,1428.8194845866847,22014882
2024-06-27,1512.312744140625,1519.1798830077462,1488.0552219900264,1495.7128766848623,28383030
2024-06-28,1546.7474365234375,1562.1615299634889,1512.782033239127,1512.782033239127,28957336
2024-07-01,1541.5599365234375,1560.5805616644209,1537.138282854078,1543.9066370278445,7724306
2024-07-02,1546.5250244140625,1554.750778666898,1538.4473863262538,1550.798441129772,7749246
2024-07-03,1533.927001953125,1556.2329594590622,1524.391963189475,1547.661278880494,9049620
2024-07-04,1535.5079345703125,1548.822348177101,1532.321386398175,1538.447461634288,6837176
2024-07-05,1569.695556640625,1579.4528899457323,1529.5546284867023,1535.3101717849263,12269710
2024-07-08,1581.8243408203125,1589.6302317071045,1563.6682899618515,1570.0661123316786,9500806
2024-07-09,1571.3260498046875,1581.4291893561121,1561.6675000170792,1578.5637202787966,6960002
2024-07-10,1565.3480224609375,1578.4648673124634,1544.5241914718106,1575.9946562525065,7134578
2024-07-11,1561.815673828125,1585.1344421846698,1551.786592769845,1568.5840280306456,11940946
2024-07-12,1577.6990966796875,1586.023756297877,1555.7389442164904,1565.619788574804,12924784
2024-07-15,1578.1932373046875,1586.7154660951303,1566.607970695329,1585.332123675554,5329688
2024-07-16,1557.4681396484375,1580.9351457176842,1550.4280378276635,1574.5125966882063,9386838
2024-07-18,1567.7689208984375,1574.9078068261192,1539.2625884242743,1557.2210712967385,12298374
2024-07-19,1536.6195068359375,1571.0294984478235,1534.2975325767013,1567.1018870092746,13140390
2024-07-22,1482.793701171875,1519.1798633102128,1481.4103587992008,1518.9328421942273,19674376
2024-07-23,1470.1707763671875,1487.8080584659276,1445.5674511277782,1483.1146576505776,18052044
2024-07-24,1477.8778076171875,1491.5134207568017,1458.8078508242754,1467.3053526491226,11913362
2024-07-25,1474.6173095703125,1482.5960435405543,1459.474842467878,1463.353122317903,12519876
2024-07-26,1491.044189453125,1494.4037007697482,1472.59166375446,1474.6172851615388,9859940
2024-07-29,1501.987060546875,1509.2989091727318,1493.7613062276428,1493.9341486268256,7538550
2024-07-30,1495.1199951171875,1506.8287716127938,1492.0075050067665,1498.9488223237445,8228208
2024-07-31,1487.4869384765625,1492.4519658681731,1483.2628537354879,1486.0788700242824,10057346
2024-08-01,1497.2445068359375,1499.9122867676688,1486.3755772216791,1493.983779705346,10764222
2024-08-02,1481.459716796875,1491.3405616106625,1475.4818780540024,1487.067144475012,10268248
2024-08-05,1430.079345703125,1466.2186085334113,1416.1721046606897,1462.3650548737628,17046704
2024-08-06,1438.7003173828125,1459.8946792000177,1434.0315221699125,1437.8110173129378,10236186
2024-08-07,1447.3707275390625,1454.954323788822,1444.0853950542364,1451.4960282823629,8174568
2024-08-08,1431.8577880859375,1447.5436277380477,1428.6959662921352,1440.1577210643813,12387192
2024-08-09,1456.73291015625,1458.9066476361847,1438.6509170052725,1442.603254689353,6249776
2024-08-12,1443.2208251953125,1455.4483700557605,1440.3800824499558,1452.4841167562581,8184584
2024-08-13,1446.1851806640625,1452.5582774619256,1440.6272053348387,1443.3444377180147,6265064
2024-08-14,1444.43115234375,1454.460233101401,1436.3782403810737,1446.1109681889411,6267466
2024-08-16,1460.58642578125,1462.7602840003062,1440.676620060605,1451.1502913945535,9416902
2024-08-19,1475.65625,1485.47150978375,1467.8238660907393,1469.8067419652286,13797742
2024-08-20,1483.1416015625,1491.0484162933285,1477.2674041310693,1484.4057091952604,8411808
2024-08-21,1485.8433837890625,1494.964564922092,1477.2426107826689,1480.464784262564,7769996
2024-08-22,1485.2979736328125,1493.6012664349316,1477.8869991875908,1490.1312336221058,10445782
2024-08-23,1487.1322021484375,1498.3849993365056,1485.5955458508122,1490.8749048344312,9249654
2024-08-26,1499.649169921875,1509.9601498448217,1490.1313888488291,1494.0723308917522,8816114
2024-08-27,1487.6031494140625,1500.516654009415,1486.6117113802566,1497.5671500638725,6251156
2024-08-28,1485.4716796875,1494.5680511870519,1480.2170096090344,1492.1142662167426,9610286
2024-08-29,1507.90283203125,1523.8401488737275,1481.2083164719252,1490.2303777286736,38335358
2024-08-30,1496.6995849609375,1526.5418444404818,1490.4534771750382,1520.865886117465,41620730
2024-09-02,1503.2679443359375,1513.7276641806195,1493.7253530981907,1497.9389648135596,11240852
2024-09-03,1496.203857421875,1509.9600595401412,1494.5927706873033,1508.2250430567562,10923800
2024-09-04,1501.5823974609375,1504.50709100704,1486.6612078847159,1487.850885016148,11983304
2024-09-05,1480.192138671875,1512.7113538076746,1474.3179410781217,1506.0439573959175,16264168
2024-09-06,1452.2830810546875,1484.182646260627,1449.110527949692,1479.721175380084,19394228
2024-09-09,1449.928466796875,1457.3395627288749,1443.1371406451965,1453.943839140462,9010298
2024-09-10,1449.011474609375,1459.446383962114,1445.0952218200862,1447.995226435091,10768260
2024-09-11,1439.072265625,1456.1745712275017,1435.1561339115874,1450.5234230036904,9760202
2024-09-12,1467.1298828125,1473.2767495080643,1433.4953029575859,1444.5250498204912,22349376
2024-09-13,1460.016357421875,1470.451266381587,1456.918113729867,1463.7590600068495,8711328
2024-09-16,1458.7523193359375,1468.2206009201684,1452.2088525514882,1464.8993077290233,5481774
2024-09-17,1459.6942138671875,1464.8248328952707,1454.0677548146177,1461.3796100548857,5935328
2024-09-18,1450.9197998046875,1469.3110219373734,1448.0447266088618,1457.413766699014,8574714
2024-09-19,1457.0916748046875,1463.8581906691413,1443.0876132109174,1453.6959512825117,16955902
2024-09-20,1473.2025146484375,1482.1997658201985,1458.7770437683578,1461.3795684407844,30897320
2024-09-23,1480.5887451171875,1488.6441789861601,1476.2015834923338,1478.2340798324108,8832314
2024-09-24,1476.6229248046875,1487.6526722077606,1475.1357678514642,1475.7554165819738,17137444
2024-09-25,1481.15869140625,1483.6869066134093,1467.5264194610884,1471.1948125268714,7069002
2024-09-26,1485.12451171875,1491.122760061236,1475.309372285805,1477.8870868947113,18818998
2024-09-27,1513.10791015625,1520.345334807694,1479.2254687210307,1486.1655345930462,20597478
2024-09-30,1463.9324951171875,1511.9181178232873,1461.7761901136828,1506.3908994638518,27008814
2024-10-01,1452.2830810546875,1475.2100841908111,1450.3002051077794,1467.9726595996829,16431642
2024-10-03,1394.928466796875,1436.9902726871705,1390.070396353704,1424.2750076222521,37757294
2024-10-04,1374.653564453125,1405.2145916660443,1369.9442340651563,1391.9046094477658,37072876
2024-10-07,1358.98876953125,1384.5431070803497,1349.7188488374588,1381.568793209071,22181340
2024-10-08,1385.3857421875,1389.004514771482,1353.4118695241307,1361.2194430814652,17020808
2024-10-09,1362.8306884765625,1388.979866453412,1360.7486928237201,1385.5594536683957,14310610
2024-10-10,1359.31103515625,1374.132983939481,1357.699948504806,1368.209166456891,22358646
2024-10-11,1360.35205078125,1371.4314188021033,1357.1050671377104,1358.2700551936466,7980122
2024-10-14,1360.7734375,1368.2587216327886,1356.5350159311083,1367.6390728953818,12221432
2024-10-15,1332.5174560546875,1359.9554295521655,1329.2208521541709,1346.8933067731043,33762794
2024-10-16,1342.4814453125,1352.3215164873245,1326.1723376036346,1328.5270030007441,20034438
2024-10-17,1344.811279296875,1356.7332239102464,1340.4737382347967,1354.0067695283685,15543660
2024-10-18,1347.66162109375,1356.70849216764,1329.840427555484,1340.5976258716714,12082452
2024-10-21,1357.4769287109375,1362.2358797577067,1346.1002013000875,1355.4197431686716,14067408
2024-10-22,1331.84814453125,1364.2186177698431,1328.749900940748,1357.4767913068545,15831960
2024-10-23,1327.064453125,1345.8521531156357,1323.5696102860716,1326.048205061888,17214742
2024-10-24,1328.3287353515625,1332.1952468902052,1311.7964576126847,1323.8424540123256,22155934
2024-10-25,1316.4808349609375,1332.8395608533488,1310.6809472586556,1331.996862815434,18597496
2024-10-28,1322.9251708984375,1341.4155124030337,1310.7800563182918,1325.552505604476,10824350
2024-10-29,1328.52685546875,1331.6994085045892,1308.995576227512,1316.728719636798,12008361
2024-10-30,1332.3935546875,1338.4413022928309,1314.0023313459362,1323.569732267355,11984423
2024-10-31,1320.64501953125,1331.5012170832633,1314.7955112005386,1328.5269031210519,9331650
2024-11-01,1327.1884765625,1330.4601492824747,1321.5868277686543,1321.6364480777281,2127335
2024-11-04,1291.0009765625,1328.52687951389,1274.0969107675833,1326.3952636738204,19796890
2024-11-05,1294.1240234375,1298.337634786513,1275.1379622128013,1281.9292880644173,16267479
2024-11-06,1314.0023193359375,1316.9271340293028,1289.0676296160968,1298.7837703539942,21625209
2024-11-07,1294.4710693359375,1312.6639327180499,1291.4471349781516,1312.6639327180499,9611974
2024-11-08,1272.7584228515625,1290.505185727704,1264.0833410989228,1286.5394340693545,19814406
2024-11-11,1261.802978515625,1274.9891511168566,1256.151830843746,1267.9994654475693,9056552
2024-11-12,1263.33984375,1278.2610337323058,1256.6476373969983,1264.6287615317467,10671091
2024-11-13,1241.3299560546875,1264.5295076822267,1238.8017408266169,1259.374078659472,14633633
2024-11-14,1256.746826171875,1261.7040163358736,1240.38809863068,1242.866693712679,12612633
2024-11-18,1249.9554443359375,1262.0014401044657,1233.24973843027,1256.7467703539512,13620611
2024-11-19,1231.0189208984375,1270.5276979121372,1224.5745744010292,1249.9553610165642,14183746
2024-11-21,1212.5286865234375,1233.299264427905,1206.8279179645579,1231.0190296194417,19433843
2024-11-22,1254.5655517578125,1257.9859641270039,1211.983221035894,1218.8737871048172,20471957
2024-11-25,1275.9805908203125,1293.2811339485756,1271.4694999174592,1278.9549045518283,28923341
2024-11-26,1284.606201171875,1286.737817131633,1273.2046638791435,1283.8626226527838,9247557
2024-11-27,1282.1275634765625,1292.6864023015983,1274.9892583407009,1282.4250432843673,9572746
2024-11-28,1259.91943359375,1285.4984608667178,1258.184417128475,1278.905374093644,15027412
2024-11-29,1281.1361083984375,1288.3736540571424,1264.3312830599236,1269.0406134614407,13202307
2024-12-02,1297.941162109375,1300.1222774340952,1266.1160245478172,1276.9722229086012,11024152
2024-12-03,1311.9698486328125,1315.4398813546288,1295.8093621182986,1305.7237413234882,16869482
2024-12-04,1297.74267578125,1317.0262168141671,1292.884726573221,1314.6467414933138,19608540
2024-12-05,1310.7305908203125,1318.5628538088617,1294.966703202915,1303.0964459866593,16858723
2024-12-06,1300.3204345703125,1312.5646685095264,1298.783657405313,1312.5646685095264,9037514
2024-12-09,1284.0609130859375,1303.7409326166044,1282.0284168341586,1291.8436769577456,14650002
2024-12-10,1273.8489990234375,1283.812998621138,1269.238788448007,1278.2113501165884,16043729
2024-12-11,1267.2559814453125,1278.9549980546296,1265.1244866020038,1273.9978081396894,11724373
2024-12-12,1252.0870361328125,1267.25596445406,1249.8066803924569,1259.1262215126183,20906813
2024-12-13,1261.951904296875,1264.2817595214547,1228.986588963027,1249.2119494931856,28630222
2024-12-16,1257.44091796875,1270.0321327010022,1255.7059013940218,1264.0835044447913,9486781
2024-12-17,1234.6376953125,1253.078416496042,1232.1591005022085,1250.2528426173371,17462791
2024-12-18,1242.5196533203125,1249.162239402372,1230.027558928225,1230.027558928225,12670179
2024-12-19,1219.914794921875,1234.2411461229626,1218.4772582835096,1228.3916379278016,14244653
2024-12-20,1194.980224609375,1228.8873545167635,1191.2127119418244,1213.5200660980383,20312896
2024-12-23,1211.834716796875,1216.6926661807136,1202.8125341694108,1204.5971709809228,10052824
2024-12-24,1212.28076171875,1222.9883400626134,1210.5457452942906,1211.834663048231,6734917
2024-12-26,1206.1339111328125,1217.1883476811242,1203.8535553911518,1213.767935093776,10016178
2024-12-27,1210.595458984375,1217.3867853075249,1206.5800865394056,1207.86900439277,7000397
2024-12-30,1200.333984375,1212.7269598518426,1197.756269680847,1205.9852538075309,8818766
2024-12-31,1205.043212890625,1208.6619856280877,1195.8229125326573,1197.6570485426987,6405475
2025-01-01,1210.7935791015625,1215.800389087432,1201.2261788160188,1204.4483521073844,5892590
2025-01-02,1231.167724609375,1233.7949384205442,1209.554328364606,1210.7936258321927,15486276
2025-01-03,1240.437744140625,1251.244443122699,1224.921714407087,1233.2498182568117,15521102
2025-01-06,1207.5714111328125,1251.1946805005002,1204.5970973122883,1243.213556672038,14816766
2025-01-07,1230.2257080078125,1233.8444805890147,1210.7935491517349,1211.5371275851955,10070505
2025-01-08,1254.664794921875,1260.167324257905,1234.6872949225542,1238.3060678446636,19346579
2025-01-09,1244.0067138671875,1258.8782824728921,1237.364128300027,1256.1518282285128,12794704
2025-01-10,1231.266845703125,1245.9896754309787,1225.4173374439545,1243.114481097643,8120332
2025-01-13,1229.234375,1234.5881643828388,1215.899582365329,1219.4687349455062,13764861
2025-01-14,1228.143798828125,1242.6187691440975,1216.742262047884,1233.4479678208604,13095266
2025-01-15,1241.478515625,1246.2374660533972,1231.2171573529768,1234.2905907014622,9578856
2025-01-16,1255.6065673828125,1264.0834104275011,1240.586378973141,1248.1212833322295,14117603
2025-01-17,1291.19921875,1314.6467509950228,1273.997794139219,1310.9288585996749,29366277
2025-01-20,1294.272705078125,1304.7324245206253,1289.1172758229052,1304.7324245206253,14040244
2025-01-21,1262.7945556640625,1301.7581181984158,1259.324522599558,1299.2795231523412,14562976
2025-01-22,1266.1654052734375,1271.9157939003728,1257.83730213362,1267.3552034506358,10273590
2025-01-23,1252.83056640625,1266.4132176584087,1250.7980702365203,1259.126173066555,8720682
2025-01-24,1235.6292724609375,1262.1006196074513,1232.8531975505623,1255.1605533566642,14235970
2025-01-27,1218.82421875,1229.8291557820492,1209.5542981292017,1228.4907387555406,9536019
2025-01-28,1223.8311767578125,1234.0925365684338,1208.0672872533735,1227.400329601704,10568025
2025-01-29,1224.921630859375,1232.1095562529247,1217.53546627882,1225.4173498520336,5928156
2025-01-30,1242.3214111328125,1246.237542749693,1221.8481926097397,1224.971246456504,9269259
2025-01-31,1254.2681884765625,1256.1519448799122,1238.306060895825,1245.09738698474,6584612
2025-02-01,1253.7724609375,1259.6715896071485,1230.374548522757,1254.2681799336815,7118453
2025-02-03,1235.232666015625,1245.2461659154887,1226.9541826685895,1240.2889757645512,9252345
2025-02-04,1274.196044921875,1277.7653184740125,1235.9265630557768,1237.3642207434832,16691069
2025-02-05,1267.2559814453125,1279.4507170461238,1265.7688244708304,1271.6679530846961,10112028
2025-02-06,1270.577392578125,1276.9721191435924,1259.4732145791813,1262.7945076095025,9956001
2025-02-07,1255.8544921875,1272.7089385364054,1251.1947819010975,1265.2236540965398,8764283
2025-02-10,1242.916259765625,1255.6562137259161,1234.8856362555493,1253.673337746878,6970972
2025-02-11,1224.2772216796875,1253.7230036544372,1219.567891058193,1253.7230036544372,8859714
2025-02-12,1206.1339111328125,1216.3952699200001,1183.1324776076385,1209.0089844264594,21131654
2025-02-13,1205.687744140625,1217.4858807075602,1201.622872489872,1206.629682868639,8511216
2025-02-14,1206.827880859375,1213.5200872227356,1195.1288642881832,1208.56289732395,10298145
2025-02-17,1214.412353515625,1216.9900679473901,1194.1869953911457,1200.7304615718228,8166683
2025-02-18,1214.908203125,1219.3696743222742,1205.6877809072391,1214.362863790828,6673250
2025-02-19,1216.9405517578125,1222.1952216847485,1207.125412159616,1209.0586678925579,6217338
2025-02-20,1222.4429931640625,1228.738599945727,1211.5371757067999,1213.4704313005311,7795582
2025-02-21,1217.634521484375,1229.3830367840985,1211.6858938870325,1218.1797397323817,6904025
2025-02-24,1204.1510009765625,1212.7764626626977,1200.1356289010387,1206.1338768607443,7172498
2025-02-25,1193.6912841796875,1210.5457292220917,1191.2126893205104,1200.6313497853835,11552182
2025-02-27,1196.7647705078125,1204.597154814102,1190.370043898487,1202.416039651657,11509215
2025-02-28,1189.82470703125,1206.9270123506615,1183.0830013175257,1191.7084634163882,23007298
2025-03-03,1161.2216796875,1196.1202465389174,1146.1022512006402,1193.6912720117396,17944938
2025-03-04,1151.9517822265625,1163.948157257321,1149.6219272411693,1152.2491409974891,11377373
2025-03-05,1165.5345458984375,1172.8712116641736,1147.0938223968292,1151.0595745918054,8664095
2025-03-06,1199.243408203125,1203.5561393973805,1175.002796955133,1186.75131332057,14468014
2025-03-07,1239.0992431640625,1244.0564330934674,1201.622838887705,1205.5885908312287,16474965
2025-03-10,1227.7967529296875,1247.2289120927182,1224.8224391488623,1234.3402190424754,11931051
2025-03-11,1236.62060546875,1238.801720552263,1219.2208210077197,1229.3830600118497,10089838
2025-03-12,1246.287109375,1252.1861167007874,1233.3487958636417,1247.2289270068015,11977555
2025-03-13,1237.215576171875,1253.326444606414,1233.2002036288977,1249.2615727756533,9505270
2025-03-17,1228.2427978515625,1246.6340190017775,1222.5420300210542,1231.5145912773855,16640917
2025-03-18,1228.2427978515625,1228.2427978515625,1228.2427978515625,1228.2427978515625,0
2025-03-19,1236.471923828125,1242.5196714129374,1228.1934407470596,1230.4241762433128,16162399
2025-03-20,1258.2835693359375,1262.1005814534499,1239.347127629136,1241.1316434245866,15971477
2025-03-21,1265.4217529296875,1270.0319634187874,1259.2252659887295,1264.0833359554676,21780769
2025-03-24,1290.9512939453125,1294.8179260458828,1273.254151243817,1279.9463572168718,20299319
2025-03-25,1274.4439697265625,1296.50346593687,1271.6183955406093,1296.50346593687,13713899
2025-03-26,1262.150146484375,1282.7224842048433,1257.8869148358597,1279.9464094999762,12074747
2025-03-27,1267.2559814453125,1273.9978081396894,1260.4151561828103,1267.2064821612498,15028056
2025-03-28,1264.1824951171875,1284.6557128160619,1258.1347478785124,1269.0405652360093,18147129
2025-04-01,1241.8751220703125,1266.9585500115554,1238.603449529153,1253.7723771839194,12099648
2025-04-02,1240.437744140625,1244.8000957785905,1233.2498182568117,1236.8685913550723,10142590
2025-04-03,1238.0086669921875,1241.08222182284,1222.4927580494818,1222.4927580494818,7434366
2025-04-04,1194.38525390625,1234.7863505024063,1182.9342181609516,1230.473619610667,17908652
2025-04-07,1155.7191162109375,1161.2216449878495,1105.304523000697,1122.5059464290011,22156106
2025-04-08,1172.0780029296875,1186.3547349162204,1153.3399207865864,1161.9653833278503,19555040
2025-04-09,1175.2010498046875,1179.613021672609,1157.9996241138485,1159.4867811653644,10223104
2025-04-11,1208.5133056640625,1212.1816988912137,1184.917153801556,1184.917153801556,11224242
2025-04-15,1229.4822998046875,1240.288998738938,1226.5079856590305,1240.288998738938,13378535
2025-04-16,1228.689208984375,1230.2754856402491,1218.477348782242,1223.5336585713449,8248464
2025-04-17,1263.5877685546875,1269.238916912585,1217.0893007676923,1229.5813957339365,15398401
2025-04-21,1284.4078369140625,1289.7616259352505,1256.1518559398821,1259.126169726638,10429964
2025-04-22,1280.144775390625,1292.7361113748846,1275.2868257139828,1288.8694787336528,13051707
2025-04-23,1288.869384765625,1294.8180126953125,1274.3944143417477,1285.8950708007812,10480888
2025-04-24,1290.4556884765625,1293.3308829080645,1279.2525115884996,1281.3345072026398,10468940
2025-04-25,1289.2659912109375,1313.85358083958,1277.071255478384,1292.3394247863746,14431012
2025-04-28,1357.0804443359375,1362.8307123815491,1308.8964585313056,1328.5269802313521,31104496
2025-04-29,1387.7156982421875,1398.8198762816546,1358.2700385179512,1359.2614765022709,32538970
2025-04-30,1392.9703369140625,1400.3070020394923,1357.2785702742715,1389.9960230274132,25480745
2025-05-02,1407.6436767578125,1414.4845019236116,1397.0352178747166,1401.8932881277126,13007841
2025-05-05,1419.0452880859375,1427.1750314493302,1414.6829365878357,1418.747808269532,12685649
2025-05-06,1408.7342529296875,1419.7391903256466,1398.5223933042987,1418.7477523435755,14084117
2025-05-07,1393.9617919921875,1412.2042749259901,1390.6899982666434,1408.7342420156256,13440169
2025-05-08,1394.9532470703125,1408.6351396947061,1386.030305191398,1392.0780527042998,16106175
2025-05-09,1365.4083251953125,1382.8577303043132,1362.731491083779,1373.637308764333,13668904
2025-05-12,1424.2005615234375,1426.6791563050656,1388.013077711669,1388.013077711669,10674081
2025-05-13,1403.57861328125,1435.304626683893,1400.3069407641844,1421.226256646525,11407896
2025-05-14,1412.204345703125,1417.6572548355593,1403.3805230837922,1407.8419941921477,5570160
2025-05-15,1441.7491455078125,1448.8875719918406,1400.6044669576877,1412.7992032271827,20177211
2025-05-16,1443.9302978515625,1448.4908883531898,1434.9082364412498,1440.757623701411,9036695
2025-05-19,1428.4638671875,1442.1456384779733,1425.886031660542,1439.667043567546,6195791
2025-05-20,1412.4024658203125,1432.6278240113834,1409.6265122020175,1425.88599760598,11270560
2025-05-21,1416.9630126953125,1423.9030780659657,1405.9580760983038,1411.708464386899,6136364
2025-05-22,1397.332763671875,1411.6094953044076,1384.9397884743898,1409.031659643212,12134466
2025-05-23,1414.5838623046875,1421.5239286750705,1394.5567410207764,1394.5567410207764,6474883
2025-05-26,1422.5152587890625,1428.6621258406371,1412.898237790455,1419.7391840414937,4842944
2025-05-27,1409.9239501953125,1424.696400543767,1401.794207036506,1413.8897021801247,12640414
2025-05-28,1400.8028564453125,1410.4197571984832,1398.621620102477,1407.9411620533203,5944611
2025-05-29,1405.660888671875,1407.842003929875,1396.5395861721686,1400.0096192804465,13771917
2025-05-30,1408.7342529296875,1418.3511529457182,1397.6300749154059,1405.8590585766528,13788484
2025-06-02,1401.5958251953125,1405.3633379328091,1383.650821945961,1400.0095486308933,8098668
2025-06-03,1393.466064453125,1414.2862617875367,1391.3840689247124,1410.1222707307113,11252626
2025-06-04,1411.3118896484375,1413.493004678654,1394.0608455067168,1402.5871874772963,8126827
2025-06-05,1430.0501708984375,1442.244785474372,1411.4110884077945,1415.7734397380668,13716817
2025-06-06,1431.140625,1439.0721282906131,1424.6962785763767,1428.6620302216834,8182161
2025-06-09,1436.3953857421875,1445.0208477095387,1432.9253528317358,1444.5251287223314,7885125
2025-06-10,1426.1834716796875,1441.4516401070769,1423.704876838395,1437.5850079496329,7913181
2025-06-11,1436.4945068359375,1456.0257865422643,1430.7441181682645,1433.4210733170682,8195700
2025-06-12,1429.2569580078125,1444.5251270006308,1422.1186530105915,1441.055094094315,8828114
2025-06-13,1415.67431640625,1423.2092208521976,1402.1907840779525,1411.8076840776937,9757276
2025-06-16,1425.489501953125,1430.050092219024,1412.204209506703,1414.6828043278585,8458093
2025-06-17,1418.9459228515625,1435.602128554236,1413.5922548276174,1435.602128554236,10366599
2025-06-18,1417.85546875,1430.4468040463896,1413.4931173168031,1417.7563491543892,6681735
2025-06-19,1421.028076171875,1427.5715425014369,1413.4930508573852,1417.8554020854735,10007230
2025-06-20,1453.6463623046875,1458.4053131642288,1415.8725983169522,1418.7477927518771,29010635
2025-06-23,1444.326904296875,1451.266970188698,1429.6535737155343,1440.5593915455418,5989078
2025-06-24,1438.378173828125,1462.3709229333156,1430.7440292763747,1452.4565437947847,16402744
2025-06-25,1454.737060546875,1459.7933702625824,1447.9952335758323,1451.4652666586912,7525851
2025-06-26,1482.4971923828125,1485.9672251547677,1452.55569413543,1456.5214458748073,14657893
2025-06-27,1502.425048828125,1508.9685148979506,1484.0834473001275,1486.5620421012081,11117052
2025-06-30,1487.7518310546875,1511.7447031481738,1483.191240482831,1500.838885203447,8409527
2025-07-01,1515.3138427734375,1518.2881567329412,1487.256099345396,1487.7518183386467,10368523
2025-07-02,1505.796142578125,1516.9002002088087,1495.7825215605471,1515.3139235508756,6361002
2025-07-03,1504.8045654296875,1518.783816287235,1500.0456148706696,1507.7788792727886,11283291
2025-07-04,1514.223388671875,1516.900223008299,1504.2097675037892,1510.9515946827762,6603501
2025-07-07,1528.3016357421875,1531.5734294639212,1511.9429091838053,1513.5291857359532,7251074
2025-07-08,1524.43505859375,1531.6726044702705,1517.0983931213486,1522.8487819842126,7171261
2025-07-09,1505.9942626953125,1537.7202774459709,1497.1704406377573,1523.5426661942138,8870660
2025-07-10,1504.209716796875,1511.6455019531181,1494.5928164048603,1506.688311848956,10047129
2025-07-11,1482.3980712890625,1502.0285923917668,1477.540121836759,1499.0542783474266,7234991
2025-07-14,1470.9964599609375,1487.1569471972039,1466.4358695278945,1479.4236826617216,10311846
2025-07-15,1472.6820068359375,1483.6869442622558,1469.7076928815193,1473.4750846086956,8132454
2025-07-16,1472.8802490234375,1478.234038357326,1458.9009976142222,1460.388154594461,10409983
2025-07-17,1463.759033203125,1476.845965908467,1461.2804382949055,1474.6648507992907,11854613
2025-07-18,1463.3624267578125,1472.0871292027396,1456.521480639079,1472.0871292027396,10296318
2025-07-21,1416.3682861328125,1463.362470991638,1410.9153771961905,1452.4566531183941,22442744
2025-07-22,1400.70361328125,1419.640054314783,1398.6214967228645,1415.178583447059,20396320
2025-07-23,1412.4024658203125,1413.7905031420296,1402.2898472373465,1413.7905031420296,8354596
2025-07-24,1390.8883056640625,1410.8161839876018,1384.0473596954969,1407.0486714179167,14740507
2025-07-25,1379.7841796875,1389.0046012536307,1372.2492752918665,1386.9226057137396,11854722
2025-07-28,1375.7193603515625,1395.746480796028,1373.1416457270684,1380.379191620021,7748361
2025-07-29,1404.966796875,1408.0402305383973,1371.1587845273314,1371.1587845273314,10750072
2025-07-30,1398.0267333984375,1411.1137879299629,1389.3021514025702,1405.9582375902166,7209849
2025-07-31,1378.2969970703125,1390.5908519212596,1370.365493427784,1376.215001569177,17065827
2025-08-01,1381.76708984375,1393.8627060383,1372.4476694796913,1375.025384070285,10321171
2025-08-04,1399.4146728515625,1403.975263237478,1379.7841529413568,1383.155066191865,6312820
2025-08-05,1379.7841796875,1398.918980991344,1376.2150271869518,1398.918980991344,9315972
2025-08-06,1380.8748779296875,1383.9483114870873,1371.456217044825,1379.9825595355662,5834312
2025-08-07,1377.50390625,1381.7670168023217,1354.3042341107182,1375.818389126872,9976705
2025-08-08,1356.0888671875,1385.2370458989403,1353.312792536344,1373.1415514013454,8793606
2025-08-11,1374.331298828125,1376.1159356273254,1349.5453489789295,1358.2700517359046,9997486
2025-08-12,1368.5810546875,1389.8969719255274,1363.4255044148417,1370.0682117041065,12244664
2025-08-13,1370.7620849609375,1379.8833867126677,1365.7057756228248,1376.115874093997,7457021
2025-08-14,1367.4774169921875,1374.3455639562076,1363.794372575189,1370.961308962897,7126128
2025-08-18,1375.3409423828125,1388.4802648218374,1370.6626218339861,1383.602791829514,11785109
2025-08-19,1413.564208984375,1414.460091190419,1382.7068811681168,1383.6027633741608,14384719
2025-08-20,1406.4969482421875,1418.342205158243,1403.510755146132,1406.4969482421875,8725641
2025-08-21,1418.24267578125,1425.3099750709036,1413.7633861810953,1418.4417067156319,11021323
2025-08-22,1402.71435546875,1416.84907536351,1401.4204113959267,1413.464698965694,5818868
2025-08-25,1406.0987548828125,1412.9670232567023,1399.230486508923,1408.1890657335161,5979407
2025-08-26,1378.5262451171875,1403.5107021083375,1375.241384232256,1401.519906786198,12145259
2025-08-28,1379.521728515625,1385.7926612650012,1360.2109883890075,1383.50331940736,13161813
2025-08-29,1350.9537353515625,1397.0406983353935,1343.7869203796088,1374.7437651325777,18758842
2025-09-01,1347.6689453125,1356.9260708455383,1334.430107544873,1349.759256141992,11232238
2025-09-02,1360.2109375,1378.128095842481,1348.2661652716795,1348.5648331807902,11517006
2025-09-03,1366.2828369140625,1370.1649121838109,1354.2385492379765,1363.3961593284287,7847563
2025-09-04,1353.0440673828125,1367.6763641601647,1350.8541196588233,1365.4865379446771,13223177
2025-09-05,1368.671875,1374.6442613636364,1353.0441792852228,1356.7271022727273,5777575
2025-09-08,1372.15576171875,1379.6212446443146,1366.0838599076599,1373.6488583038629,6986720
2025-09-09,1369.8662109375,1374.843199236951,1362.4007284883235,1370.2643943031567,9754452
2025-09-10,1370.66259765625,1382.1096709119122,1367.7759200987732,1377.5308659113482,7790815
2025-09-11,1376.9337158203125,1379.1235422027225,1368.6718661340626,1369.6672638548873,9766072
2025-09-12,1388.579833984375,1389.873899637371,1374.146566892781,1376.9337291414593,7403368
2025-09-15,1392.8599853515625,1394.3530818320328,1382.2091575524387,1386.5889315301856,5396697
2025-09-16,1398.8323974609375,1401.5199225726963,1391.7649767809332,1398.2350616507645,8686961
2025-09-17,1407.2933349609375,1409.6821922648512,1400.4250664409112,1400.5245819104894,7519417
2025-09-18,1408.4876708984375,1415.4554544293837,1404.2074124117412,1413.8628424954393,9332642
2025-09-19,1400.9227294921875,1410.4785229891424,1397.1401696768169,1408.3882121473878,13461373
2025-09-22,1384.199951171875,1404.2074196840813,1381.6119415772491,1397.4387885526373,7757970
2025-09-23,1383.40380859375,1388.5798281670254,1370.4636381520502,1384.5982372618869,14014702
2025-09-24,1376.635009765625,1389.5751797778832,1374.0470000648747,1378.9244730635044,5922759
2025-09-25,1366.0838623046875,1378.128150477363,1362.6994857374575,1374.942926360271,11411143
2025-09-26,1371.2598876953125,1376.3363918134596,1359.7132983361805,1365.685684712474,9879109
2025-09-29,1366.48193359375,1382.6073268149732,1361.7039763015719,1375.2413599514077,14231999
2025-09-30,1357.722412109375,1370.7620971908361,1356.5279835173724,1370.7620971908361,14604684
2025-10-01,1362.4007568359375,1372.255218175594,1356.4283707523282,1360.7086293823172,12045916
2025-10-03,1357.125244140625,1365.287456651113,1350.6551591113212,1356.926091696157,12842347
2025-10-06,1368.671875,1371.0608538471567,1352.7455113636363,1353.740909090909,12396580
2025-10-07,1378.4267578125,1389.47564777439,1369.5676941462978,1369.667209612737,11244040
2025-10-08,1361.1068115234375,1382.6073771032557,1358.2201339506064,1378.426755451918,8525081
2025-10-09,1371.458984375,1373.6488106871855,1362.7989515764332,1367.676424553763,8826633
2025-10-10,1375.3409423828125,1381.6119964455866,1368.7713419175536,1371.45898859096,6373084
2025-10-13,1368.671875,1371.3594002602317,1361.505059967041,1370.5631549835205,7600682
2025-10-14,1369.5677490234375,1381.612037149334,1363.7943936365562,1373.6488553790207,9768174
2025-10-15,1367.97509765625,1377.6304066718624,1366.382364141153,1376.6350089791804,10882743
2025-10-16,1391.8646240234375,1394.0544503152107,1368.671809484766,1368.7713249510273,12315932
2025-10-17,1410.279541015625,1416.7496262080865,1392.6609284325848,1394.5522084059296,19335561
2025-10-20,1460.04931640625,1467.0170999313523,1426.7034952504036,1433.3726108781723,24721978
2025-10-21,1458.4566650390625,1467.2162134241023,1453.2806455896807,1461.2438272093502,2066169
2025-10-23,1441.7340087890625,1476.0752283864208,1437.9514490416038,1468.2115624957596,18707090
2025-10-24,1444.9193115234375,1453.0816457634617,1434.3681199531734,1443.3266994671071,9700837
2025-10-27,1477.2696533203125,1478.16553552233,1451.289798512833,1456.266786847925,14113867
2025-10-28,1480.056884765625,1485.1333888036675,1470.79963742504,1477.26972256393,17631577
2025-10-29,1497.277099609375,1501.3583271895798,1481.2512217130793,1483.1425015536738,11884745
2025-10-30,1481.6494140625,1496.1821955688695,1477.1701246011085,1493.0964871305005,9318663
2025-10-31,1479.5592041015625,1490.6080945575152,1475.4780977270138,1483.540795005222,8758053
2025-11-03,1477.866943359375,1488.1195884585134,1472.4918928888083,1479.1610089962214,8452085
2025-11-04,1466.3203125,1485.9297198935935,1463.334119430687,1477.07065615293,10007806
2025-11-06,1489.2144775390625,1494.6891648996161,1469.406038969176,1477.1701896475465,16772678
2025-11-07,1471.19775390625,1491.5038906434634,1469.1074431042953,1487.7213309001133,7821765
2025-11-10,1482.44580078125,1494.0919049344996,1468.7092643110286,1471.0982430243503,7068438
2025-11-11,1486.5269775390625,1491.9021495222175,1473.3876547459602,1490.1103850249956,7127506
2025-11-12,1504.5435791015625,1517.6827797499902,1493.0965058897411,1498.0734942427068,12384459
2025-11-13,1503.9464111328125,1515.0948167835015,1499.8653048593553,1508.0275174062697,7196443
2025-11-14,1511.9095458984375,1513.900341239272,1498.5711928131457,1498.5711928131457,7682823
2025-11-17,1511.3123779296875,1516.6874283079178,1504.5436249599409,1513.900387650411,5871416
2025-11-18,1512.4072265625,1520.7685911952462,1503.5481631005248,1514.696568271851,11045042
2025-11-19,1511.9095458984375,1515.2939222795571,1505.0412776708577,1510.4164493928117,5692366
2025-11-20,1541.9705810546875,1543.7623455509595,1519.6736478639639,1522.9585089376258,18171724
2025-11-21,1539.4820556640625,1550.6305827884978,1533.0119706260582,1533.9078528560988,9615271
2025-11-24,1528.831298828125,1542.8663816107544,1524.7501927010492,1542.8663816107544,18433951
2025-11-25,1532.61376953125,1552.4222077972818,1518.0809876078647,1528.8313312270848,15033482
2025-11-26,1562.6748046875,1564.3669320995493,1533.4100892950657,1535.2018536795324,14054299
2025-11-27,1556.2047119140625,1568.2489991897637,1548.8387449947777,1567.7513003642512,9794643
2025-11-28,1560.285888671875,1574.0224254817672,1555.806599039324,1560.7835875199362,8959508
2025-12-01,1558.892333984375,1570.2398922139623,1556.403839701944,1567.7513979315313,8920233
2025-12-02,1539.1834716796875,1560.2858537619331,1534.9032130787248,1553.9152843475838,11389150
2025-12-03,1531.718017578125,1545.2554018922647,1525.9446623591427,1538.0884656023031,6090883
2025-12-04,1528.53271484375,1553.3181423785347,1510.6155558800758,1528.9308982335338,11867930
2025-12-05,1533.5096435546875,1538.685784402705,1513.6016899280953,1523.356635808528,10183266
2025-12-08,1535.898681640625,1543.861863398969,1527.9354998822807,1532.1161217020071,11301491
2025-12-09,1522.3612060546875,1535.4008911036892,1513.1039592099478,1533.211064854301,11503971
2025-12-10,1529.8267822265625,1540.3779737710465,1524.3520947592017,1526.9401045329791,7991629
2025-12-11,1537.889404296875,1542.8663926602953,1516.9860531705099,1529.826707449835,4706197
2025-12-12,1549.3365478515625,1552.62140892391,1538.9843872841,1543.6628294631555,5106655
2025-12-15,1549.037841796875,1551.4268205626304,1539.3825327747268,1544.060853330096,5774543
2025-12-16,1535.201904296875,1544.5585453663573,1531.7180123854912,1537.8894294536826,11731856
2025-12-17,1537.292236328125,1542.8664391614582,1532.2157323461342,1542.8664391614582,7116649
2025-12-18,1537.292236328125,1544.3595357154854,1528.1345045583196,1528.1345045583196,6580829
2025-12-19,1557.8968505859375,1566.9549449740825,1543.8617679066683,1547.2461442463334,13937275
2025-12-22,1568.1495361328125,1570.2398469681211,1558.0960438231807,1566.2582562309594,10184852
2025-12-23,1563.4710693359375,1573.6241984599117,1560.8830596994947,1573.6241984599117,7506564
2025-12-24,1551.0286865234375,1568.448146711295,1546.4498812900458,1565.4619535362338,8815745
2025-12-26,1552.0240478515625,1553.8158123179846,1547.1466963201515,1547.5447581940155,2311495
2025-12-29,1538.4866943359375,1550.9291658570105,1536.495898892566,1547.7439417510202,5972105
2025-12-30,1532.71337890625,1546.449793829553,1530.7225835687998,1539.8801935176687,8815884
2025-12-31,1563.172607421875,1569.7422080874378,1533.9078900841737,1533.9078900841737,5771830
